source_type,season,source_file,pdf_page,printed_page,kind,name_verbatim,name_latin,role,troupe_city,dates,length,relevance,tier_basis,evidence_verbatim,evidence_english,author,portrait,notes,see_also
section,1890-91,1890-91_Feature_Miscellaneous.pdf,1,309,section_heading_only,,,,,,,none,,,,,no,"Section heading «Смѣсь.» at top of p.309; section runs pp.309-323, ends with ornament on p.323 (complete in scan).",
section,1890-91,1890-91_Feature_Miscellaneous.pdf,1-3,309-311,other,,,,,,c. 2.5 pp,mentions,reader,программы балетовъ,ballet programmes (to be collected in Dept. IV),,no,"Article: Центральная Библіотека Императорскихъ театровъ (Central Library, founded end of 1889; holdings, 4 departments, catalogues, staff). Only ballet mention: Dept IV to collect opera libretti and ballet programmes. Photo of library.",
section,1890-91,1890-91_Feature_Miscellaneous.pdf,3-4,311-312,other,,,,,,c. 1 p,none,,,,,no,Article: Фотографія Императорскихъ театровъ (Directorate photographic studio opened Oct 1890 in right wing of Mariinsky theatre). 2 photos.,
section,1890-91,1890-91_Feature_Miscellaneous.pdf,4-8,312-316,other,,,,,,c. 3 pp + 2 plates,none,,,,,no,"Article: Главные склады монтировочнаго инвентаря Дирекціи ... въ С.-Петербургѣ (main costume/props/arsenal stores, Tiuremnyi pereulok; inventory figures). Full-page plates p.313 (wardrobe store) and p.314 (arsenal). Mentions трико (tights) among stored items only.",
section,1890-91,1890-91_Feature_Miscellaneous.pdf,8-10,316-318,memorial_feature,"Щепкинъ, М. С.","Shchepkin, M. S.",drama actor (long deceased),Moscow drama (Maly),,c. 1 p + plate,none,,,,,yes,"Article: Портретъ М. С. Щепкина въ Московскомъ Маломъ театрѣ — Repin portrait of Shchepkin, given autumn 1890 to the Society for aid to needy stage workers and bought by the Directorate for the Maly theatre foyer (3000 rub.); photos sold for the Society. Memorial/commemorative only in a broad sense (not a death notice). Full-page plate p.317.",
section,1890-91,1890-91_Feature_Miscellaneous.pdf,10-12,318-320,memorial_feature,"Куликовъ, Н. И.","Kulikov, N. I.","drama actor, régisseur, playwright",SP drama,d. 1891,c. 2.5 pp,mentions,reader,"«Представленіе Эсмеральды въ провинціи», ком. въ 3 д.","one of his original plays is a comedy titled ""A performance of Esmeralda in the provinces""",,no,"Article: Списокъ драматическихъ произведеній Н. И. Куликова — supplement to his obituary (cross-ref «см. стр. 288»): 55 original + 79 translated works. Ballet link is only the Esmeralda comedy title (tenuous; presumably parodying the ballet). Other titles with «балъ»/«пляшетъ» refer to balls/dancing, not ballet.",1890-91 obituary p. 288-289
section,1890-91,1890-91_Feature_Miscellaneous.pdf,12-14,320-322,other,,,,,,c. 2 pp,none,,,,А. Петровъ,no,"Article: Станокъ качающейся лодки (stage rocking-boat rig), with 3 diagrams.",
section,1890-91,1890-91_Feature_Miscellaneous.pdf,14-15,322-323,other,,,,,,c. 1.5 pp,none,,,,А. Петровъ,no,"Article: Механизмъ для поворота лодки на сценѣ (boat-turning mechanism), with plan.",
section,1890-91,1890-91_Obituaries.pdf,1,283,section_heading_only,,,,,,,none,,,,,no,Section heading «Некрологи.» at top of p.283; section runs pp.283-298 and ends with a closing ornament on p.298 (complete in scan). Entries are alphabetical.,
section,1890-91,1890-91_Obituaries.pdf,1,283,obituary,"Алексѣева, Наталья Александровна","Alekseeva, Natal'ia Aleksandrovna",ballet artist (corps de ballet dancer),SP ballet,b. 4 Nov 1865 Moscow; d. 25 May 1891 (consumption); service from 1883,8 lines,core,reader,определена на службу въ С.-Петербургскую балетную труппу кордебалетной танцовщицей,appointed to the St Petersburg ballet troupe as a corps de ballet dancer,,yes,"Trained at the Moscow theatre school, then joined SP ballet.",
section,1890-91,1890-91_Obituaries.pdf,1,283,obituary,"Ананьевъ, Иванъ Павловичъ","Anan'ev, Ivan Pavlovich","prompter (former), Russian drama",SP drama,b. 1843 Sevastopol; served 1 Jun 1882-1 Jun 1883; d. July 1891 Ekaterinoslav,8 lines,none,,,,,yes,,
section,1890-91,1890-91_Obituaries.pdf,1-2,283-284,obituary,"Аристова, Анна Васильевна","Aristova, Anna Vasil'evna","opera singer, later vaudeville actress (former)","Moscow opera, then drama",b. 1856; service 28 Jun 1874-Nov 1882; d. 13 Oct 1890 Moscow (heart rupture),13 lines,none,,,,,no,Later acted on private Moscow stages under the surname Доброва. Moscow theatre school graduate; no dance mentioned.,
section,1890-91,1890-91_Obituaries.pdf,2,284,obituary,"Бондыревъ, Алексѣй Никитичъ","Bondyrev, Aleksei Nikitich",ballet artist (figurant),Moscow ballet,b. 7 Mar 1849 Moscow; entered 10 May 1869; d. 4 Feb 1891 Moscow,9 lines,core,reader,поступилъ на службу Дирекціи фигурантомъ въ балетную труппу,entered Directorate service as a figurant in the ballet troupe,,yes,,
section,1890-91,1890-91_Obituaries.pdf,2-3,284-285,obituary,"Бутенко, Иванъ Филипповичъ","Butenko, Ivan Filippovich",opera singer (bass),Moscow opera,b. 1852; Bolshoi debut 30 Aug 1885; d. 6 Feb 1891 (diphtheria),c. 30 lines,none,,,,,yes,,
section,1890-91,1890-91_Obituaries.pdf,3-4,285-286,obituary,"Васильевъ, Василій Михайловичъ","Vasil'ev, Vasilii Mikhailovich",opera singer (second tenor),SP Russian opera,b. 19 Dec 1837; served from 27 Mar 1857 (34 years); d. 8 Apr 1891 SP (apoplexy),c. 1 p,none,,,,,yes,Portrait caption reads «В. М. Васильевъ 2-й».,
section,1890-91,1890-91_Obituaries.pdf,4,286,obituary,"Всеволожской, Николай Дмитріевичъ","Vsevolozhskoi, Nikolai Dmitrievich",official for special assignments to the Director,administration (SP),b. 18 Oct 1860; service from 1 Aug 1887; d. 4 Jun 1891 Paris,9 lines,none,,,,,no,Spelling Всеволожской (not -скій) as printed.,
section,1890-91,1890-91_Obituaries.pdf,4,286,obituary,"Горшковъ, Викторъ Адріановичъ","Gorshkov, Viktor Adrianovich","musician (trumpeter), opera orchestra",Moscow opera orchestra,entered 19 Jan 1853; d. 12 Aug 1891 aged 58,9 lines,none,,,,,no,"Moscow theatre school graduate; orchestra identified as opera, no ballet mention.",
section,1890-91,1890-91_Obituaries.pdf,4-5,286-287,obituary,"Градовъ-Соколовъ, Леонидъ Ивановичъ","Gradov-Sokolov, Leonid Ivanovich","drama actor (comic), former",SP drama,b. 12 Apr 1846 Novorzhev; d. 28 Nov 1890 Moscow,c. 20 lines,none,,,,,yes,SP theatre school graduate; no dance mentioned.,
section,1890-91,1890-91_Obituaries.pdf,5-6,287-288,obituary,"Дюжиковъ (Ирошниковъ), Павелъ Николаевичъ","Diuzhikov (Iroshnikov), Pavel Nikolaevich","opera singer (tenor), former",SP Russian opera,b. 24 Oct 1836 Buturlinovka; served from 29 Mar 1860; retired 20 Aug 1885; d. 25 Nov 1890 SP,c. 25 lines,none,,,,,yes,Ирошниковъ in parentheses = real surname or stage name (as printed).,
section,1890-91,1890-91_Obituaries.pdf,6,288,obituary,"Казаковъ, Александръ Дмитріевичъ","Kazakov, Aleksandr Dmitrievich",drama actor,SP Russian drama (earlier Moscow drama),d. 16 Mar 1891 aged 54,8 lines,none,,,,,no,,
section,1890-91,1890-91_Obituaries.pdf,6,288,obituary,"Карпова, Марія Ивановна","Karpova, Mariia Ivanovna",opera chorister,SP Russian opera,b. 1844; entered 15 Dec 1870; d. 17 Apr 1891 SP,4 lines,none,,,,,no,,
section,1890-91,1890-91_Obituaries.pdf,6,288,obituary,"Кашликовъ, Николай Егоровичъ","Kashlikov, Nikolai Egorovich","chief wigmaker, French troupe",SP French troupe,b. 1813; entered 1 Sep 1856; d. 31 May 1891 SP,9 lines,none,,,,,no,,
section,1890-91,1890-91_Obituaries.pdf,6-7,288-289,obituary,"Куликовъ, Николай Ивановичъ","Kulikov, Nikolai Ivanovich","drama actor, régisseur, playwright (former)",SP Russian drama (earlier Moscow orchestra and drama),graduated 12 Jun 1830; pension from 21 Jun 1850; left 21 Jul 1852; d. 25 Apr 1891 SP aged 79,c. 25 lines,none,,,,,yes,Began as cellist in Moscow orchestras. Footnote: list of his works printed in Смѣсь section (see Miscellaneous p.318-320 row).,1890-91 memorial_feature p. 318-320
section,1890-91,1890-91_Obituaries.pdf,7,289,obituary,"Ламберъ-Робине, Жозефъ-Александръ (Lambert-Robinet, Joseph-Alexandre)","Lambert-Robinet, Joseph-Alexandre","prompter, French troupe",SP French troupe,entered 1 Sep 1866; 25-year benefit 22 Apr 1891; d. 2 May 1891 aged 68,7 lines,none,,,,,no,,
section,1890-91,1890-91_Obituaries.pdf,8,290,obituary,"Литавкинъ, Спиридонъ[?] Александровичъ","Litavkin, Spiridon Aleksandrovich","ballet artist (figurant, coryphée, soloist); dance teacher",Moscow ballet; Moscow theatre school,b. 10 Dec 1835 Moscow; entered 17 Sep 1855; pension 1875; left 1 Oct 1883; d. 22 Oct 1890 Moscow,15 lines,core,reader,поступилъ на службу въ Московскую балетную труппу фигурантомъ ... въ солисты ... преподавателемъ танцевъ при Императорскомъ Московскомъ театральномъ училищѣ,"entered Moscow ballet as figurant, rose to soloist; taught dance at the Moscow theatre school (from 1877), later private dance teacher at 1st Moscow Cadet Corps",,yes,"Given name and patronymic in the heading are badly printed (broken type): reads «Спиридокъ А.ексаидровичъ»; Спиридонъ Александровичъ is the evident reading, consistent with caption «С. А. Литавкинъ».",
section,1890-91,1890-91_Obituaries.pdf,8,290,obituary,"Лицъ, Марія Семеновна","Lits, Mariia Semenovna",ballet artist,SP ballet,b. 1 Aug 1864 Peterhof; entered 16 May 1882; sick leave 30 Sep 1890; d. 18 Oct 1890 Voronezh,9 lines,core,reader,артистка С.-Петербургской балетной труппы,artist of the St Petersburg ballet troupe,,yes,Portrait caption reads «М. С. Лицъ 1-я». SP theatre school graduate.,
section,1890-91,1890-91_Obituaries.pdf,8,290,obituary,"Лойко, Иванъ Фелиціановичъ","Loiko, Ivan Felitsianovich","violinist, opera orchestra",Moscow opera orchestra,"entered 28 Apr 1878; d. 4 Jun 1891 aged 42, Bogorodskoe",6 lines,none,,,,,no,,
section,1890-91,1890-91_Obituaries.pdf,9,291,obituary,"Монталанъ, Селина (Celine Montalant)","Montalant, Céline","actress (former), French troupe",SP French troupe,b. 10 Aug 1843 Belgium; served 1 Sep 1882-1 May 1884; d. 30 Dec 1890 Paris,c. 20 lines,none,,,,,yes,«Celine» printed without accent.,
section,1890-91,1890-91_Obituaries.pdf,9,291,obituary,"Максимовъ (Лоскутовъ), Михаилъ Андреевичъ","Maksimov (Loskutov), Mikhail Andreevich","drama actor (jeune premier), former; earlier prompter",SP drama (earlier Moscow drama),graduated 8 Aug 1839; SP 1 May 1853-24 Apr 1864; d. 7 Dec 1890 Yalta,10 lines,none,,,,,no,Out of alphabetical order (after Монталанъ) as printed.,
section,1890-91,1890-91_Obituaries.pdf,9-10,291-292,obituary,"Недремская, Александра Григорьевна","Nedremskaia, Aleksandra Grigor'evna","ballet artist (second dancer, first category)",SP ballet,b. 6 Mar 1863 SP; entered 26 May 1881; d. 9 Jun 1891 Pargolovo (heart rupture),9 lines,core,reader,Занимала амплуа второй танцовщицы перваго разряда,held the rank of second dancer of the first category,,yes,,
section,1890-91,1890-91_Obituaries.pdf,10,292,obituary,"Никифоровъ, Михаилъ Никифоровичъ","Nikiforov, Mikhail Nikiforovich","wigmaker, ballet troupe",SP ballet (staff),b. 1832; entered 1 Sep 1861; wigmaker from 30 May 1878; d. 18 Jan 1891 SP,10 lines,core,reader,парикмахеръ С.-Петербургской балетной труппы,wigmaker of the St Petersburg ballet troupe,,no,Ballet-troupe staff (not a performer); core by attachment to the ballet troupe.,
section,1890-91,1890-91_Obituaries.pdf,10-11,292-293,obituary,"Новиковъ, Никифоръ Ивановичъ","Novikov, Nikifor Ivanovich","drama actor, former",SP Russian drama,b. 9 Feb 1837 Saratov; served 1 May 1878-1 Jun 1882; d. 22 Aug 1890 Moscow,c. 30 lines,none,,,,,yes,,
section,1890-91,1890-91_Obituaries.pdf,11-12,293-294,obituary,"Орловъ (Засѣдателевъ), Александръ Андреевичъ","Orlov (Zasedatelev), Aleksandr Andreevich","drama actor/prompter, assistant régisseur (former)",SP Russian drama,entered 10 Dec 1869; pension 30 Mar 1890; d. 27 Mar 1891 SP aged 45,c. 25 lines,none,,,,,yes,"Educated at SP Reformed (реформатское) school, not the theatre school.",
section,1890-91,1890-91_Obituaries.pdf,12,294,obituary,"Петровъ (Дебуаръ), Егоръ Іосифовичъ","Petrov (Debuar), Egor Iosifovich","drama actor (character roles), former",SP then Moscow drama,SP debut 14 Dec 1861; Moscow from 15 May 1863; left 1 Jul 1883; d. early 1891 Gatchina,c. 18 lines,none,,,,,yes,,
section,1890-91,1890-91_Obituaries.pdf,12-13,294-295,obituary,"Потѣхина, Раиса Алексѣевна","Potekhina, Raisa Alekseevna",drama actress,Moscow drama (Maly),"entered 3 Mar 1885; d. 3 Sep 1890, Kostroma province, under 30",c. 20 lines,none,,,,,yes,Daughter of the writer A. A. Potekhin.,
section,1890-91,1890-91_Obituaries.pdf,13-14,295-296,obituary,"Роллеръ, Андрей Адамовичъ","Roller, Andrei Adamovich","chief machinist and scene painter (decorator), former",SP Imperial theatres (all troupes),b. 22 Jan 1805 Regensburg; entered 1 Jan 1834; retired 24 Apr 1879; d. 8 May 1891 SP aged 86,c. 1.5 pp,core,reader,"декораціи ... къ балетамъ—«Кесарь въ Египтѣ» (1834 г.), «Сильфида» (1835 г.) ... «Жизель» (1843 г.), «Пахита» (1847 г.)","designed scenery for many ballets (Kesar v Egipte, La Sylphide, Gitana, Giselle, Paquita, Satanilla, Faust, Armida, Zolotaia rybka etc.) as well as operas",,yes,"Borderline core/mentions: theatre-wide chief machinist-decorator (opera too), but the printed list of his scenery is dominated by ballets (c. 17 ballet titles 1834-1866) plus stage machinery; core under ""ballet designer/machinist"". Academician of perspective painting.",
section,1890-91,1890-91_Obituaries.pdf,14-15,296-297,obituary,"Селезневъ, Алексѣй Алексѣевичъ","Seleznev, Aleksei Alekseevich",opera chorister,Moscow opera,b. 1853 Moscow; entered 21 Sep 1878; drowned 20 May 1891 near Bogorodskoe,5 lines,none,,,,,no,"«утонулъ въ Швейцарскомъ пруду» (a pond so named) near Bogorodskoe, Moscow district.",
section,1890-91,1890-91_Obituaries.pdf,15,297,obituary,"Славинъ, Александръ Александровичъ","Slavin, Aleksandr Aleksandrovich",drama actor,SP Russian drama,b. 9 Jan 1864; entered 16 May 1882; d. 28 Jan 1891 SP (consumption),9 lines,none,,,,,yes,Son of the tragedian Александръ Павловичъ Славинъ. SP theatre school graduate.,
section,1890-91,1890-91_Obituaries.pdf,15,297,obituary,"Соллогубъ, графъ Ѳедоръ Львовичъ","Sollogub, Count Fedor L'vovich",costume designer (official attached to Directorate),Moscow / administration,b. 9 Feb 1848; attached to Directorate from 18 Oct 1889; d. 29 Oct 1890,c. 20 lines,none,,,,,no,"Costume designs for opera «Мазепа», all classical plays, «Гамлетъ»; taught make-up in private Moscow drama schools. No ballet named.",
section,1890-91,1890-91_Obituaries.pdf,16,298,obituary,"Соловьевъ, Илья Епифановичъ","Solov'ev, Il'ia Epifanovich","cornet à piston, Alexandrinsky theatre orchestra",SP drama orchestra,b. 1840; entered 1 Sep 1868; pension 1 Sep 1888; d. 9 Oct 1890 SP,7 lines,none,,,,,no,"[SOURCE CONFLICT: Roster (musicians_1890-91_SP_p005, p. 80) prints «† 4 октября 1890 г.»; this obituary prints «9 октября 1890 г. скончался».]",
section,1890-91,1890-91_Obituaries.pdf,16,298,obituary,"Спиро, Максимиліанъ Іосифовичъ","Spiro, Maksimilian Iosifovich","executor (экзекуторъ), Moscow Office of Imperial theatres",Moscow administration,b. 16 Sep 1805; entered 27 Apr 1861; d. 21 Jul 1891 Moscow,12 lines,none,,,,,no,In 1862 temporarily acted as inspector of externs of the Moscow theatre school (administrative; no dance teaching).,
section,1890-91,1890-91_Obituaries.pdf,16,298,obituary,"Фишкинъ, Іосифъ Сергѣевичъ","Fishkin, Iosif Sergeevich","cellist, opera orchestra",Moscow opera orchestra,entered 1 Feb 1878; d. 8 Jul 1891 Tarasovka,5 lines,none,,,,,no,,
review,1890-91,review_1890-91_SP_all_p047,block 2,167,departure,г-жа Стрепетова,Strepetova,"drama actress, St Petersburg",SP,after 15 Nov 1890,notice in season review,none,,"Вскорѣ пьеса сошла съ репертуара, такъ какъ г-жа Стрепетова оставила службу.",The play soon left the repertoire because Strepetova left the service.,,no,normalised name: г-жа Стрепетова,
review,1890-91,review_1890-91_SP_all_p075,block 5,195,farewell,Жуковой 1-й,Zhukova 1st,"ballet dancer, St Petersburg",SP,20 Feb 1891,notice in season review,core,reader,Послѣдующія же (третье и четвертое) представленія того же балета были даны въ прощальные бенефисы г-жи Жуковой 1-й (20 февраля),The 3rd performance of Calcabrino was given at the farewell benefit of Mme Zhukova 1st (20 February).,,no,"normalised name: Жукова 1-я; also listed as having left service, SP_all_p084 #5",
review,1890-91,review_1890-91_SP_all_p075,block 5,195,farewell,Карсавина,Karsavin (Platon),"ballet dancer, St Petersburg",SP,2 Mar 1891,notice in season review,core,reader,Послѣдующія же (третье и четвертое) представленія того же балета были даны въ прощальные бенефисы г-жи Жуковой 1-й (20 февраля) и г. Карсавина (2 марта).,The 4th performance of Calcabrino was given at the farewell benefit of Mr Karsavin (2 March).,,no,"normalised name: Карсавинъ; also listed as having left service, SP_all_p084 #5",
review,1890-91,review_1890-91_SP_all_p083,block 1,203,jubilee,Ламбера,Lambert,"prompter (суфлеръ), French troupe",SP,22 Apr 1891,notice in season review,none,,"въ бенефисъ суфлера Ламбера, данный ему за 25-лѣтнюю службу.",Benefit given to the prompter Lambert for 25 years of service.,,no,normalised name: Ламберъ; his death is reported on SP_all_p084 #6,
section,1891-92,1891-92_Feature_Ioganson.pdf,1-3,248-250,biographical_feature,"Іогансонъ, Христіанъ Петровичъ","Ioganson (Johansson), Khristian Petrovich","ballet artist (premier danseur, retired from stage 1884); teacher of the senior girls' ballet class (classe de perfection), Theatre School",SP ballet / SP Theatre School,"50 years' service, celebrated October 1891 (debut 31 October 1841); jubilee benefit 8 December 1891; portrait flanked «1841 г.» / «1891 г.»; born Stockholm 20 May 1817",3 pp,core,reader,праздновавшій въ октябрѣ 1891 года полвѣка служенія своего хореографическому искусству при С.-Петербургскихъ театрахъ,celebrated in October 1891 half a century of service to the choreographic art at the St Petersburg theatres,unsigned,yes,"[Printed as a stand-alone article, not under a Юбилеи/Некрологи heading; occasion: a jubilee.] Heading verbatim: «Христіанъ Петровичъ Іогансонъ.»; no occasion subtitle on the page itself (the 50-year occasion is given only by the flanking dates, the first sentence and the contents page); portrait caption «Х. П. Іогансонъ. артистъ С.-Петербургскаго балета.» Article complete (ends with ornament on p.250). Ballet content: trained at the Swedish Royal Theatre School, debut Stockholm 1836, studied under Антонъ Бурнонвиль in Copenhagen, staged «Возвращеніе солдатъ на родину»; came to Petersburg 1840, worked under балетмейстеръ Титюсъ, danced a pas de trois in «Озеро волшебницъ» with г-жи Шлефохтъ and Аполлонская, partnered Тальони in Stockholm; joined the SP troupe 1841 after debut 31 October in a pas de deux with Андреянова 2-я in «Гитана». 27 roles listed, e.g. Альваръ («Герта»), Акбаръ («Дая»), Гиласъ («Воспитанница Амура»), Ахметъ-паша («Пери»), Коленъ («Тщетная предосторожность»), графъ Альбертъ («Жизель»), Сальваторъ Роза («Катарина»), Маттео («Наяда и рыбакъ»), Пьеръ Гренгуаръ («Эсмеральда»), Валентинъ («Фаустъ»), Мутча («Конекъ-горбунокъ»), герцогъ Менскій («Камарго»), Дугманта («Баядерка»), Божко («Роксана»). 1869 replaced Гюге as teacher of the senior girls' class; left the stage 1884. Benefit 8 December 1891 with the revived «Царь Кандавлъ». Two gold medals (Anna and Stanislav ribbons).",1891-92 jubilee p. 174 (review); 1901-02 farewell p. 190 (review); 1903-04 death_mark p. 
section,1891-92,1891-92_Feature_Miscellaneous.pdf,1-2,515-516,other,Декораціонныя мастерскія Императорскихъ театровъ въ С.-Петербургѣ,Dekoratsionnyya masterskiya Imperatorskikh teatrov v S.-Peterburge,,SP administration / scenic dept,,2 pp,none,,,,monogram device (same glyph as at the end of the Obituaries section; not a legible name),no,"Article on the SP scene-painting workshops; describes the декораціонный залъ in Большая Подъяческая ул. (architect prof. В. А. Шретеръ, opened 14 April 1885). Headpiece engraving of the workshop, signed and dated 93 (signature reads Козачинскій[?] - cursive, not certain). No ballet content. The file begins at p. 515 with this article's heading: no 'Смѣсь' section heading is on the page, so earlier pages of the section (if any, between p. 490 and p. 515) are not in this scan.",
section,1891-92,1891-92_Feature_Miscellaneous.pdf,3-4,[517]-518,other,Гардеробныя мастерскія Императорскихъ театровъ въ С.-Петербургѣ,Garderobnyya masterskiya Imperatorskikh teatrov v S.-Peterburge,,SP administration / wardrobe,,c. 1 p of text (p. 517 mostly engraving; half of p. 518),mentions,reader,мастерская женскихъ костюмовъ балета и французской драмы—костюмерша г-жа Офицерова ... мастерская мужскихъ костюмовъ балета и французской драмы—костюмеръ г. Каффи,"Of the four costume workshops (from 1888, Teatral'naya ul.), two make ballet costumes: women's (costumier Mme Ofitserova) and men's (costumier Mr Kaffi), each shared with the French drama",,no,"Not a person entry. p. 517 carries no printed folio (full-page illustrated opening); number inferred from 516/518. Engraving signed Козачинскій[?] 93. Other costumiers named: г-жа Иванова, г. Пипаръ (Russian opera and drama).",
section,1891-92,1891-92_Feature_Miscellaneous.pdf,4-5,518-519,other,Репетиціонный залъ балетной труппы Императорскихъ театровъ въ С.-Петербургѣ,Repetitsionnyi zal baletnoi truppy Imperatorskikh teatrov v S.-Peterburge,,SP ballet,opened autumn 1891,"c. 1 p (half of 518, most of 519)",core,reader,"Осенью 1891 года открытъ въ домѣ Дирекціи, по Театральной улицѣ, новый репетиціонный залъ для балетной труппы",New rehearsal hall for the ballet troupe opened autumn 1891 in the Directorate building on Teatral'naya ulitsa,,no,"Not a person entry but wholly about ballet - flagged core for that reason. Architect А. Р. Гешвендъ (printed 'Гешвенда', genitive). Hall 41 sq. sazhens, 11 x 16 x 23 arshins, holds full ballet troupe plus Theatre School pupils (c. 300); floor raked to match the Mariinsky stage; mirrored front wall; gallery; 8 dressing rooms and режиссерская канцелярія. Before this, rehearsals were in the Theatre School dance halls. Engraving of a ballet rehearsal on p. 519, signed Козачинскій[?] 93.",
section,1891-92,1891-92_Feature_Miscellaneous.pdf,6-7,520-521,memorial_feature,"Тарновскій, К. А. (Списокъ драматическихъ произведеній К. А. Тарновскаго)","Tarnovskii, K. A. (list of dramatic works)","playwright/translator; former assistant inspector of the repertoire department, Moscow theatres",Moscow administration,,c. 1.3 pp,none,,,,,no,"Bibliographic supplement to his obituary, explicitly cross-referenced '(стр. 486—487)'. Alphabetical list of 103 numbered original and translated plays, with co-authors (М. Н. Владыкинъ, Ѳ. М. Рудневъ, В. П. Бегичевъ, Э. Э. Матернъ). No ballets or ballet libretti in the list ('Мраморныя красавицы' here is a drama in 5 acts, not Perrot's ballet).",1891-92 obituary p. 486-487
section,1891-92,1891-92_Feature_Miscellaneous.pdf,7-10,521-524,other,Объ упраздненіи существующей театральной рампы,Ob uprazdnenii sushchestvuyushchei teatral'noi rampy,,,,c. 3.5 pp,none,,,,Г—ъ.,no,"Technical essay arguing for abolishing the footlights and replacing them with a four-sided adjustable frame of lights; two diagrams (Рис. 1-й, 2-й) and light-ratio formulae. Speaks of артисты and декораторы generally; ballet not mentioned.",
section,1891-92,1891-92_Feature_Miscellaneous.pdf,11-13,525-527,other,Примѣненіе электричества къ сценическимъ эффектамъ. Приборъ для изображенія на сценѣ расплавленнаго металла,Primenenie elektrichestva k stsenicheskim effektam. Pribor dlya izobrazheniya na stsene rasplavlennago metalla,,SP drama (Alexandrinsky),,c. 2 pp,none,,,,,no,"Device (lit water jet) imitating molten metal, invented by assistant machinist А. Петровъ, first used at the Alexandrinsky in Е. П. Карповъ's drama «Рабочая слободка». Three figures. Unsigned. No ballet content.",
section,1891-92,1891-92_Feature_Miscellaneous.pdf,13-15,527-529,other,Вращающійся каталогъ,Vrashchayushchiisya katalog,,SP administration (Central Library),,c. 2 pp,none,,,,monogram device (same glyph as at the end of the Obituaries section; not a legible name),no,"Rotating card-catalogue drum being introduced in the Центральная Библіотека Императорскихъ театровъ; three figures. Ends on p. 529 with the monogram and a tailpiece rule, i.e. the article (and apparently the section) ends inside the scan. No ballet content.",
section,1891-92,1891-92_Obituaries.pdf,1,473,section_heading_only,Некрологи,Nekrologi,,,,heading,none,,,,,no,Section heading at top of p. 473; entries are alphabetical by surname.,
section,1891-92,1891-92_Obituaries.pdf,1,473,obituary,"Бабиковъ, Михаилъ Ивановичъ","Babikov, Mikhail Ivanovich",former drama actor; also décor painter and régisseur (provincial/private stages),Moscow drama (1883-1885),"b. 25 Oct 1847; d. 12 June 1892, Екатеринодаръ",19 lines,none,,,,,no,,
section,1891-92,1891-92_Obituaries.pdf,1,473,obituary,"Барневицъ (Barnewitz), Фридрихъ-Вильгельмъ-Эдуардъ","Barnevits (Barnewitz), Fridrikh-Vil'gel'm-Eduard","former orchestra musician (double bass, then cello), German theatre / Mikhailovsky orchestra",SP orchestra (Mikhailovsky),"b. 1806; served 10 Aug 1833 - 1 Jan 1855; d. 23 Sept 1891, SP",8 lines,none,,,,,no,,
section,1891-92,1891-92_Obituaries.pdf,2,474,obituary,"Бегичевъ, Владиміръ Петровичъ","Begichev, Vladimir Petrovich",former manager (управляющій) of the Imperial Moscow theatres; playwright/translator,Moscow administration,"b. 1830; d. 7 Nov 1891, SP",1 p,none,,,,,yes,Text lists only his plays and translations; no mention of ballet (his Swan Lake libretto is NOT mentioned in the obituary).,
section,1891-92,1891-92_Obituaries.pdf,3,475,obituary,"Босковичъ, Евгеній Ивановичъ","Boskovich, Evgenii Ivanovich",drama actor,Moscow drama,"b. 10 Dec 1862; in service from 1 Sept 1888; d. 13 Nov 1891, Moscow",10 lines,none,,,,,yes,,
section,1891-92,1891-92_Obituaries.pdf,3,475,obituary,"Брауэръ, Вильгельмъ-Генрихъ-Густавъ","Brauer, Vil'gel'm-Genrikh-Gustav","violinist, Mikhailovsky theatre orchestra",SP orchestra (Mikhailovsky),"b. 20 Oct 1839; in service from 1 Sept 1876; d. 15 Aug 1892, SP",7 lines,none,,,,,no,,
section,1891-92,1891-92_Obituaries.pdf,3,475,obituary,"Бѣлобородовъ, Иванъ Аѳанасьевичъ","Beloborodov, Ivan Afanas'evich",opera chorister,Moscow opera (chorus),"in service from 19 July 1865; pension 1885; d. 26 Nov 1891, Moscow, in 46th year",5 lines,none,,,,,no,,
section,1891-92,1891-92_Obituaries.pdf,3-4,475-476,obituary,"Васильевъ, Василій Васильевичъ","Vasil'ev, Vasilii Vasil'evich",scene painter (декораторъ),SP administration / scenic dept,"b. 1861; in service from 1 Jan 1891; d. 12 March 1892, SP",18 lines,mentions,reader,къ балету «Царь Кандавлъ» (Дикая мѣстность близъ пещеры сардійской пиѳіи—1-ая картина 1-го дѣйствія и Станъ царя Кандавла—2-ая картина 1-го дѣйствія),"Painted two sets (Act 1 scenes 1 and 2) for the ballet Tsar' Kandavl, alongside opera and comedy sets",,yes,"Not mainly a ballet designer: one ballet among four listed productions (Пиковая дама, Эсклармонда, Царь Кандавлъ, Дѣвичій переполохъ).",
section,1891-92,1891-92_Obituaries.pdf,4,476,obituary,"Веревкина, Прасковья Николаевна","Verevkina, Praskov'ya Nikolaevna",former opera singer (contralto),SP Russian opera,"b. 1856; d. 19 March 1892, SP",22 lines,none,,,,,yes,,
section,1891-92,1891-92_Obituaries.pdf,4-5,476-477,obituary,"Волковъ, Николай Ивановичъ","Volkov, Nikolai Ivanovich","ballet artist (dancer) and teacher of ballet dancing, SP Theatre School",SP ballet / Theatre School,"b. 24 Sept 1836; teacher from 13 Sept 1863; pension 16 Oct 1874; left ballet 1 May 1884; d. 14 Sept 1891, SP (Смоленское кладбище)",19 lines,core,reader,"артистъ С.-Петербургской балетной труппы ... назначенъ былъ учителемъ балетныхъ танцевъ въ младшемъ классѣ Театральнаго Училища, на половинѣ воспитанниковъ",SP ballet dancer; from 1863 teacher of ballet dancing in the junior boys' class of the Theatre School; after 1884 taught full-time,,yes,Gold medal on Stanislav ribbon. Service start: counted from age 16 ('съ 16-ти лѣтняго возраста').,
section,1891-92,1891-92_Obituaries.pdf,5,477,obituary,"Головацкій, Николай Михайловичъ","Golovatskii, Nikolai Mikhailovich","flautist, Mikhailovsky theatre orchestra",SP orchestra (Mikhailovsky),"in service from 1 Sept 1887; d. 6 Feb 1892, Moscow, in 32nd year",8 lines,none,,,,,no,"Pupil of professor Ватерстраадъ (printed 'Ватерстраада', genitive).",
section,1891-92,1891-92_Obituaries.pdf,5-6,477-478,obituary,"Доброва, Любовь Николаевна","Dobrova, Lyubov' Nikolaevna","ballet artist, Moscow ballet troupe; also trained as drama actress (stage name Радина)",Moscow ballet,"b. 30 Nov 1870, Moscow; graduated Moscow Theatre School 1889; d. 2 Aug 1892, Ростовъ на Дону (cholera)",13 lines,core,reader,"артистка Московской балетной труппы ... По выходѣ изъ Училища, будучи опредѣлена на службу въ Московскую балетную труппу","Artist of the Moscow ballet troupe, assigned to it on leaving the Theatre School in 1889",,no,Text dwells on her dramatic gift (child roles e.g. Русалочка in the opera Русалка; drama courses under І. А. Правдинъ finished 1892); no ballet roles named.,
section,1891-92,1891-92_Obituaries.pdf,6,478,obituary,"Дьяконовъ, Василій Ивановичъ","D'yakonov, Vasilii Ivanovich",deacon of the church of the SP Theatre School; taught church singing to girl pupils,SP Theatre School (church),"b. 13 March 1845; psalmist from 2 June 1864; deacon 19 Dec 1882; d. 22 June 1892, «въ селѣ Колголемѣ», Новоладожскій уѣздъ",9 lines,none,,,,,no,Theatre School staff but no ballet content; he taught church singing to the воспитанницы.,
section,1891-92,1891-92_Obituaries.pdf,6-8,478-480,obituary,"Дюпюи (Dupuis), Адольфъ","Dyupyui (Dupuis), Adol'f","former actor of the French troupe (Mikhailovsky), 1860-1877",SP French drama,"b. 1824; d. 24 (12) Oct 1891, Немуръ near Fontainebleau",c. 1.5 pp,none,,,,,yes,Longest obituary so far; farewell benefit 2 April 1877 described.,
section,1891-92,1891-92_Obituaries.pdf,8,480,obituary,"Екимовъ, Василій Егоровичъ","Ekimov, Vasilii Egorovich",assistant scene painter (помощникъ декоратора),SP administration / scenic dept,"b. 1840; in service from 16 March 1887; d. 9 Jan 1892, SP",9 lines,none,,,,,no,Scenic staff; no production (ballet or other) named.,
section,1891-92,1891-92_Obituaries.pdf,8,480,obituary,"Захаровъ, Андрей Ѳедоровичъ","Zakharov, Andrei Fedorovich",drama actor (secondary roles),SP Russian drama,b. 12 Oct 1852; in service from 19 May 1874; d. 20 Nov 1891,8 lines,none,,,,,yes,Trained at SP Theatre School; no mention of dance.,
section,1891-92,1891-92_Obituaries.pdf,8-9,480-481,obituary,"Измайловъ (Павловъ), Василій Васильевичъ","Izmailov (Pavlov), Vasilii Vasil'evich","former drama actor; earlier chorister of the German troupe, prompter, assistant régisseur",SP Russian drama,"in service from 27 March 1857; left 1 Aug 1871; d. 1892, SP, aged 56",15 lines,none,,,,,yes,Death date given only as year 1892. Trained at SP Theatre School; no mention of dance.,
section,1891-92,1891-92_Obituaries.pdf,9,481,obituary,"Ильинъ, Михаилъ Александровичъ","Il'in, Mikhail Aleksandrovich",opera chorister,SP Russian opera (chorus),b. 17 Sept 1858; in service from 1 Nov 1877; d. 6 Dec 1891,5 lines,none,,,,,no,,
section,1891-92,1891-92_Obituaries.pdf,9,481,obituary,"Колчинъ, Владиміръ Александровичъ","Kolchin, Vladimir Aleksandrovich",opera chorister,SP Russian opera (chorus),b. 1861; in service from 1 Aug 1885; d. 15 April 1892,9 lines,none,,,,,no,,
section,1891-92,1891-92_Obituaries.pdf,9-10,481-482,obituary,"Кочетова, Зоя Разумниковна","Kochetova, Zoya Razumnikovna",former opera singer (soprano),Moscow opera,"in troupe from 1881; d. 30 March 1892, Moscow (Донской монастырь)",18 lines,none,,,,,yes,,
section,1891-92,1891-92_Obituaries.pdf,10,482,obituary,"Краснопольскій, Петръ Всеволодовичъ","Krasnopol'skii, Petr Vsevolodovich",журналистъ (registry clerk) of the SP Office of the Imperial Theatres; earlier смотритель of the Mikhailovsky theatre,SP administration,b. 10 June 1852; in service from 1 June 1874; d. 28 May 1892,13 lines,none,,,,,no,,
section,1891-92,1891-92_Obituaries.pdf,10-11,482-483,obituary,"Матвѣевъ, Владиміръ Максимовичъ","Matveev, Vladimir Maksimovich",former opera chorister and soloist in secondary bass parts,SP Russian opera (chorus),"b. 1828; in service from 15 May 1858; pension 1878; left 20 Aug 1884; d. 4 Nov 1891, SP",17 lines,none,,,,,yes,Portrait is on p. 482 (pdf 10).,
section,1891-92,1891-92_Obituaries.pdf,11,483,obituary,"Мауреръ, Всеволодъ Васильевичъ","Maurer, Vsevolod Vasil'evich","violinist, first concertmaster of the Italian opera orchestra; teacher at the Court Capella",SP orchestra (Italian opera; earlier Mikhailovsky),"b. 27 March 1819, Potsdam; in service from 4 June 1835; d. 22 July 1892",20 lines,none,,,,,yes,"Son of Л.-В. Мауреръ, conductor of the French orchestra and inspector of music. No ballet mentioned.",
section,1891-92,1891-92_Obituaries.pdf,12-14,484-486,obituary,"Перро (Perrot), Жюль-Жозефъ","Perro (Perrot), Zhyul'-Zhozef",former ballet master of the SP Imperial theatres; dancer and mime,SP ballet,"b. 1810, Lyon; in service from 7 Dec 1848 (dancer); ballet master from 1 Dec 1851; left 1 Dec 1860; d. July 1892, France (sunstroke)","c. 2 pp (pp. 484-485 full, 6 lines on 486)",core,reader,"бывшій балетмейстеръ С.-Петербургскихъ Императорскихъ театровъ ... Благодаря его трудамъ, С.-Петербургская балетная труппа снова поднялась на ту высоту, которой она достигла во время балетмейстера Дидло",Former ballet master of the SP Imperial theatres; through his work the SP ballet troupe rose again to the height it had reached under Didelot,,yes,"Major entry. Lists ballets with SP dates: Эсмеральда (21 Dec 1848), Катарина, дочь разбойника (4 Feb 1849), Мечта художника (19 Oct 1848), Питомица фей (12 Feb 1850), Своенравная жена (Nov 1850), Наяда и рыбакъ (30 Jan 1851), Балетмейстеръ въ хлопотахъ (20 Feb 1851), Война женщинъ (1852), Газельда или Цыгане (12 Feb 1853), Фаустъ (2 Feb 1854), Маркобомба (1854), Армида (8 Nov 1855), Маркитантка (Dec 1855), Мраморная красавица (19 Feb 1856), Роза, фіалка и бабочка (8 Oct 1857), Дебютантка (17 Jan 1857), Корсаръ (9 Jan 1858), Эолина и Дріада (6 Nov 1858). 28 roles; best: Пьеръ Гренгуаръ, Дьяволино, Корзинщикъ, Мефистофель. Gautier quoted. Court divertissements (Peterhof, Tsarskoe Selo, Hermitage, Prince of Oldenburg's palace), Peterhof fête July 1851, 1856 coronation festivities. Closing quote mark missing after «Своенравная жена in the print. Death day not given (only 'въ іюлѣ 1892 года').",
section,1891-92,1891-92_Obituaries.pdf,14-15,486-487,obituary,"Тарновскій, Константинъ Августиновичъ","Tarnovskii, Konstantin Avgustinovich","former assistant inspector of the repertoire department, Moscow theatres; playwright/translator",Moscow administration,"b. 12 July 1826; in Directorate service 23 Oct 1854 - 6 March 1858; 50-year literary jubilee 12 Sept 1891; d. 29 July 1892, Moscow (Ваганьково)",c. 1 p,none,,,,,yes,Footnote: full list of his original and translated plays is given below 'въ отдѣлѣ «Смѣси»' (cross-reference to the Miscellaneous section). Jubilee of 12 Sept 1891 mentioned inside the obituary.,1891-92 memorial_feature p. 520-521
section,1891-92,1891-92_Obituaries.pdf,15,487,obituary,"Христофоровъ, Николай Іосифовичъ","Khristoforov, Nikolai Iosifovich","head of the Central Music Library; earlier cellist, Italian opera orchestra",SP orchestra / administration (music library),"b. 26 July 1836; in service from 14 April 1852; pension 1874; d. 27 Feb 1892, SP",20 lines,none,,,,,yes,"Trained at SP Theatre School (as musician); solo at the Красносельскій театръ 1871 rewarded - genre of performance not stated, no ballet named.",
section,1891-92,1891-92_Obituaries.pdf,16,488,obituary,"Чернявская-Кузнецова, Марія Макаровна","Chernyavskaya-Kuznetsova, Mariya Makarovna","former drama actress, chiefly operetta roles",SP Russian drama (also Moscow drama 1879-1882),"b. 9 March 1853; in service from 15 June 1872; left 1 June 1883; d. 31 Dec 1891, Moscow",1 p,none,,,,,yes,,
section,1891-92,1891-92_Obituaries.pdf,17,489,obituary,"Чернявскій, Иванъ Родіоновичъ","Chernyavskii, Ivan Rodionovich",former drama actor,SP Russian drama,"b. 1846; in service 15 June 1872 - 16 Nov 1874 and 1 Sept 1882 - 1 Sept 1883; d. spring 1892, SP (Волково)",10 lines,none,,,,,no,Death date given only as 'Весною 1892 года'.,
section,1891-92,1891-92_Obituaries.pdf,17,489,obituary,"Шестаковъ, Адріанъ Ефимовичъ","Shestakov, Adrian Efimovich","violist, Alexandrinsky theatre orchestra",SP orchestra (Alexandrinsky),"in service from 16 Aug 1874; d. 30 Sept 1891, SP, aged 50",8 lines,none,,,,,no,,
section,1891-92,1891-92_Obituaries.pdf,17,489,obituary,"Эзеръ, Карлъ Ѳедоровичъ","Ezer, Karl Fedorovich","former orchestra musician: solo cellist of the Moscow ballet orchestra, then Moscow opera orchestra; professor, Moscow Conservatory","Moscow orchestra (ballet, then opera)","in service from 28 July 1862; pension 1882; left 1 May 1890; d. 22 Oct 1891, in 58th year",12 lines,mentions,reader,поступилъ на службу Дирекціи солистомъ-віолончелистомъ Московскаго балетнаго оркестра и вскорѣ былъ перемѣщенъ въ составъ оркестра Московской оперы,"Entered service in 1862 as solo cellist of the Moscow ballet orchestra, soon transferred to the Moscow opera orchestra",,no,"Ballet-orchestra post was brief ('вскорѣ'), hence mentions rather than core. Right edge of the last lines slightly distorted by page curl; '22-го октября' read from a warped line - day digit clear on zoom-level page view but worth a glance.",
section,1891-92,1891-92_Obituaries.pdf,18,490,obituary,"Ярославовъ, Александръ Николаевичъ","Yaroslavov, Aleksandr Nikolaevich",opera chorister,Moscow opera (chorus),"in service from 26 Sept 1882; d. 14 Sept 1891, aged 37",7 lines,none,,,,,no,,
section,1891-92,1891-92_Obituaries.pdf,18,490,obituary,"Ѳедоровъ, Александръ Ѳедоровичъ","Fedorov, Aleksandr Fedorovich","teacher (Russian language, literature, declamation; history of drama and theatre) and honorary member of the conference, Moscow Theatre School",Moscow Theatre School,"teacher from 12 Jan 1873; drama courses chair from 1 Sept 1888; d. 5 June 1892, Moscow",20 lines,mentions,reader,"поступилъ учителемъ русской словесности, литературы и декламаціи на женской половинѣ балетнаго отдѣленія Училища","From 1873 taught Russian language, literature and declamation in the girls' half of the ballet department of the Moscow Theatre School",monogram device at end of section (not a legible name),yes,"Last entry of the section (alphabet ends with Ѳ); a small printer's/compiler's monogram stands at the foot of the text, then a tailpiece rule. Section complete: 31 obituaries, matching the contents page count. Academic-subject teacher of ballet pupils, not a dance teacher.",
review,1891-92,review_1891-92_SP_ballet_p011,block 7,174,jubilee,Іогансона,Johansson (Christian),"dancer / ballet teacher, St Petersburg",SP,8 Dec 1891,notice in season review,core,reader,"а третье—8-го декабря, въ бенефисъ г. Іогансона, назначенный ему за 50-ти-лѣтнюю артистическую дѣятельность.","The 3rd performance of King Candaules was given on 8 December at the benefit of Mr Johansson, granted for 50 years of artistic activity.",,no,normalised name: Іогансонъ,1891-92 biographical_feature p. 248-250; 1901-02 farewell p. 190 (review); 1903-04 death_mark p. 
review,1891-92,review_1891-92_SP_ballet_p017,block 2,180,death_notice,Яковлевъ 2-й,Yakovlev 2-i,"ballet artist, newly graduated (SP)",SP,† 9 Aug 1892,notice in season review,core,reader,"Приняты на службы окончившіе курсъ балетнаго отдѣленія С.-Петербургскаго Театральнаго Училища: гг. Никитинъ, Облаковъ 2-й, Пащенко 2-й, Тихомировъ 1-й, Тихомировъ 2-й и Яковлевъ 2-й († 9 августа 1892 г.),",Among the graduates of the ballet department taken into service from 1 June 1892: Yakovlev 2-i († 9 August 1892).,,no,death mark inside the list of new entrants; found by the wider search,
section,1892-93,1892-93_Endpages_TchaikovskyMemorialFund.pdf,1,,other,Отъ Высочайше учрежденной Коммиссіи по сбору пожертвованій въ память П. И. Чайковскаго.,Commission for donations in memory of P. I. Tchaikovsky,notice (fund appeal),SP / administration,,1 p,none,,,,,no,"No folio. Appeal for (1) capital for aid to musicians/composers, (2) statue in new SP Conservatory building. Commission: chair Н. И. Стояновскій; members incl. Director И. А. Всеволожской, В. П. Погожевъ, Э. Ф. Направникъ, А. С. Танѣевъ, Модестъ Ильичъ Чайковскій, А. Е. Молчановъ (secretary). No ballet content.",
section,1892-93,1892-93_Feature_Kamyshev.pdf,1-2,365-366,biographical_feature,"Камышевъ, Александръ Михайловичъ (Ивановъ, по театру Камышевъ)","Kamyshev, Aleksandr Mikhailovich (real surname Ivanov)",ballet artist (coryphée 2nd rank); acting assistant régisseur of the ballet from 1886,SP ballet,"25 years, 19 November 1892 (service counted from 19 November 1867); born SP 19 November 1851",2 pp,core,reader,19-го ноября 1892 года исполнилось 25 лѣтъ служенія А. М. Камышева хореографическому искусству,on 19 November 1892 A. M. Kamyshev completed 25 years of service to the choreographic art,К. П.,yes,"[Printed as a stand-alone article, not under a Юбилеи/Некрологи heading; occasion: a jubilee.] Heading verbatim: «Александръ Михайловичъ Камышевъ.»; subtitle verbatim: «(По поводу 25-ти-лѣтія его сценической дѣятельности).»; oval portrait flanked «XXV» / «XXV». Article complete (tailpiece on p.366). Ballet content: extern at the SP Theatre School, finished 1870; entered the SP ballet troupe as кордебалетный танцовщикъ 2-го разряда; renamed корифей 2-го разряда under the 1882 staff; from 1886 acting помощникъ режиссера (still held); pension from 1887 after 20 years. Staged dances in drama, e.g. the German plays «Drei Monat nach Dato» and «Pech-Schultze». No roles or ballets named. On the day he received a money award, and the ballet and opera troupes greeted him on stage before the performance with a gift.",
section,1892-93,1892-93_Feature_MemoriesofTchaikovsky.pdf,1-6,496-500,memorial_feature,Памяти П. И. Чайковскаго.,Pamiati P. I. Chaikovskago (In memory of P. I. Tchaikovsky),composer,other / composer,b. 25 Apr 1840; d. 25 Oct 1893,5 pp + plate,mentions,reader,творецъ Спящей Красавицы и Пиковой Дамы; авторъ Щелкунчика,Calls him creator of Sleeping Beauty and Queen of Spades; author of the Nutcracker,Ларошъ.,yes,"Signed Ларошъ (Laroche). Black-bordered memorial essay; p01 (496) facsimile of last bars of last symphony; p02 unnumbered plate: portrait engraved by В. В. Маттэ after photo by А. Федецкій. Ballets: only named in passing - Sleeping Beauty paired with Queen of Spades as works that made him ""the musical expression of Russia of the eighties"" (Verdi comparison); Nutcracker (and Act 2 of Queen of Spades) cited as lighter, more popular late style which did not prevent the Pathetic Symphony. Swan Lake not mentioned. Otherwise a general appreciation of his character, no dance discussion.",
section,1892-93,1892-93_Obituaries.pdf,1,501,section_heading_only,НЕКРОЛОГИ.,,,,,1 line,none,,,,,no,"Section heading at top of p.501; section runs pp.501-525, entries alphabetical; ends with tailpiece vignette on p.525 (artist signature hard to read: Кош[?]ицкій[?]).",
section,1892-93,1892-93_Obituaries.pdf,1-2,501-502,obituary,"Аграмовъ (Аврамовъ), Михаилъ Васильевичъ","Agramov (Avramov), Mikhail Vasilevich",drama actor (former),SP / drama,"d. 4 Apr 1893, Sevastopol",~1.5 pp,none,,,,,yes,Zoom-verified: Аграмовъ (Аврамовъ). Married actress Ю. Н. Линская.,
section,1892-93,1892-93_Obituaries.pdf,2-3,502-503,obituary,"Альбрехтъ, Константинъ Карловичъ","Albrekht, Konstantin Karlovich","orchestra artist (cellist), Moscow; conservatory inspector",Moscow / orchestra,"b. Elberfeld 4 Oct 1836; d. 14 June 1893, Moscow",~1.5 pp,none,,,,П. Ш.,yes,Signed П. Ш.,
section,1892-93,1892-93_Obituaries.pdf,3,503,obituary,"Безсоновъ, Михаилъ Васильевичъ","Bessonov, Mikhail Vasilevich",opera chorister,SP / Russian opera,"d. 23 Dec 1892, SP",~8 lines,none,,,,,no,,
section,1892-93,1892-93_Obituaries.pdf,3,503,obituary,"Болтинъ, Аполлонъ Павловичъ","Boltin, Apollon Pavlovich",opera chorister (former),SP / Russian opera,"d. 9 Mar 1893, Moscow",~8 lines,none,,,,,no,,
section,1892-93,1892-93_Obituaries.pdf,4,504,obituary,"Борншейнъ, Адольфъ Константиновичъ","Bornshein, Adolf Konstantinovich","chancery official, коллежскій секретарь",SP / Contora (administration),b. 15 Oct 1854; d. 12 July 1893,~10 lines,none,,,,,no,"[Name corrected from the blind second read, confirmed on the scan.]",
section,1892-93,1892-93_Obituaries.pdf,4,504,obituary,"Бьенвеню, Сильванъ","Bienvenu, Silvain",wigmaker / make-up artist,Moscow / theatres (staff),"b. 1835; d. 11 Feb 1893, Moscow",~0.5 p,none,,,,М. М.,yes,Signed М. М.,
section,1892-93,1892-93_Obituaries.pdf,4-5,504-505,obituary,"Гейнъ, Юлій","Gein (Hein), Yulii","violinist, opera orchestra",Moscow / orchestra,"d. 6 Oct 1892, Moscow",~10 lines,none,,,,,no,Prussian subject.,
section,1892-93,1892-93_Obituaries.pdf,5,505,obituary,"Гриммъ, Христофоръ","Grimm, Khristofor",timpanist then violist; Italian opera orchestra and ballet orchestra,SP / orchestra (Italian opera + ballet),"b. 1832 Verden; d. 6 Mar 1893, SP",~0.5 p,core,reader,"съ 1-го ноября 1867 [...] находился въ составѣ и балетнаго [оркестра], гдѣ съ 1-го сентября 1871 года [...] назначенъ былъ альтистомъ","From 1 Nov 1867 also in the ballet orchestra, where from 1871 he was violist",,yes,"Hanoverian subject; timballier Italian opera orchestra from 1 Apr 1860; ballet orchestra 1867 to retirement 1883 (16 yrs) - core/mentions borderline, chosen core per brief (orchestra player identified with ballet).",
section,1892-93,1892-93_Obituaries.pdf,5-6,505-506,obituary,"Дмитріевъ, Сергѣй Николаевичъ","Dmitriev, Sergei Nikolaevich",drama actor,SP / drama,"b. 1859; d. night of 3/4 Jan 1893, SP",~1 p,none,,,,,yes,,
section,1892-93,1892-93_Obituaries.pdf,6,506,obituary,"Дровинъ (Тробинъ), Антонъ-Карлъ","Drovin (Trobin), Anton-Karl",French-horn player (вальдгорнистъ),SP / orchestra (Mikhailovsky; earlier ballet),"d. 3 Oct 1892, SP",~12 lines,mentions,reader,"съ 1-го сентября 1886 года былъ вновь принятъ на службу, съ зачисленіемъ въ составъ балетнаго оркестра",Re-hired 1 Sep 1886 into the ballet orchestra (to 1888),,no,Prussian subject; Italian opera orchestra 1884-85; ballet orchestra 1886-88; Mikhailovsky orchestra from 1888.,
section,1892-93,1892-93_Obituaries.pdf,7,507,obituary,"Ефимовъ, Василій Ивановичъ","Efimov, Vasilii Ivanovich","violinist, opera orchestra (former)",Moscow / orchestra,b. 7 Jan 1852; d. 21 July 1893,~10 lines,none,,,,,no,Earlier a court singer.,
section,1892-93,1892-93_Obituaries.pdf,7,507,obituary,"Казаковъ, Михаилъ Николаевичъ","Kazakov, Mikhail Nikolaevich",opera chorister,SP / Russian opera,"b. 1851; d. 17 Sep 1892, SP",~8 lines,none,,,,,no,,
section,1892-93,1892-93_Obituaries.pdf,7,507,obituary,"Кунъ 2-й, Альбертъ Карловичъ","Kun 2nd, Albert Karlovich",assistant head of lighting,Moscow / Bolshoi (technical staff),"b. 11 Aug 1854; d. 2 Oct 1892, Moscow",~8 lines,none,,,,,no,,
section,1892-93,1892-93_Obituaries.pdf,7-8,507-508,obituary,"Лажье, Сюзанна","Lagier, Suzanne","actress, French troupe (former)",SP / French drama,"b. 1833 Dunkirk; d. London, 1893 (no exact date printed)",~0.7 p,none,,,,,no,"Folio on p.508 printed as ""308"" (misprint).",
section,1892-93,1892-93_Obituaries.pdf,8-9,508-509,obituary,"Лошивскій (Шиловскій), Константинъ Степановичъ","Loshivskii (Shilovskii), Konstantin Stepanovich",drama actor,Moscow / drama (Maly),"b. 1849; d. 22 May 1893, Moscow",~1.5 pp,none,,,,,yes,Stage name Лошивскій (anagram of Шиловскій). Also sculptor/painter (made giant head for opera Руслан) - no ballet.,
section,1892-93,1892-93_Obituaries.pdf,9-10,509-510,obituary,"Масальскій, Ѳеодосій Константиновичъ","Masalskii, Feodosii Konstantinovich","official attached to Contora, коллежскій ассессоръ",SP / Contora (administration),b. 1833; d. 4 Dec 1892,~0.7 p,none,,,,,yes,Portrait on p.510.,
section,1892-93,1892-93_Obituaries.pdf,10,510,obituary,"Мейеръ, Іоганъ-Фридрихъ (Iohan Meyer)","Meier, Iogan-Fridrikh (Johann Meyer)",violin répétiteur of the SP ballet,SP / ballet (orchestra / Theatre School),b. 1831; d. 25 Mar 1893,~0.5 p,core,reader,скрипачъ-репетиторъ С.-Петербургскаго балета,Violin répétiteur of the St Petersburg ballet,,yes,"From 1 Oct 1877 violin-répétiteur at SP Theatre School; earlier orchestra violinist from 1855. Confirms inventory note p.510. [SOURCE CONFLICT: Roster (musicians_1892-93_SP_p002, p. 71) prints «† 28 марта 1893 г.»; this obituary prints 25-го марта 1893 twice (caption and text).]",
section,1892-93,1892-93_Obituaries.pdf,10,510,obituary,"Мирчке, Эрнстъ-Вильгельмъ","Mirchke, Ernst-Vilgelm","percussionist, opera orchestra",Moscow / orchestra,"d. 31 Aug 1893, SP",~8 lines,none,,,,,no,Hamburg citizen. Name letters not re-zoomed [?].,
section,1892-93,1892-93_Obituaries.pdf,11,511,obituary,"Моландеръ, Елена Карловна","Molander, Elena Karlovna",opera choristress,SP / Russian opera,b. 1854; d. 2 June 1893,~6 lines,none,,,,,no,,
section,1892-93,1892-93_Obituaries.pdf,11-12,511-512,obituary,"Орловъ-Соколовскій, Александръ Александровичъ","Orlov-Sokolovskii, Aleksandr Aleksandrovich","kapellmeister (former), Maly theatre; clarinettist",Moscow / orchestra (Maly),"d. 12 Sep 1892, Moscow",~1 p,none,,,,,yes,"Left unfinished OPERA «Конекъ-горбунокъ» - an opera, not the ballet.",
section,1892-93,1892-93_Obituaries.pdf,12,512,obituary,"Ортнеръ, Николай Францевичъ","Ortner, Nikolai Frantsevich","horn player, ballet orchestra (former)",Moscow / ballet orchestra,"b. 1850; d. 26 Aug 1893, Крюково near Moscow",~12 lines,core,reader,бывшій артистъ Московскаго балетнаго оркестра,Former artist of the Moscow ballet orchestra,,yes,Opera orchestra from 22 Sep 1872 (horn); moved to ballet orchestra 1889; retired 22 Dec 1892. Confirms inventory note p.512.,
section,1892-93,1892-93_Obituaries.pdf,12-14,512-514,obituary,"Охотинъ, Василій Алексѣевичъ","Okhotin, Vasilii Alekseevich",drama actor,Moscow / drama (Maly),d. 9 Sep 1892,~1.5 pp,none,,,,,yes,Real name Гайдуковъ; married Maly actress Н. М. Медвѣдева.,
section,1892-93,1892-93_Obituaries.pdf,14-15,514-515,obituary,"Платонова, Юлія Ѳедоровна","Platonova, Yuliia Fedorovna",opera singer (former),SP / Russian opera,"b. 1841 Riga; d. 4 Nov 1892, SP",~1.5 pp,none,,,,,yes,"Née Гардеръ. Role list includes Долоресъ in opera «Фенелла» (opera, not ballet). [Name corrected from the blind second read, confirmed on the scan.]",
section,1892-93,1892-93_Obituaries.pdf,15-16,515-516,obituary,"Подобѣдова 1-я, Надежда Ивановна","Podobedova 1st, Nadezhda Ivanovna","drama actress (former), vaudeville/operetta",SP / drama,b. 14 Sep 1830; d. 7 May 1893,~1 p,none,,,,,yes,SP Theatre School pupil; no dance mention.,
section,1892-93,1892-93_Obituaries.pdf,16,516,obituary,"Пфейферъ, Ѳедоръ Осиповичъ","Pfeifer, Fedor Osipovich",double-bass player,SP / orchestra (Mikhailovsky),"b. 1848; d. 17 Dec 1892, SP",~10 lines,none,,,,,no,"Austrian-born. [Name corrected from the blind second read, confirmed on the scan.]",
section,1892-93,1892-93_Obituaries.pdf,16-17,516-517,obituary,"Рихтеръ (Нѣмова), Юлія Леонтьевна","Rikhter (Nemova), Yuliia Leontevna",drama actress (former),SP / drama,"d. March 1893, SP",~0.7 p,none,,,,,yes,,
section,1892-93,1892-93_Obituaries.pdf,17-18,517-518,obituary,"Ришардъ, Елизавета Іосифовна","Rishard (Richard), Elizaveta Iosifovna","chief supervisor (главная надзирательница), SP Theatre School",SP / Theatre School,"b. 1 June 1828 Moscow; d. 5 May 1893, SP",~0.6 p,mentions,reader,дочь извѣстнаго танцовщика и режиссера Московскихъ театровъ,Daughter of a well-known dancer and régisseur of the Moscow theatres,,yes,Supervisor of girl pupils at SP Theatre School 1849-1872 (senior from 1862); father not named.,
section,1892-93,1892-93_Obituaries.pdf,18,518,obituary,"Руппини, Петръ Ивановичъ","Ruppini, Petr Ivanovich",drama actor (former); earlier opera chorister; asst régisseur 1863-64,SP / drama,"b. 6 Sep 1833; d. 23 Apr 1893, SP",~0.6 p,none,,,,,yes,,
section,1892-93,1892-93_Obituaries.pdf,18-21,518-521,obituary,"Свободинъ, Павелъ Матвѣевичъ","Svobodin, Pavel Matveevich",drama actor,SP / drama,"b. 14 Dec 1850; d. 9 Oct 1892, SP (on stage, Alexandrinsky)",~3 pp,none,,,,М. П—нъ.,yes,Entered service as Матюшинъ. Signed М. П—нъ.,
section,1892-93,1892-93_Obituaries.pdf,21-22,521-522,obituary,"Соколовъ, Сергѣй Петровичъ","Sokolov, Sergei Petrovich","ballet dancer (premier), mime, ballet master, senior dance teacher",Moscow / ballet,"b. 18 Nov 1830; d. 2 Aug 1893, Moscow",~1.5 pp,core,reader,бывшій артистъ Московской балетной труппы,Former artist of the Moscow ballet troupe,,yes,"Pupil of Монтасю; debut 29 Oct 1851 «Казацкій танецъ» with Каблукова and Лаврова; soloist 1855, premier from 1860s; roles incl. Альбертъ (Жизель), Гренгуаръ (Эсмеральда), Базиль (Донъ-Кихотъ), Корсаръ; composed ballets «Папоротникъ или Ночь на Ивана Купала», «Цыганскій таборъ», «Послѣдній день жатвы»; senior dance teacher Moscow Theatre School from 18 Nov 1874; retired 1 Oct 1883. Footnote on 1853 Bolshoi fire. Confirms inventory pp.521-522.",
section,1892-93,1892-93_Obituaries.pdf,22,522,obituary,"Солнцевъ, Прохоръ Павловичъ","Solntsev, Prokhor Pavlovich",ballet artist (corps de ballet),SP / ballet,"b. 24 July 1860; d. 15 May 1893, Tsarskoe Selo",~12 lines,core,reader,переведенъ въ балетъ кордебалетнымъ танцовщикомъ,Transferred to the ballet as a corps de ballet dancer,,yes,Theatre School grad 2 July 1880 into Russian drama troupe; to ballet 1882. Not in inventory note.,
section,1892-93,1892-93_Obituaries.pdf,23,523,obituary,"Тарасовъ, Николай Григорьевичъ","Tarasov, Nikolai Grigorevich","clerk (дѣлопроизводитель), montirovochnoe dept; earlier asst wardrobe master",SP / Contora (administration),"b. 1836; d. 20 Feb 1893, SP",~12 lines,none,,,,,no,,
section,1892-93,1892-93_Obituaries.pdf,23,523,obituary,"Фрей, Германъ Христіановичъ (Hermann Frey)","Frei, German Khristianovich (Hermann Frey)","violist, Alexandrinsky orchestra",SP / orchestra (Alexandrinsky),"d. 1 Mar 1893, Freiwaldau",~7 lines,none,,,,,no,,
section,1892-93,1892-93_Obituaries.pdf,23,523,obituary,"Хомяковъ, Петръ Михайловичъ","Khomiakov, Petr Mikhailovich",wardrobe master (гардеробмейстеръ),Moscow / Maly (staff),"b. 1844; d. 17 Jan 1893, Moscow",~9 lines,none,,,,,no,,
section,1892-93,1892-93_Obituaries.pdf,23-24,523-524,obituary,"Шамбургскій, Александръ Александровичъ","Shamburgskii, Aleksandr Aleksandrovich",ballet artist (фигурантъ),SP / ballet,"b. 21 Nov 1839; d. 17 Mar 1893, SP",~9 lines,core,reader,зачисленъ на службу фигурантомъ въ С.-Петербургскую балетную труппу,Entered service as a figurant in the St Petersburg ballet troupe,,no,Son of a dancer (сынъ танцовщика); joined 26 Mar 1858; pension 1875; left 1 Sep 1883. Not in inventory note.,
section,1892-93,1892-93_Obituaries.pdf,24-25,524-525,obituary,"Шеинъ, Сергѣй Аристіоновичъ","Shein, Sergei Aristionovich",drama actor,SP / drama,b. 25 Dec 1861; d. 28 Oct 1892,~1 p,none,,,,,yes,"Last entry; p.525 ends section with a tailpiece vignette (signed, illegible).",
roster,1892-93,administration_1892-93_p001,,,death_mark,"Ѳедотовъ, Василій Ивановичъ",,ст. сов.,administration,† 30 октября 1892 г,death mark in roster,none,,С.-Петербургская Контора Императорскихъ театровъ / Врачебная часть / Дежурные врачи,,,no,Name and date as stored in the database (raw.person_entry); not re-read for this catalogue.,
review,1892-93,review_1892-93_MSK_ballet_p008,block 2,339,jubilee,Гороховой,Gorokhova,"dancer (танцовщица), Moscow ballet",Moscow,3 Jan 1893,notice in season review,core,reader,"3-го января состоялся бенефисъ танцовщицы г-жи Гороховой, данный ей за 20-ти-лѣтнюю службу.","On 3 January the benefit of the dancer Mme Gorokhova took place, given to her for 20 years of service.",,no,normalised name: Горохова,1894-95 obituary p. 401
review,1892-93,review_1892-93_MSK_ballet_p009,block 2,340,farewell,Гейтенъ,Geiten (Lidiia),"ballerina, Moscow",Moscow,5 Feb 1893,notice in season review,core,reader,"5-го февраля состоялся прощальный бенефисъ балерины г-жи Гейтенъ, послѣ 20-ти лѣтъ службы оставившей сцену.","On 5 February the farewell benefit of the ballerina Mme Geiten took place, who left the stage after 20 years of service.",,no,"normalised name: Л. Н. Гейтенъ; block is a mis-flowed two-column layout; programme (Fenella act 1, Corsaire act 2, Daughter of Pharaoh, divertissement 'Bal masqué in Venice') follows",
review,1892-93,review_1892-93_SP_ballet_p016,block 4,236,farewell,Горшенковой 1-й,Gorshenkova 1st (Mariia),"ballerina, St Petersburg",SP,10 Jan 1893,notice in season review,core,reader,"10-го января состоялся прощальный бенефисъ г-жи Горшенковой 1-й. Поставленъ былъ балетъ «Царь Кандавлъ», въ которомъ бенефиціантка исполнила роль царицы Низіи;","On 10 January the farewell benefit of Mme Gorshenkova 1st; King Candaules was given, the beneficiary dancing Queen Nisia.",,no,normalised name: М. Н. Горшенкова 1-я; block continues into a biographical sketch (truncated in source text),
review,1892-93,review_1892-93_SP_ballet_p016,block 1,236,farewell,г-жа Дель-Эра,Dell'Era,"guest ballerina, St Petersburg",SP,3 Jan 1893,notice in season review,core,reader,"2) 1-е дѣйствіе балета «Спящая красавица», въ которомъ г-жа Дель-Эра появилась (въ роли Авроры) въ послѣдній разъ передъ петербургской публикой, будучи вынуждена покинуть нашу балетную сцену, вслѣдствіе вызова ея въ Берлинъ, для участія въ парадныхъ спектакляхъ","Act 1 of Sleeping Beauty, in which Dell'Era appeared (as Aurora) for the last time before the Petersburg public, being called to Berlin.",,no,"normalised name: Дель-Эра; last appearance of a guest artist, at Л. И. Ивановъ's benefit (date from the preceding block, p015 #10); not a retirement",
review,1892-93,review_1892-93_SP_opera_p021,block 5,182,work_milestone,«Евгеній Онѣгинъ» (100-е представленіе),"Evgenii Onegin, 100th performance (SP)",opera,SP,27 Oct 1892,notice in season review,none,,27-го октября состоялось 100-е представленіе оперы П.И. Чайковскаго— «Евгеній Онѣгинъ».,100th performance of Evgenii Onegin.,,no,milestone of a work,
review,1892-93,review_1892-93_SP_opera_p038,block 2,199,memorial_feature,М. И. Глинка,M. I. Glinka,composer,SP,27 Nov 1892 (50th anniversary of Ruslan and Liudmila),notice in season review,mentions,reader,"Собственно чествованіе М. И. Глинки состоялось послѣ 4-го дѣйствія. Занавѣсъ вновь поднялся и взорамъ публики представился бюстъ композитора, помѣщенный на площадкѣ лѣстницы замка Черномора; его окружали исполнители оперы, а внизу были сгруппированы прочіе артисты и представители различныхъ учрежденій. При звукахъ финала «Руслана и Людмилы» были возложены къ подножію бюста вѣнки: отъ артистовъ русской оперы, отъ хора русской оперы, отъ оркестра русской оперы, отъ артистовъ русской драмы, отъ артистовъ балета,","At the Ruslan 50th-jubilee performance Glinka's memory was honoured: his bust was displayed on stage and wreaths laid, including one from the ballet artists.",,no,"only ballet link is the wreath from the ballet artists; the jubilee itself is of the opera (p032 #2, p036 #3-4); his sister L. I. Shestakova was honoured 'за 50 лѣтъ службы брату'",1910-11 memorial_feature p. 113 (review)
review,1892-93,review_1892-93_SP_opera_p051,block 2,212,jubilee,И. А. Мельникова,I. A. Mel'nikov,"opera singer (baritone), soloist of His Majesty",SP,22 Jan 1893,notice in season review,none,,"22-го января состоялся бенефисъ солиста Его Императорскаго Величества, артиста И. А. Мельникова, данный ему за 25-ти-лѣтнюю службу. Для этого спектакля была поставлена опера М. И Глинки—«Русланъ и Людмила» въ которой юбиляръ исполнилъ свою коронную роль Руслана.","On 22 January the benefit of I. A. Mel'nikov, given for 25 years of service; the jubilarian sang Ruslan.",,no,normalised name: И. А. Мельниковъ; celebration described in #3,
roster,1892-93,theaterschoolstaff_1892-93_p003,,,death_mark,"Кудрявцевъ, Александръ Александровичъ",,Исторія драмы и театра,theatre school staff,† 8 марта 1893 г,death mark in roster,none,,Императорское Московское Театральное Училище / Преподаватели / б) Драматическіе курсы,,,no,Name and date as stored in the database (raw.person_entry); not re-read for this catalogue.,
section,1893-94,1893-94_Jubilees.pdf,1-2,405-406,jubilee,"Помазанскій, Иванъ Александровичъ","Pomazanskii, Ivan Aleksandrovich","harpist (first harp, Mariinsky orchestra); teacher of singing to Russian opera choruses; composer of romances",SP / orchestra (opera),25 years on 1 Sept 1893 (in service from 1 Sept 1868); b. 30 Mar 1848,1.5 pp,mentions,reader,"съ зачисленіемъ его арфистомъ сначала въ балетный, а затѣмъ въ оперный оркестръ","enrolled as harpist first in the ballet orchestra, then in the opera orchestra",,yes,"XXV (25-year) jubilee notice; one per page with ""XXV."" flanking portrait. Surname printed Помазанскій (inventory ""Pomazninsky"" is wrong). Ballet-orchestra stint only at start of career (1868); later opera. First jubilee in the scanned file; unknown whether the jubilee section starts earlier than p. 405.",
section,1893-94,1893-94_Jubilees.pdf,3-4,407-408,jubilee,"Лебедевъ, Иванъ Константиновичъ","Lebedev, Ivan Konstantinovich","clarinettist (2nd clarinet, SP Russian opera orchestra)",SP / orchestra (opera),25 years on 1 Sept 1893 (service from 1 Sept 1868); b. 1837,1.3 pp,none,,,,,yes,"XXV (25-year) jubilee notice; one per page with ""XXV."" flanking portrait. Text says ""С.-Петербургскіе оркестры"" and Russian opera; no ballet mention. Inventory's ""Lobov"" is a separate entry (p. 413); this one is Lebedev.",
section,1893-94,1893-94_Jubilees.pdf,5,409,jubilee,"Франке 1-й, Ѳедоръ Юльевичъ (Иоганъ-Теодоръ)","Franke 1st, Fedor Iulevich (Johann-Theodor)","first clarinettist, SP Russian opera orchestra",SP / orchestra (opera),25 years on 1 Nov 1893 (service from 1 Nov 1868); b. 1845,0.5 pp,none,,,,,yes,"XXV (25-year) jubilee notice; one per page with ""XXV."" flanking portrait. Two different men both named Ѳедоръ Юльевичъ Франке (1-й and 2-й); see next row.",
section,1893-94,1893-94_Jubilees.pdf,6,410,jubilee,"Франке 2-й, Ѳедоръ Юльевичъ (Фридрихъ-Вильгельмъ)","Franke 2nd, Fedor Iulevich (Friedrich-Wilhelm)","first horn (вальдгорнистъ), Alexandrinsky then Russian opera / Mariinsky orchestra","SP / orchestra (drama, then opera)",25-year jubilee 1 Sept 1893 (service from 1 Sept 1868); b. 1840,0.6 pp,none,,,,,yes,"XXV (25-year) jubilee notice; one per page with ""XXV."" flanking portrait. ",1894-95 obituary p. 417-418
section,1893-94,1893-94_Jubilees.pdf,7,411,jubilee,"Курбатовъ, Андрей Ивановичъ","Kurbatov, Andrei Ivanovich","prompter (суфлеръ), Moscow drama troupe; formerly figurant in Moscow ballet troupe",Moscow / drama (formerly ballet),25 years on 12 Aug 1893 (service counted from 12 Aug 1868); b. 12 Aug 1852,0.6 pp,core,RG ruling 2026-10-10: drama actor who began in ballet,былъ опредѣленъ фигурантомъ въ Московскую балетную труппу,was appointed a figurant in the Moscow ballet troupe,,yes,"XXV (25-year) jubilee notice; one per page with ""XXV."" flanking portrait. Ballet career 1868 (counted from age 16)–20 Sept 1876 (""оставилъ балетъ""), ~8 years, then prompter; the jubilee counts the ballet years. Arguably core; marked mentions because his main/current career was prompter.",
section,1893-94,1893-94_Jubilees.pdf,8,412,jubilee,"Сампелевъ, Алексѣй Николаевичъ (Николаевъ, по театру Сампелевъ)","Sampelev (Nikolaev), Aleksei Nikolaevich","drama actor (secondary roles), Moscow drama troupe",Moscow / drama,25 years on 1 May 1894; b. 31 Jan 1848; retired 1 Oct 1894,0.4 pp,none,,,,,yes,"XXV (25-year) jubilee notice; one per page with ""XXV."" flanking portrait. Real surname Николаевъ, stage name Сампелевъ. Not the same as Александръ Николаевичъ Сампелевъ (ballet, p. 414) — possibly brothers (same patronymic), not stated.",
section,1893-94,1893-94_Jubilees.pdf,9,413,jubilee,"Лобовъ, Викторъ Алексѣевичъ","Lobov, Viktor Alekseevich","ballet artist (coryphée), Moscow ballet troupe",Moscow / ballet,25 years (service from 20 Jan 1868); left stage 14 May 1894; b. 20 Jan 1852,0.5 pp,core,reader,былъ опредѣленъ корифеемъ въ Московскую балетную труппу,appointed coryphée in the Moscow ballet troupe,,yes,"XXV (25-year) jubilee notice; one per page with ""XXV."" flanking portrait. Header: ""артистъ Императорской Московской балетной труппы"". Served ""въ Московскомъ балетѣ слишкомъ 25 лѣтъ"".",
section,1893-94,1893-94_Jubilees.pdf,10,414,jubilee,"Сампелевъ, Александръ Николаевичъ","Sampelev, Aleksandr Nikolaevich","ballet artist (figurant → coryphée 1883 → second dancer 1885), Moscow",Moscow / ballet,25 years (service from 19 Aug 1868); pension 1 Oct 1890; b. 19 Aug 1852,0.6 pp,core,reader,"исполнителемъ какъ классическихъ, такъ и характерныхъ танцевъ",performer of both classical and character dances,,yes,"XXV (25-year) jubilee notice; one per page with ""XXV."" flanking portrait. Roles named: Фебъ де-Шатоперъ («Эсмеральда»), Король золота («Приключенія Флика и Флока»), король («Хрустальный башмачекъ»), Гаврило («Конекъ-горбунокъ»).",
section,1893-94,1893-94_Jubilees.pdf,11,415,jubilee,"Ежовъ, Иванъ Матвѣевичъ","Ezhov, Ivan Matveevich","ballet artist (figurant → coryphée 1882), Moscow",Moscow / ballet,25 years on 30 Mar 1894 (service from 30 Mar 1869); left stage 30 Mar 1894,0.4 pp,core,reader,артистъ Московской балетной труппы,artist of the Moscow ballet troupe,,yes,"XXV (25-year) jubilee notice; one per page with ""XXV."" flanking portrait. p12 (file Jubilees_p12) is a blank verso with only a vignette (cherub); last jubilee in file.",
section,1893-94,1893-94_Obituaries.pdf,1,447,obituary,"Акимова, Любовь Хрисанфовна (по мужу Михайлова)","Akimova (Mikhailova), Liubov Khrisanfovna","chorus singer (1st category), SP Russian opera",SP / opera,d. 13 Jan 1894; b. 16 Aug 1854,13 lines,none,,,,"К. П—въ (section signature, p. 464)",no,"First entry under the illustrated heading «НЕКРОЛОГИ» (section start, p. 447). Signature ""К. П—въ."" printed once at the end of the whole section; assumed to cover all entries.",
section,1893-94,1893-94_Obituaries.pdf,1-4,447-450,obituary,"Альбрехтъ, Евгеній Карловичъ","Albrecht, Evgenii Karlovich",inspector of music of SP Imperial theatres; head of the Central Music Library; violinist,SP / administration (music),d. 28 Jan 1894; b. 4 Jul 1842,3 pp,none,,,,К. П—въ (section signature),yes,"Oversaw all SP theatre orchestras (""завѣдываніе всей музыкальной частью""), which would include the ballet orchestra, but the text never mentions ballet.",
section,1893-94,1893-94_Obituaries.pdf,4-5,450-451,obituary,"Блехъ, Петръ Николаевичъ","Blekh, Petr Nikolaevich","ballet artist (corps de ballet dancer), SP; private teacher of ballroom dancing",SP / ballet,d. 12 Oct 1893; b. 8 Dec 1836 (Moscow),1 p,core,reader,былъ выпущенъ въ С.-Петербургскую балетную труппу кордебалетнымъ танцовщикомъ,graduated into the SP ballet troupe as a corps de ballet dancer,К. П—въ (section signature),yes,"Trained as violinist under Ludwig Maurer, expelled from the music class for a prank and moved to the school's ballet department; corps 1857–8 Dec 1872; taught ballroom dances privately from 1859.",
section,1893-94,1893-94_Obituaries.pdf,5,451,obituary,"Большаковъ (Владиміровъ), Іосифъ Владиміровичъ","Bolshakov (Vladimirov), Iosif Vladimirovich","violinist, Moscow opera and ballet orchestra",Moscow / orchestra (opera and ballet),"d. 7 Jun 1894, aged 34; in service from 19 Sept 1882",11 lines,core,RG ruling 2026-10-10: combined opera-and-ballet orchestra,музыкантомъ-скрипачемъ въ Московскій оркестръ оперы и балета,violinist in the Moscow orchestra of opera and ballet,К. П—въ (section signature),no,Moscow had a single combined opera-and-ballet orchestra; arguably core.,
section,1893-94,1893-94_Obituaries.pdf,5,451,obituary,"Бостремъ, Ольга Ѳедоровна","Bostrem, Olga Fedorovna",inspectress (инспектриса) of the SP Imperial Theatre School,SP / theatre school (administration),d. 8 Mar 1894; b. 14 Nov 1844,16 lines,none,,,,К. П—въ (section signature),no,"Senior supervisor of the female pupils (воспитанницы) from 1887, inspectress from 1888; the text mentions no ballet or dance training, only the school's housekeeping.",
section,1893-94,1893-94_Obituaries.pdf,6,452,obituary,"Бреше (Bréchet), Антонъ Ивановичъ","Breshe (Bréchet), Anton Ivanovich","chorus singer, French troupe",SP / French troupe,d. night of 16/17 Nov 1893; b. 1835,8 lines,none,,,,К. П—въ (section signature),no,Son of a costumier of the Imperial theatres.,
section,1893-94,1893-94_Obituaries.pdf,6,452,obituary,"Виноградовъ, Александръ Павловичъ","Vinogradov, Aleksandr Pavlovich","ballet artist (corps de ballet → coryphée 1883), Moscow",Moscow / ballet,d. 9 May 1894; b. 29 Sept 1863,10 lines,core,reader,кордебалетнымъ танцовщикомъ Московской балетной труппы,corps de ballet dancer of the Moscow ballet troupe,К. П—въ (section signature),yes,,
section,1893-94,1893-94_Obituaries.pdf,6,452,obituary,"Воеводинъ, Василій Тихоновичъ","Voevodin, Vasilii Tikhonovich","chorus singer, SP Russian opera (retired 1887)",SP / opera,d. 27 May 1894; b. 17 Dec 1842,7 lines,none,,,,К. П—въ (section signature),no,,
section,1893-94,1893-94_Obituaries.pdf,6,452,obituary,"Гоппе (Wilhelm Hoppe), Василій Васильевичъ","Goppe (Hoppe, Wilhelm), Vasilii Vasilevich","tuba player, SP orchestras (ballet orchestra from 1885)",SP / orchestra (ballet),d. night of 5/6 Jan 1894; in service from 1 Sept 1884,9 lines,core,reader,былъ переведенъ въ составъ балетнаго оркестра,was transferred to the ballet orchestra,К. П—въ (section signature),no,"Italian opera orchestra 1884–85; ballet orchestra from 1885 (""почти всю свою службу""); also bandmaster of the Life-Guards Jäger Regiment.",
section,1893-94,1893-94_Obituaries.pdf,7,453,obituary,"Гофманъ, Іосифъ","Gofman (Hofmann), Iosif","violinist, Moscow opera and ballet orchestra",Moscow / orchestra (opera and ballet),d. 16 Nov 1893 (Moscow); b. 1854; in service from 20 Oct 1880,9 lines,core,RG ruling 2026-10-10: combined opera-and-ballet orchestra,скрипачемъ въ Московскій оркестръ оперы и балета,violinist in the Moscow orchestra of opera and ballet,К. П—въ (section signature),yes,Same combined-orchestra wording as Bolshakov; arguably core.,
section,1893-94,1893-94_Obituaries.pdf,7,453,obituary,"Киселевъ, Владиміръ Васильевичъ","Kiselev, Vladimir Vasilevich","cornet player, SP opera orchestra",SP / orchestra (opera),d. 27 Dec 1893; b. 17 Sept 1847,10 lines,none,,,,К. П—въ (section signature),no,Graduate of the SP Theatre School (no ballet mentioned).,
section,1893-94,1893-94_Obituaries.pdf,7-10,453-456,obituary,"Кистеръ, баронъ Карлъ Карловичъ","Kister, Baron Karl Karlovich","former head of the Imperial theatres (завѣдывающій, from 14 Mar 1875); state secretary; Court Ministry official",SP / administration (directorate),"d. 2 (14) Dec 1893, Darmstadt; b. 21 Jul 1821",3.3 pp,none,,,,К. П—въ (section signature),yes,"Ran the Imperial theatres (including the ballet) from 1875 to 1881, but the obituary says nothing about ballet; mostly a list of commissions and orders.",
section,1893-94,1893-94_Obituaries.pdf,10-11,456-457,obituary,"Каширина, Елизавета Александровна","Kashirina, Elizaveta Aleksandrovna","ballet artist (coryphée), SP",SP / ballet,d. 12 Feb 1894; b. 19 Apr 1844; retired 17 Feb 1876,0.5 pp,core,reader,опредѣлена на службу Дирекціи корифейкой въ С.-Петербургскую балетную труппу,appointed coryphée in the SP ballet troupe,К. П—въ (section signature),yes,Wife of the poet and Shakespeare translator П. А. Кусковъ.,
section,1893-94,1893-94_Obituaries.pdf,11,457,obituary,"Лилѣева (Шеффердекеръ), Эмилія Августиновна","Lileeva (Shefferdeker), Emiliia Avgustinovna","singer (soloist), SP Russian opera; first Gorislava in «Русланъ и Людмила» (1842)",SP / opera,d. 4 Sept 1893; debut 15 Oct 1841; retired 1866,0.7 pp,none,,,,К. П—въ (section signature),yes,"Her repertoire includes Флеръ-де-Ли («Эсмеральда»): Dargomyzhsky's opera in context (listed among opera roles), not the ballet. Theatre School graduate (1843).",
section,1893-94,1893-94_Obituaries.pdf,11-12,457-458,obituary,"Михайлова 1-я (Мозгова, по мужу Кротикова), Александра Михайловна","Mikhailova 1st (Mozgova, married name Krotikova), Aleksandra Mikhailovna","ballet artist (corps de ballet), SP",SP / ballet,d. night of 11/12 Dec 1893; b. 23 Mar 1865 (Moscow),13 lines,core,reader,опредѣлена на службу въ С.-Петербургскую балетную труппу кордебалетною танцовщицею,appointed corps de ballet dancer in the SP ballet troupe,К. П—въ (section signature),yes,Trained at the Imperial (Moscow) Theatre School; joined SP 7 Oct 1883; allowed to take the stage name Михайлова.,
section,1893-94,1893-94_Obituaries.pdf,12,458,obituary,"Нѣмчинова, Евдокія Дмитріевна (урожденная Чистякова)","Nemchinova (née Chistiakova), Evdokiia Dmitrievna","drama actress, Moscow",Moscow / drama,d. 10 Nov 1893; b. 1822; left the stage 1 Sept 1865,17 lines,none,,,,К. П—въ (section signature),no,Wife of the actor И. М. Нѣмчиновъ.,
section,1893-94,1893-94_Obituaries.pdf,12,458,obituary,"Петерсенъ (Carl Petersen), Карлъ-Іоганъ","Petersen, Karl-Iogan (Carl)","oboist, Alexandrinsky and Mikhailovsky theatre orchestras",SP / orchestra (drama),d. 23 Dec 1893; b. 1855,12 lines,none,,,,К. П—въ (section signature),no,,
section,1893-94,1893-94_Obituaries.pdf,13,459,obituary,"Пучковъ, Сергѣй Ивановичъ","Puchkov, Sergei Ivanovich","ballet artist (coryphée, 1st category), SP",SP / ballet,d. 4 Sept 1893; b. 7 Oct 1860,14 lines,core,reader,въ С.-Петербургскую балетную труппу корифеемъ 1-го разряда,into the SP ballet troupe as a first-category coryphée,К. П—въ (section signature),yes,,
section,1893-94,1893-94_Obituaries.pdf,13,459,obituary,"Рудаковъ, Иванъ Ивановичъ","Rudakov, Ivan Ivanovich","assistant scene painter, SP Imperial theatres",SP / scenery (design),"d. 5 Feb 1894; b. 22 Jan 1862 (Sofiisk, Primorskaia obl.)",14 lines,none,,,,К. П—въ (section signature),no,Assistant to the painters Левотъ and М. И. Бочаровъ; the text names no ballet décor.,
section,1893-94,1893-94_Obituaries.pdf,13,459,obituary,"Сергѣевъ (Ефимовъ), Павелъ Ефимовичъ","Sergeev (Efimov), Pavel Efimovich","ballet artist (corps de ballet), Moscow",Moscow / ballet,d. 5 Mar 1894; b. 16 May 1865,6 lines,core,reader,кордебалетнымъ танцовщикомъ Московской балетной труппы,corps de ballet dancer of the Moscow ballet troupe,К. П—въ (section signature),no,"Real surname Ефимовъ, stage name Сергѣевъ.",
section,1893-94,1893-94_Obituaries.pdf,13-14,459-460,obituary,"Степановъ, Петръ Григорьевичъ","Stepanov, Petr Grigorevich","chorus singer, SP Russian opera",SP / opera,d. 31 Oct 1893; b. 1841,6 lines,none,,,,К. П—въ (section signature),no,,
section,1893-94,1893-94_Obituaries.pdf,14-15,460-461,obituary,"Сѣтовъ (Сетгоферъ-Сетгофъ), Іосифъ Яковлевичъ","Setov (Setgofer-Setgof), Iosif Iakovlevich",tenor and opera régisseur (SP and Moscow Russian opera); provincial impresario (Kiev),SP & Moscow / opera,"d. 27 Dec 1893, Kiev; b. 1826 (Moscow)",1.2 pp,none,,,,К. П—въ (section signature),yes,"Wife was the famous equestrienne Пальмира Анато (circus rider, not a dancer).",
section,1893-94,1893-94_Obituaries.pdf,15-16,461-462,obituary,"Фроловъ, Александръ Петровичъ","Frolov, Aleksandr Petrovich","manager of the SP Theatre School (from 1879) and of the SP ballet troupe (acting 1881–82, appointed Oct 1883–1887); retired colonel; landscape painter",SP / administration (ballet troupe and theatre school),d. 24 Apr 1894; b. 1819,1.3 pp,core,reader,управляющій С.-Петербургскимъ Театральнымъ Училищемъ и С.-Петербургской балетной труппой,manager of the SP Theatre School and the SP ballet troupe,К. П—въ (section signature),yes,,
section,1893-94,1893-94_Obituaries.pdf,16-17,462-463,obituary,"Хамарбергъ, Иванъ Егоровичъ","Khamarberg, Ivan Egorovich",ballet artist (figurant → coryphée 1874); répétiteur (dance-class musician) at SP Theatre School; dancing teacher,SP / ballet and theatre school,d. night of 24/25 Feb 1894; b. 8 Jan 1838,0.6 pp,core,reader,музыканта (репетитора) въ танцовальномъ классѣ С.-Петербургскаго Театральнаго Училища,musician (répétiteur) in the dance class of the SP Theatre School,К. П—въ (section signature),no,Figurant in the ballet troupe from 27 Mar 1857; dance-class répétiteur from 9 Sept 1878 until his death (break 1 May 1884–1 Oct 1885); taught dancing free of charge at a gymnasium of the Imperial Philanthropic Society.,
section,1893-94,1893-94_Obituaries.pdf,17,463,obituary,"Цвинкау (Georg-Wilhelm Zwinckau), Георгій Георгіевичъ","Tsvinkau (Zwinckau, Georg-Wilhelm), Georgii Georgievich","horn player (вальдгорнистъ), Maly then Alexandrinsky theatre orchestras",SP / orchestra (drama),d. 17 Dec 1893,10 lines,none,,,,К. П—въ (section signature),no,,
section,1893-94,1893-94_Obituaries.pdf,17,463,obituary,"Цисвицкій, Викторъ Львовичъ","Tsisvitskii, Viktor Lvovich","staff physician of the Directorate (SP theatres, 1884–89)",SP / administration (medical),"d. 2 Oct 1893, Yalta; b. 1852",15 lines,none,,,,К. П—въ (section signature),no,,
section,1893-94,1893-94_Obituaries.pdf,17-18,463-464,obituary,"Энглундъ (Marie-Dorothea Englund), Марія Эдуардовна","Englund, Mariia Eduardovna (Marie-Dorothea)","actress and operetta singer, German troupe",SP / German troupe,"d. 25 May 1894, Tiflis; b. 26 May 1863",0.6 pp,none,,,,К. П—въ (section signature),yes,"Daughter of a property man (бутафоръ); appeared (""фигурировала"") on the Imperial stages as a child; no dancing stated. Married Prince Андронниковъ.",
section,1893-94,1893-94_Obituaries.pdf,18,464,obituary,"Ѳедотова (Шпейеръ), Анна Ивановна","Fedotova (Shpeier), Anna Ivanovna","chorus singer, Moscow Russian opera",Moscow / opera,d. 19 Aug 1894; b. 1852,4 lines,none,,,,К. П—въ (section signature),no,Last entry; the section ends here with the signature К. П—въ. and a vignette. Death date 19 Aug 1894 falls after the 1893-94 season.,
review,1893-94,review_1893-94_MSK_ballet_p003,block 4,367,farewell,К. А. Щербакова,K. A. Shcherbakov,"régisseur of the ballet troupe, Moscow",Moscow,26 Dec 1893,notice in season review,core,reader,"26-го декабря состоялся прощальный бенефисъ режиссера балетной труппы К. А. Щербакова, оставившаго службу 1-го минувшаго октября.","On 26 December the farewell benefit of the ballet troupe's régisseur K. A. Shcherbakov, who left service on 1 October.",,no,normalised name: К. А. Щербаковъ,
review,1893-94,review_1893-94_SP_ballet_p002,block 2,232,farewell,Евг. Соколовой,Evgeniia Sokolova,"ballerina, St Petersburg",SP,25 Nov [1886],notice in season review,core,reader,"Затѣмъ, въ томъ же году, 25-го ноября (въ прощальный бенефисъ балерины Евг. Соколовой), балетъ этотъ былъ данъ въ первый разъ на сценѣ Маріинскаго театра, причемъ составъ его исполнителей явился тотъ же, что и при постановкѣ его въ Петергофѣ.",Historical note: the ballet was first given at the Mariinsky on 25 November at the farewell benefit of the ballerina Evg. Sokolova.,,no,"normalised name: Евгенія Соколова; historical back-reference, not a 1893-94 event; year from context ('въ томъ же году') not in this block",
review,1893-94,review_1893-94_SP_ballet_p023,block 3,253,memorial_feature,П. И. Чайковскаго,P. I. Chaikovskii,composer,SP,17 Feb 1894,notice in season review,mentions,reader,"17-го февраля въ Маріинскомъ театрѣ данъ былъ спектакль «въ память П. И. Чайковскаго». Спектакль этотъ состоялъ изъ отрывковъ произведеній покойнаго композитора, а именно сюда вошли: 1-е дѣйствіе оперы «Орлеанская дѣва»; арія изъ оперы «Опричникъ»; 2-я картина 1-го дѣйствія оперы «Пиковая дама»; «Коронаціонная кантата»; 2-е дѣйствіе балета «Лебединое озеро», музыка котораго написана П. И. Чайковскимъ.","Performance ""in memory of P. I. Tchaikovsky"" at the Mariinsky, including Act 2 of the ballet Swan Lake.",,no,normalised name: П. И. Чайковскій; the performance the 1894-95 review refers back to,1894-95 memorial_feature p. 205 (review); 1893-94 memorial_feature p. 227 (review); 1894-95 memorial_feature p. 306 (review)
review,1893-94,review_1893-94_SP_ballet_p025,block 3,255,death_notice,Великой Княгини Екатерины Михайловны,Grand Duchess Ekaterina Mikhailovna,member of the Imperial family,SP,before 1 May 1894,notice in season review,mentions,reader,"Этотъ спектакль закончилъ собою сезонъ, такъ какъ съ 1-го мая театры были закрыты по случаю кончины Ея Императорскаго Высочества Великой Княгини Екатерины Михайловны.","This performance closed the season, as from 1 May the theatres were closed on account of the death of Grand Duchess Ekaterina Mikhailovna.",,no,Imperial family death that closed the theatres; not an obituary subject. not a theatre person; included because the death closed the ballet season,
review,1893-94,review_1893-94_SP_opera_p039,block 4,227,memorial_feature,П. И. Чайковскаго,P. I. Chaikovskii,composer,SP,17 and 22 Feb 1894,notice in season review,mentions,reader,"17-го и 22-го февраля были даны два спектакля «въ память П. И. Чайковскаго»; сборъ съ перваго—былъ предназначенъ на сооруженіе памятника на могилѣ успѣшаго композитора, а со втораго—былъ переданъ въ Высочайше учрежденную Коммиссію по сбору пожертвованій на составленіе капитала въ память П. И. Чайковскаго для пособія музыкальнымъ артистамъ и композиторамъ и на постановку статуи П. И. Чайковскаго во вновь строящемся зданіи С.-Петербургской Консерваторіи.","Two performances in memory of Tchaikovsky; proceeds of the first to a monument on his grave, of the second to the memorial fund and a statue in the new Conservatory building.",,no,"normalised name: П. И. Чайковскій; adds the second performance (22 Feb), which the ballet review does not mention; SP_opera_p000 #2 counts both as mixed opera-and-ballet performances; «успѣшаго» is as stored in the database",1894-95 memorial_feature p. 205 (review); 1893-94 memorial_feature p. 253 (review); 1894-95 memorial_feature p. 306 (review)
roster,1893-94,theaterschoolstaff_1893-94_p002,,,death_mark,"Добрынинъ, Константинъ Львовичъ",,Математика,theatre school staff,† 8 іюня 1894 г,death mark in roster,mentions,RG 2026-10-10: non-dance teacher in the ballet department,Императорское Московское Театральное Училище / Преподаватели / а) Балетное отдѣленіе,,,no,Name and date as stored in the database (raw.person_entry); not re-read for this catalogue.,
section,1894-95,1894-95_Feature_MemoriesofBocharov.pdf,1-10,388-396 (+ unnumbered portrait plate after p. 388),memorial_feature,Михаилъ Ильичъ Бочаровъ,"Bocharov, Mikhail Ilich",academician of landscape painting; decorator (scene painter) of the Imperial Theatres,"SP / scenic department (opera, ballet, drama)",† 13-го іюля 1895 года (Strelna); b. 1832; decorator from 25 May 1864; 25-year jubilee Dec 1888,9 pp text + portrait plate,core,RG ruling 2026-10-10: designer,"истинно волшебная движущаяся «панорама» въ балетѣ «Спящая красавица» ... мгновенное появленіе поэтическаго зимняго пейзажа въ балетѣ «Щелкунчикъ»,—глубина и тихая поверхность воды въ балетѣ «Лебединое озеро»","Ballet décor named: the moving panorama in Sleeping Beauty, the winter landscape in The Nutcracker, the water in Swan Lake (p. 396); also new décor for act 2 of the ballet «Весталка» and renewed décor for the ballet «Фіаметта», season 1887-88 (p. 394).",Е. Пономаревъ. (dated Мартъ 1896 г.),yes,"Title: «ПАМЯТИ Михаила Ильича Бочарова, академика пейзажной живописи и декоратора Императорскихъ театровъ.» Complete in the file (starts p. 388 with vignette, ends p. 396 with signature). pdf p. 2 is the full-page portrait plate, unnumbered («Съ фотографіи Императорскихъ театровъ автотипія Ангерера и Гёшля (въ Вѣнѣ)»). Mostly opera/drama décor (Вильгельмъ Телль, Рогнѣда, Лоэнгринъ, Фаустъ, Чародѣйка, Іоланта, Аида, Русалка, Демонъ; last sketches for Ночь предъ Рождествомъ and Орестейя); 1883 coronation performances décor for the Moscow Bolshoi; also repainted décor for the stage of the Theatre School (by Sept 1865). On 29 July 1895 the painting hall of the Mariinsky was named «Мастерской Декоратора М. И. Бочарова». Could be upgraded to core if ballet designers count as core - the ballet work is a minority of the text but includes the three Tchaikovsky ballets.",
section,1894-95,1894-95_Jubilee_Efimov.pdf,1-2,331-332,jubilee,Константинъ Пантелеевичъ Ефимовъ,"Efimov, Konstantin Panteleevich",assistant régisseur of the ballet troupe; formerly corps de ballet dancer (figurant),SP / ballet,"50-year jubilee, 1845-1895 (benefit 10 Dec 1895, Mariinsky); b. 25 April 1829; in service from 21 March 1848",1 p (22 lines over 2 pp),core,reader,избранъ для замѣщенія открывшейся вакансіи помощника режиссера балетной труппы,"Corps de ballet dancer from 1848; on 13 Nov 1867 chosen as assistant régisseur of the ballet troupe, a post he still holds.",К. П.,yes,"Heading: «(По поводу 50-ти-лѣтія его артистической дѣятельности)»; portrait flanked by L / 1845 г. - 1895 г., from a photograph by К. А. Бергамаско. Quoted as «одинъ изъ лучшихъ и усердныхъ фигурантовъ, исполнявшій даже небольшія роли въ балетахъ». Temporarily acted as chief régisseur of the troupe after the death of г. Ди-Сеньи. Full benefit at the Mariinsky 10 Dec 1895 with the ballet «Конекъ-горбунокъ». Pension 3 Aug 1865.",1895-96 jubilee p. 249 (review)
section,1894-95,1894-95_Jubilee_Gelvig.pdf,1,370,jubilee,Адольфъ Ивановичъ Гельвигъ (Gustav-Adolf Helwig),"Gelvig, Adolf Ivanovich (Helwig, Gustav-Adolf)","violinist (first violin), opera and ballet orchestra",SP / opera and ballet orchestra,25-year jubilee (in service from 16 Sept 1869); b. 1848; pension 12 Nov 1890,8 lines,core,RG ruling 2026-10-10: combined opera-and-ballet orchestra,"состоитъ въ оркестрѣ оперы и балета, гдѣ занимаетъ пультъ первой скрипки","Currently in the opera and ballet orchestra, at a first-violin desk.",К. П.,no,Same page image as 1894-95_Jubilee_Grigorenko_p01. Prussian subject until 1870.,
section,1894-95,1894-95_Jubilee_Gerner.pdf,1,371,jubilee,Валентинъ Іосифовичъ Майеръ,"Maier, Valentin Iosifovich","violinist, opera orchestra",SP / opera orchestra,25-year jubilee (in service from 9 Oct 1869); b. 17 Jan 1841; pension 1889,8 lines,none,,,,К. П.,no,"Neighbouring jubilee on the Gerner extract page (p. 371), complete on this page; no file of its own - partially scanned section. Father a musician of the Imperial Theatres († 1869).",
section,1894-95,1894-95_Jubilee_Gerner.pdf,1,371,jubilee,Августъ Ѳедоровичъ Гернеръ (August-Friedrich Görner),"Gerner, Avgust Fedorovich (Görner, August-Friedrich)","horn player, opera and ballet orchestra (began in the ballet orchestra)","SP / ballet orchestra, later opera and ballet orchestra",25-year jubilee (in service from 1 Nov 1869); b. 3 Feb 1849; pension from 1891,11 lines,core,reader,поступилъ на службу дирекціи артистомъ-вальдгорнистомъ въ С.-Петербургскій балетный оркестръ,"Entered service 1 Nov 1869 as horn player in the St Petersburg ballet orchestra (also earlier, doubling as trumpeter); Italian orchestra 1880-85; now in the opera and ballet orchestra.",К. П.,no,"Saxon subject by birth, naturalised 1871. Could be read as mentions rather than core: ballet orchestra 1869-1879 only, then Italian opera, then combined orchestra.",
section,1894-95,1894-95_Jubilee_Grigorenko.pdf,1,370,jubilee,Павелъ Константиновичъ Григоренко,"Grigorenko, Pavel Konstantinovich","flautist (second flute), ballet orchestra",SP / ballet orchestra,25-year jubilee (in service from 8 Aug 1869); b. 23 June 1845; pension 8 Aug 1889,13 lines,core,reader,съ 1-го октября 1877 года переведенъ въ оркестръ балета на пультъ второй флейты,From 1 Oct 1877 transferred to the ballet orchestra at the second-flute desk (previously German orchestra).,К. П.,no,Same page image as 1894-95_Jubilee_Gelvig_p01 (p. 370 holds both notices). Ten years a musician in the Guards Naval Crew (Гвардейскій Экипажъ) from 1859.,
section,1894-95,1894-95_Jubilee_Morozov.pdf,1-2,368-369,jubilee,Сергѣй Яковлевичъ Морозовъ,"Morozov, Sergei Iakovlevich","cellist, opera and ballet orchestra",SP / opera and ballet orchestra,25-year jubilee celebrated 21 Oct 1895; b. 1850; in service from 21 Oct 1869,1.3 pp,core,RG ruling 2026-10-10: combined opera-and-ballet orchestra,извѣстный віолончелистъ Императорскаго опернаго и балетнаго оркестра,Well-known cellist of the Imperial opera and ballet orchestra (appointed 1869 to the Russian opera orchestra).,К. П.,yes,"Heading: «(По поводу 25-ти-лѣтія его артистической дѣятельности при Императорскихъ театрахъ)»; portrait flanked by XXV. Former court boy chorister; pupil of К. Ю. Давыдовъ. Ballet link is only the combined opera-and-ballet orchestra designation. Printed 'Морс-зову' at a line break on p. 369 (o for о? - looks like a broken letter, not checked further).",
section,1894-95,1894-95_Obituaries.pdf,1,397,section_heading_only,,,,,,heading,none,,,,,no,"Decorative section heading «НЕКРОЛОГИ» (engraved plaque with palm branch). Entries are alphabetical, unsigned.",
section,1894-95,1894-95_Obituaries.pdf,1,397,obituary,"Акимовъ, Ѳедоръ Фроловичъ","Akimov, Fedor Frolovich","timpanist (артистъ литавристъ), orchestra of the Alexandrinsky Theatre",SP / drama orchestra,† 2-го января 1895 г.; in service 1 March 1874 - 1 Dec 1894,17 lines,none,,,,,yes,"Former regimental drummer, Preobrazhensky regiment; first appointed «артистомъ турецкой музыки».",
section,1894-95,1894-95_Obituaries.pdf,1-2,397-398,obituary,"Андреевъ, Константинъ Александровичъ","Andreev, Konstantin Aleksandrovich",former ballet artist (corps de ballet dancer),SP / ballet,"† 10-го октября 1894 г.; b. 10 April 1858; service counted from 10 April 1874, left 1 May 1894",12 lines,core,reader,былъ опредѣленъ въ Петербургскую балетную труппу кордебалетнымъ танцовщикомъ,Appointed to the Petersburg ballet troupe as a corps de ballet dancer (1876).,,no,"Extern pupil of the SP Theatre School; born Gory-Gorki, Mogilev gubernia; died in Obukhov hospital of consumption.",
section,1894-95,1894-95_Obituaries.pdf,2,398,obituary,"Бенда, Маттіасъ Іосифовичъ","Benda, Mattias Iosifovich","horn player, then percussion, Moscow ballet orchestra",Moscow / ballet orchestra (earlier Maly Theatre orchestra),† 7-го марта 1895 г.; in service from 15 Jan 1879,17 lines,core,reader,артистъ Московскаго балетнаго оркестра,"Artist of the Moscow ballet orchestra (there 1887-89 and again from 16 Oct 1890, at the percussion desk).",,yes,"Austrian subject, naturalised 1882; also music copyist.",
section,1894-95,1894-95_Obituaries.pdf,2,398,obituary,"Бергманъ, Антонъ-Вильгельмъ","Bergman, Anton-Vilgelm","former violinist, orchestra of the Italian opera",SP / Italian opera orchestra,"† 21-го марта 1895 г. (Kassel); b. 1859; engaged 1 Sept 1882, dismissed 1 Jan 1887",9 lines,none,,,,,no,,
section,1894-95,1894-95_Obituaries.pdf,2,398,obituary,"Брюнинъ, Гавріилъ Алексѣевичъ","Briunin, Gavriil Alekseevich",retired corps de ballet dancer,SP / ballet,† January 1895 (day not given; suicide); in service 11 March 1851 - 1871,8 lines,core,reader,отставной кордебалетный танцовщикъ С.-Петербургской балетной труппы,Retired corps de ballet dancer of the St Petersburg ballet troupe.,,no,SP Theatre School graduate. «Въ январѣ 1895 года ... окончилъ жизнь самоубійствомъ».,
section,1894-95,1894-95_Obituaries.pdf,3-4,399-400,obituary,Вейкманъ Іеронимъ (Hieronymus Weickmann),"Veikman, Ieronim (Weickmann, Hieronymus)",violist; former soloist of the Russian opera orchestra; conservatory professor of viola,SP / opera orchestra (earlier ballet orchestra),"† 14-го апрѣля 1895 года (14/26 April, Nuremberg); b. 26 Jan 1825; in service 1 May 1855 - 1 Sept 1890",1.2 pp,mentions,reader,"поступилъ на службу Дирекціи первымъ альтомъ Петербургскаго балетнаго оркестра, а черезъ 4 года ... былъ переведенъ въ составъ русскаго опернаго оркестра",Entered service 1 May 1855 as first viola of the Petersburg ballet orchestra; four years later moved to the Russian opera orchestra.,,yes,No comma after the surname in print. List of compositions given (none for ballet).,
section,1894-95,1894-95_Obituaries.pdf,4,400,obituary,"фанъ-Вельсенеръ, Теодоръ (Théodore-Louis-André Van-Welssenaers)","fan-Velsener, Teodor (Van-Welssenaers)",librarian and actor of the French troupe (stage name Теодоръ),SP / French drama,† 16-го мая 1895 г.; b. 1824; in service from 15 Dec 1852,15 lines,none,,,,,no,Latin form read as 'Van-Welssenaers' (italic); Welssenaers[?] - the double s is my reading.,
section,1894-95,1894-95_Obituaries.pdf,4,400,obituary,"Видеманъ, Регина-Марія (Marie Wiedemann)","Videman, Regina-Mariia (Wiedemann)",former chorister of the German troupe,SP / German troupe,"† 13-го сентября 1894 г., aged 86; b. 1808 Riga; in service from 20 Aug 1836",8 lines,none,,,,,no,née Шульцъ.,
section,1894-95,1894-95_Obituaries.pdf,4-5,400-401,obituary,"Волковъ, Василій Васильевичъ","Volkov, Vasilii Vasilevich",ballet artist (corps de ballet dancer),SP / ballet,† 20-го августа 1895 года; b. 24 Dec 1872; in service from 1 June 1890,13 lines,core,reader,былъ опредѣленъ на службу въ С.-Петербургскую балетную труппу кордебалетнымъ танцовщикомъ,Appointed to the St Petersburg ballet troupe as a corps de ballet dancer on leaving the Theatre School (1890).,,yes,Out of service 1893-94 for military service (2nd Rifle battalion of the Guards); died of typhoid.,
section,1894-95,1894-95_Obituaries.pdf,5,401,obituary,"Галандеръ (Мейнцъ), Агата-Доротея (Agathe Galander Meinsz)","Galander (Meints), Agata-Doroteia","former actress of the German troupe; earlier chorister, Italian opera",SP / German troupe,"† 4-го іюля 1895 года, aged 82; in service 18 March 1847 - 23 March 1867",13 lines,none,,,,,no,,
section,1894-95,1894-95_Obituaries.pdf,5,401,obituary,"Горохова, Анна Николаевна","Gorokhova, Anna Nikolaevna",former corps de ballet dancer; later walk-on artist of the Moscow drama troupe,Moscow / ballet (then drama),† 7-го апрѣля 1895 года; b. 10 Sept 1846; ballet 31 March 1863 - 1 Oct 1883; drama 1885-87,12 lines,core,reader,была опредѣлена въ Московскую балетную труппу кордебалетною танцовщицею,Appointed to the Moscow ballet troupe as a corps de ballet dancer (1863).,,no,Daughter of a costumier of the Moscow theatres. Dismissed 1 Oct 1883 «по случаю преобразованія балетной труппы Московскихъ театровъ» (the 1883 Moscow ballet reduction).,1892-93 jubilee p. 339 (review)
section,1894-95,1894-95_Obituaries.pdf,5-6,401-402,obituary,"Грунъ, Ефремъ Карловичъ","Grun, Efrem Karlovich","former senior property master (старшій бутафоръ), Russian drama troupe",SP / drama (props),† 18-го апрѣля 1895 года; b. 1832; in service 15 Nov 1878 - 1 Jan 1887,11 lines,none,,,,,no,First appointed assistant property master at the Mariinsky Theatre (Nov 1878 - Jan 1880); no ballet named.,
section,1894-95,1894-95_Obituaries.pdf,6,402,obituary,"Дельтомбъ, Огюстъ (Auguste Deltombe)","Deltomb, Ogiust (Deltombe, Auguste)",former chief régisseur and actor of the French troupe,SP / French drama,† 3-го сентября 1894 г. (Paris); b. 1827; in service 28 Aug 1879 - 1 Sept 1886,13 lines,none,,,,,yes,,
section,1894-95,1894-95_Obituaries.pdf,6,402,obituary,"Дороѳеевъ, Іосифъ Александровичъ","Dorofeev, Iosif Aleksandrovich",ballet artist (2nd dancer of the 2nd rank),SP / ballet,† 28-го ноября 1894 г. (Gatchina); b. 31 March 1864; in service from 1883 (seniority from 31 March 1880),11 lines,core,reader,былъ опредѣленъ на службу въ С.-Петербургскую балетную труппу 2-мъ танцовщикомъ 2-го разряда,Appointed to the St Petersburg ballet troupe as a second dancer of the 2nd rank (1883).,,yes,Son of a property master of the Imperial Theatres.,
section,1894-95,1894-95_Obituaries.pdf,6-7,402-403,obituary,"Дубковъ, Николай Николаевичъ","Dubkov, Nikolai Nikolaevich","former head of lighting, Mikhailovsky Theatre",SP / technical (lighting),† 15-го сентября 1894 года; b. 5 Dec 1835; in service 1860 - 1 May 1892,15 lines,none,,,,,no,Supervised installation of gas lighting in the Mariinsky and Mikhailovsky theatres.,
section,1894-95,1894-95_Obituaries.pdf,7,403,obituary,"Журинъ, Николай Алексѣевичъ","Zhurin, Nikolai Alekseevich",former drama actor,SP / Russian drama,"† 10-го ноября 1894 г. (suicide, Chardzhui); b. 17 April 1847; in service 1868-1879",26 lines,none,,,,,yes,Theatre School state pupil; married to former drama actress Евг. А. Яблочкина.,
section,1894-95,1894-95_Obituaries.pdf,8,404,obituary,"Ивановъ (Барцалъ), Иванъ Ивановичъ","Ivanov (Bartsal), Ivan Ivanovich",opera singer (second baritone and bass),Moscow / opera,† 10-го мая 1895 г.; in service from 18 Aug 1881,17 lines,mentions,reader,былъ женатъ на артисткѣ Московской балетной труппы Е. В. Череповой 1-й,Was married to the Moscow ballet artist E. V. Cherepova 1st.,,yes,"Real name Барцалъ, stage name Ивановъ; Austrian by birth.",
section,1894-95,1894-95_Obituaries.pdf,8-9,404-405,obituary,"Карпова (Нестеровская), Евдокія Илларіоновна","Karpova (Nesterovskaia), Evdokiia Illarionovna",drama actress (comic old women),SP / Russian drama,† 20-го ноября 1894 г.; b. 24 Feb 1845; in service from 28 March 1865,30 lines,none,,,,,yes,SP Theatre School graduate (1865); no dance training mentioned.,
section,1894-95,1894-95_Obituaries.pdf,9,405,obituary,"Крюгеръ, Оскаръ-Адольфъ (Oscar-Adolf Krüger)","Kriuger, Oskar-Adolf (Krüger)","horn player, orchestra of the Moscow Bolshoi Theatre",Moscow / opera orchestra,"† 9-го іюля 1895 г. (drowned, Oranienbaum); in service from 1 Sept 1891",17 lines,none,,,,,yes,,
section,1894-95,1894-95_Obituaries.pdf,9-10,405-406,obituary,"Легатъ, Густавъ Ивановичъ","Legat, Gustav Ivanovich","former ballet artist: first dancer, dance teacher, staged a ballet in Moscow",SP and Moscow / ballet,† 20-го августа 1895 г.; b. 20 Jan 1837; in service 27 March 1857 - 1875 and 6 March 1882 - 15 Oct 1886,39 lines (c. 1 p),core,reader,Первыя роли въ балетахъ и характерные танцы въ операхъ принадлежали къ амплуа Г. И. Легата,"First roles in ballets and character dances in operas were G. I. Legat's line of work; coryphée 1857, dancer 1858; understudied Johansson and M. I. Petipa.",,yes,"Key ballet entry. Father a machinist of the Imperial Theatres, not a Russian subject; admitted «приватно» to M. I. Petipa's class by Gedeonov's permission. Deputised for Petipa as dance teacher at the Theatre School. Sent to Moscow end of 1865 to replace first dancer Соколовъ († 1893) and there staged the ballet «Мечта художника». Transferred to the Moscow ballet 1 May 1869 as 1st dancer, teaching extern pupils; senior dance teacher of the Moscow Theatre School 25 Oct 1872 - 1 Nov 1874; Swedish subject until 7 Jan 1872; back in Moscow ballet 1882-85, Petersburg ballet 1885-86. Diamond ring for a ballet performance at Tsarskoe Selo, 27 Dec 1864.",
section,1894-95,1894-95_Obituaries.pdf,10-11,406-407,obituary,"Маннъ, Ипполитъ Александровичъ","Mann, Ippolit Aleksandrovich",actual state councillor; former deputy chairman of the Theatrical-Literary Committee; playwright and critic,SP / administration,† 10-го декабря 1894 г.; b. 29 Jan 1823,1 p,none,,,,,yes,Honorary member of the Conference of the SP Theatre School from 1857; list of his comedies; no ballet content.,
section,1894-95,1894-95_Obituaries.pdf,11-12,407-408,obituary,"Медвѣдева, Акулина Дмитріевна","Medvedeva, Akulina Dmitrievna",former drama actress,Moscow / drama,"† 31-го іюля 1895 г., aged 99; b. 31 May 1796; in service 1814/1816 - 1 June 1822",29 lines,mentions,reader,"числилась въ драматической труппѣ, но, по обычаю того времени, участвовала и въ операхъ, и въ балетныхъ дивертиссементахъ","Though listed in the drama troupe she, by the custom of the time, also appeared in operas and in ballet divertissements.",,yes,Entered the Moscow Theatre School 1807; school evacuated to Kostroma in 1812. Mother of the Maly actress Н. М. Медвѣдева.,
section,1894-95,1894-95_Obituaries.pdf,12-13,408-409,obituary,"Михайловская (Лейброкъ), Жозефина Августовна","Mikhailovskaia (Leibrok), Zhozefina Avgustovna",drama actress; formerly opera soprano,SP / Russian drama (earlier Russian opera),† 22-го марта 1895 г.; b. 1842; opera 13 Nov 1863 - 13 Nov 1871; drama from 1 July 1882,30 lines,none,,,,,yes,Stage name Михайловская; married name Веселаго.,
section,1894-95,1894-95_Obituaries.pdf,13,409,obituary,"Моцейкевичъ, Михаилъ Варѳоломеевичъ","Motseikevich, Mikhail Varfolomeevich","former double-bass player, Alexandrinsky Theatre orchestra",SP / drama orchestra,† 11-го января 1895 года; b. 24 Sept 1848; in service 1 Sept 1881 - 1 Dec 1894,8 lines,none,,,,,no,,
section,1894-95,1894-95_Obituaries.pdf,13,409,obituary,"Нестеровъ, Григорій Михайловичъ","Nesterov, Grigorii Mikhailovich","former violinist, Alexandrinsky Theatre orchestra",SP / drama orchestra,† 2-го февраля 1895 года; b. 1821; in service 1 Oct 1872 - 1 May 1892,7 lines,none,,,,,no,,
section,1894-95,1894-95_Obituaries.pdf,13,409,obituary,"Николаевскій, Павелъ Михайловичъ","Nikolaevskii, Pavel Mikhailovich","former chorister, Russian opera",SP / opera chorus,† 25-го октября 1894 года; b. 1841; in service 1 Sept 1864 - 1 Sept 1884,6 lines,none,,,,,no,,
section,1894-95,1894-95_Obituaries.pdf,13-14,409-410,obituary,"Новиковъ, Павелъ Евтихіевичъ","Novikov, Pavel Evtikhievich",collegiate assessor; former superintendent (смотритель) of the Kamennoostrovsky Theatre,SP / administration,"† 9-го мая 1895 года (Pechory, Pskov gub.); b. 2 Jan 1834; in service 1 Sept 1849 - 1 Oct 1882",22 lines,none,,,,,no,Acting superintendent of the Bolshoi Theatre (SP) 1877-80; supernumerary drawing teacher at the Theatre School. No ballet content.,
section,1894-95,1894-95_Obituaries.pdf,14-15,410-411,obituary,"Орловъ, Иванъ Сергѣевичъ","Orlov, Ivan Sergeevich","former chief supervisor of the male pupils (главный надзиратель при воспитанникахъ), SP Theatre School; Russian-language teacher",SP / Theatre School,† 10-го августа 1895 года; b. 1822; at the School 29 Jan 1854 - 1 Sept 1887,21 lines,mentions,reader,былъ опредѣленъ сверхштатнымъ надзирателемъ при воспитанникахъ и учителемъ русскаго языка въ младшихъ классахъ Императорскаго С.-Петербургскаго Театральнаго Училища,"Supervisor of the boy pupils and Russian teacher in the junior classes of the SP Theatre School, 1854-87 (the school that trained the ballet); no dance teaching.",,no,"Relevance is institutional only (Theatre School staff, non-dance); downgrade to none if school staff are out of scope. From 1861 acting assistant to the School's director for the boys' side «по учебной и нравственной частямъ».",
section,1894-95,1894-95_Obituaries.pdf,15,411,obituary,"Пономаревъ, Павелъ Ивановичъ","Ponomarev, Pavel Ivanovich","former prompter of the Russian opera; assistant régisseur, troupe librarian",SP / opera,† 16-го августа 1895 года; b. 1836; in service 15 March 1858 - 1 Sept 1882,13 lines,none,,,,,no,,
section,1894-95,1894-95_Obituaries.pdf,15,411,obituary,"Рамзе, Эмилій-Вильгельмъ (Wilhelm Ramsöe)","Ramze, Emilii-Vilgelm (Ramsöe, Wilhelm)","former conductor of the Mikhailovsky Theatre orchestra; earlier violist, Italian and Russian opera orchestras",SP / French-drama orchestra,"† 15-го апрѣля 1895 года (Denmark), aged 58; in service 1 Oct 1877 - 10 Dec 1894",15 lines,none,,,,,no,Danish; 22 years a conductor in Copenhagen. Latin form read as 'Wilhelm Ramsöe' (italic; final letters slightly unclear).,
section,1894-95,1894-95_Obituaries.pdf,15-16,411-412,obituary,"Селиверстовъ, Михаилъ Арсеніевичъ","Seliverstov, Mikhail Arsenievich","former flautist (2nd flute), Alexandrinsky Theatre orchestra",SP / drama orchestra,† 4-го марта 1895 года; b. 1841; in service 1 Oct 1872 - 1 Sept 1887,17 lines,none,,,,,no,,
section,1894-95,1894-95_Obituaries.pdf,16,412,obituary,"Сергѣева, Анна Дмитріевна","Sergeeva, Anna Dmitrievna","former ballet dancer; teacher of the dance class, Moscow Theatre School",Moscow / ballet (earlier SP ballet),† 25-го марта 1895 г.; b. 28 Jan 1849; Moscow ballet 28 Feb 1878 - 1 Oct 1883,17 lines,core,reader,занимала должность учительницы танцовальнаго класса въ Московскомъ Императорскомъ Театральномъ Училищѣ съ 15-го ноября 1880 года по 17-е сентября 1886 года,"Dancer of the SP then Moscow ballet; taught the dance class of the Moscow Theatre School, 15 Nov 1880 - 17 Sept 1886.",,yes,"SP Theatre School state pupil; left service 1 Oct 1883 «по случаю преобразованія Московскаго балета», with pension.",
section,1894-95,1894-95_Obituaries.pdf,16-17,412-413,obituary,"Смирнова (Бѣляева), Евгенія Дмитріевна","Smirnova (Beliaeva), Evgeniia Dmitrievna",ballet artist (corps de ballet dancer),SP / ballet (earlier Moscow ballet),† 17-го апрѣля 1895 года; b. 19 Dec 1862; in service from 19 Dec 1878 (graduated 1880),11 lines,core,reader,была зачислена на службу въ Московскую балетную труппу кордебалетной танцовщицей,Entered the Moscow ballet as a corps de ballet dancer (1880); moved to the SP ballet at the reform of the Moscow troupe.,,no,"Maiden name Бѣляева, married name Смирнова; married to Moscow ballet artist А. П. Смирновъ. Died of pyaemia (піэміи).",
section,1894-95,1894-95_Obituaries.pdf,17,413,obituary,"Смирновъ, Павелъ Петровичъ","Smirnov, Pavel Petrovich","former orchestra artist: 1st clarinet, later pianist for offstage music in drama","SP / orchestras (drama, Russian, Italian, German opera)",† 1-го іюня 1895 года; b. 13 Jan 1855; in service 16 Sept 1873 - 24 June 1892,13 lines,none,,,,,no,,
section,1894-95,1894-95_Obituaries.pdf,17,413,obituary,"Степанова, Анна Гурьевна","Stepanova, Anna Gurevna",former drama actress,SP / Russian drama,† въ 1895 г. (Caucasus; day not given); b. 11 Jan 1848; in service 4 June 1867 - 4 June 1887,20 lines,none,,,,,yes,Married name Городецкая; Theatre School stipendiary. No dance mentioned.,
section,1894-95,1894-95_Obituaries.pdf,18,414,obituary,"Степановъ, Павелъ Яковлевичъ","Stepanov, Pavel Iakovlevich","head of lighting, Alexandrinsky Theatre (formerly scene-painter's assistant)",SP / technical (lighting),† 9-го іюня 1895 года; b. 1834; in service from 16 May 1856,23 lines,none,,,,,no,From 1890 also in charge of electric and «эффектнымъ» lighting of the Alexandrinsky and of the Theatre School. No ballet named.,
section,1894-95,1894-95_Obituaries.pdf,18-19,414-415,obituary,"Стуколкинъ 1-й, Тимоѳей Алексѣевичъ","Stukolkin 1st, Timofei Alekseevich",ballet artist: first dancer in comic roles; dance teacher,SP / ballet,† 18-го сентября 1894 г.; b. 24 April 1829; in service from 21 March 1848 (seniority 26 April 1845); 50-year jubilee planned for spring 1895,44 lines (c. 1 p),core,reader,"онъ сразу занялъ амплуа 1-го танцовщика на комическія роли, которое и несъ съ успѣхомъ въ теченіе всей своей полувѣковой службы",At once took the line of first dancer in comic roles and held it throughout his half-century of service.,,yes,"Key ballet entry. Last appeared 18 Sept 1894 at the Mikhailovsky Theatre in «Коппелія»; taken ill in the interval after act 2 and died in his dressing room of heart failure. Roles named: Донъ-Кихотъ, Пьеръ-Гренгуаръ («Эсмеральда»), Джонъ-Буль («Дочь фараона»), Тарасъ («Золотая рыбка»), Маркобомба. Sent to Moscow end of 1851. Taught dancing 40+ years at Smolny, Ekaterininsky, Patriotic and Elizavetinsky institutes and the Alexandrovsky Lyceum. Married to a daughter of the ballet artist Н. О. Гольцъ. Born in the village of Козьмино, Ardatov uezd, Simbirsk gub.",1894-95 memorial_feature p. 215 (review)
section,1894-95,1894-95_Obituaries.pdf,19-20,415-416,obituary,"Стуколкинъ 2-й, Левъ Петровичъ","Stukolkin 2nd, Lev Petrovich","former ballet artist: coryphée, second dancer (mime line); ballroom-dance teacher",SP / ballet,† 20-го мая 1895 г.; b. 19 Feb 1837; in service 19 Feb 1853 (graduated 1857) - 1 May 1884,30 lines,core,reader,былъ перечисленъ въ разрядъ вторыхъ танцовщиковъ на амплуа мимистовъ,Coryphée of the ballet troupe from 1857; in 1880 moved to the rank of second dancers in the mime line.,,yes,One of Petersburg's best ballroom-dance teachers; compiled a manual for teaching dances («составилъ руководство къ преподаванію танцевъ»); staged ballet divertissements on private stages and toured the provinces; a founder of the Direction's burial fund «Касса послѣдней помощи». Married to drama actress В. В. Стрѣльская.,
section,1894-95,1894-95_Obituaries.pdf,20-21,416-417,obituary,"Татариновъ, Николай Ивановичъ","Tatarinov, Nikolai Ivanovich",ballet artist: first dancer (character and mime roles); acting régisseur of the troupe 1886-87,Moscow / ballet (earlier SP ballet),† 27-го января 1895 г.; b. 30 Sept 1859; in service from 7 June 1879 (seniority 30 Sept 1875),31 lines,core,reader,съ 1-го марта 1891 года былъ переведенъ въ число первыхъ танцовщиковъ. Н. И. Татариновъ отличался особеннымъ искусствомъ исполненія характерныхъ танцевъ,"Coryphée in SP 1879, second dancer 1883, transferred to the Moscow ballet 1 June 1885, first dancer from 1 March 1891; excelled in character dances.",,yes,"Acting régisseur of the Moscow ballet troupe 5 Sept 1886 - 1 Aug 1887. Roles: «Корсаръ» (Конрадъ), «Донъ-Кихотъ» (Санхо-Пансо), «Кипрская статуя» (Фаліонъ), «Робертъ и Бертрамъ» (Робертъ), «Индія» (Симуръ), «Сатанилла» (Брокачіо). Gave lessons in dance and mime at the Moscow Conservatoire.",
section,1894-95,1894-95_Obituaries.pdf,21,417,obituary,"Томсонъ (Волкова), Марія Павловна","Tomson (Volkova), Mariia Pavlovna",former drama actress,SP / Russian drama,† 5-го апрѣля 1895 г.; b. 1868; in service 1 May 1891 - 1 May 1892,23 lines,none,,,,,yes,,
section,1894-95,1894-95_Obituaries.pdf,21-22,417-418,obituary,"Франке 2-й, Ѳедоръ Юльевичъ","Franke 2nd, Fedor Iulevich","horn player, orchestra of the Russian opera",SP / opera orchestra,† 18-го апрѣля 1895 г.; b. 1840; opera orchestra from 1 Oct 1873; 25-year jubilee 1 Sept 1893,16 lines,none,,,,,yes,Native of Saxe-Altenburg; first in the Alexandrinsky orchestra as 1st horn.,1893-94 jubilee p. 410
section,1894-95,1894-95_Obituaries.pdf,22,418,obituary,"Хлѣбникова 1-я, Наталья Егоровна","Khlebnikova 1st, Natalia Egorovna",former drama actress,SP / Russian drama,† 30-го іюля 1895 г. (night of 29-30 July); b. 1850; in service 8 June 1869 - 1 June 1883,17 lines,none,,,,,yes,Married name Флугъ; daughter of the «извѣстнаго капельмейстера Е. Хлѣбникова»; Theatre School state pupil. No dance mentioned.,
section,1894-95,1894-95_Obituaries.pdf,22-25,418-421,obituary,"Ѳедотовъ, Александръ Филипповичъ","Fedotov, Aleksandr Filippovich","drama actor, régisseur, teacher of dramatic art, playwright",SP / Russian drama (earlier Moscow Maly),† 11-го февраля 1895 г.; b. 4 Nov 1841,2.7 pp,none,,,,К. П—въ.,yes,"Last entry of the section. The signature «К. П—въ.» stands after this entry at the foot of the whole Некрологи section (p. 421) and presumably covers all the obituaries, not this one alone. First marriage to Г. Н. Позднякова-Ѳедотова.",
review,1894-95,review_1894-95_MSK_opera_p026,block 4,306,memorial_feature,П. И. Чайковскаго,P. I. Chaikovskii,composer,Moscow,7 Apr 1895,notice in season review,none,,7-го апрѣля опера П. И. Чайковскаго—«Евгеній Онѣгинъ» была дана въ 100-й разъ на Московской сценѣ. Сборъ съ этого спектакля былъ предназначенъ въ фондъ на сооруженіе памятника на могилѣ П. И. Чайковскаго.,Proceeds of the 100th Moscow performance of Evgenii Onegin given to the fund for a monument on Tchaikovsky's grave.,,no,"normalised name: П. И. Чайковскій; block #5 adds that Хохловъ, who had sung Onegin in all 100 performances, «по этому случаю былъ особенно привѣтствованъ»",1894-95 memorial_feature p. 205 (review); 1893-94 memorial_feature p. 253 (review); 1893-94 memorial_feature p. 227 (review)
review,1894-95,review_1894-95_SP_ballet_p004,block 9,198,farewell,М. К. Андерсонъ,M. K. Anderson,"ballet dancer, St Petersburg",SP,8 Jan 1895,notice in season review,core,reader,"8-го января состоялся прощальный бенефисъ М. К. Андерсонъ, въ настоящее время оправившейся отъ постигшаго ее несчастнаго случая (см. «Ежегодникъ Императорскихъ театровъ», сезона 1893—1894 гг., стр. 244), но всетаки, по состоянію своего здоровья, принужденной преждевременно покинуть балетную карьеру.","On 8 January the farewell benefit of M. K. Anderson, recovered from her accident but forced by her health to leave her ballet career prematurely.",,no,programme in SP_ballet_p005 #3; back-referenced again in 1904-05 SP_ballet_p015 #3,1904-05 farewell p. 120 (review)
review,1894-95,review_1894-95_SP_ballet_p011,block 4,205,memorial_feature,П. И. Чайковскаго,P. I. Tchaikovsky,composer,SP,17 and 22 Feb 1894,notice in season review,mentions,reader,"въ спектакляхъ, посвященныхъ памяти П. И. Чайковскаго",Act 1 scene 2 of Swan Lake had been given at the Mariinsky the previous season (17 and 22 February) in performances dedicated to the memory of P. I. Tchaikovsky.,,no,normalised name: П. И. Чайковскій; back-reference to 1893-94 memorial performances,1893-94 memorial_feature p. 253 (review); 1893-94 memorial_feature p. 227 (review); 1894-95 memorial_feature p. 306 (review)
review,1894-95,review_1894-95_SP_ballet_p021,block 3,215,memorial_feature,Т. А. Стуколкина,T. A. Stukolkin,"dancer / mime, honoured artist, St Petersburg",SP,5 Feb 1895 (died 18 Sep 1894),notice in season review,core,reader,Четвертое представленіе (5-го февраля) «Лебединаго озера» было дано въ пользу вдовы и сиротъ умершаго въ обозрѣваемомъ сезонѣ (18-го сентября 1894 года) заслуженнаго артиста Т. А. Стуколкина.,"The 4th performance of Swan Lake (5 February) was given for the benefit of the widow and orphans of the honoured artist T. A. Stukolkin, who died this season (18 September 1894).",,no,normalised name: Т. А. Стуколкинъ,1894-95 obituary p. 414-415
section,1895-96,1895-96_Feature_Manokhin.pdf,1-3,452-454,biographical_feature,"Манохинъ, Николай Ѳедоровичъ","Manokhin, Nikolai Fedorovich","premier danseur (dancer 1st rank); second dance teacher, externs' classes of the Moscow Theatre School",Moscow ballet (SP ballet 24 Oct 1880 - 1 Oct 1883),"25 years, 3 February 1896 (service counted from 3 February 1871); benefit at the Moscow Bolshoi 3 February 1896; portrait flanked «XXV 1871 г.» / «XXV 1896 г.»; born 3 February 1855",3 pp,core,reader,исполнилось двадцатипятилѣтіе службы премьера Московской балетной труппы—Николая Ѳедоровича Манохина,"25 years of service of the premier of the Moscow ballet troupe, N. F. Manokhin",К. П.,yes,"[Printed as a stand-alone article, not under a Юбилеи/Некрологи heading; occasion: a jubilee.] Heading verbatim: «Николай Ѳедоровичъ Манохинъ.»; subtitle verbatim: «(По поводу 25-ти-лѣтія его артистической дѣятельности).» Article complete (tailpiece on p.454). Ballet content: son of a well-known Moscow dancer and balletmaster (father not named), sister also a Moscow ballerina (not named); extern at the Moscow Theatre School, released as «танцовщикомъ-солистомъ»; 31 March 1875 second dance teacher of the externs' classes; seconded to the SP ballet 24 October 1880 - 1 October 1883 by order of баронъ Кистеръ; dancer 1st rank from 1 October 1883; pension 3 February 1891, benefit 28 February 1891 with the first «Приключенія Флика и Флока» (cross-ref. to the 1890-1891 Yearbook pp. 239-243). Roles listed: «Брама» (Брама), «Донъ-Кихотъ» (Базиль), «Дочь фараона» (лордъ Вильсонъ, Таоръ), «Жизель» (герцогъ), «Кипрская статуя» (Озисъ), «Конекъ-горбунокъ» (Мутча), «Пакеретта» (Францъ), «Папоротникъ» (Степанъ), «Пахита» (Люсьенъ д'Эрвильи), «Прелести гашиша» (шейхъ), «Приключенія Флика и Флока» (Фликъ), «Робертъ и Бертрамъ» (Бертрамъ), «Сатанилла» (Фабіо), «Свѣтлана» (князь венгерскій), «Фаустъ» (Фаустъ), «Фіаметта» (Стернгольтъ), «Хрустальный башмачекъ» (Маріо), «Царь Кандавлъ» (Гигесъ), «Эсмеральда» (Пьеръ Гренгуаръ). Jubilee benefit programme: first staging of the prologue and three scenes of «Брама», then acts of «Конекъ-горбунокъ» and act 3 of «Эсмеральда» (cross-ref. «см. выше, стр. 352—354»). Gold medal on the Stanislav ribbon 1895.",1895-96 jubilee p. 352 (review)
section,1895-96,1895-96_Obituaries.pdf,1,484,section_heading_only,Некрологи,Nekrologi (Obituaries),,,,heading,none,,,,,no,"Illustrated section heading (stone tablet + palm branch, signed drawing); entries run alphabetically and are unsigned.",
section,1895-96,1895-96_Obituaries.pdf,1-3,484-486,obituary,"Алексѣевъ (Киленинъ), Александръ Алексѣевичъ","Alekseev (Kilenin), Aleksandr Alekseevich",drama actor (former),"SP, Russian drama troupe (Alexandrinsky)",† 7-го декабря 1895 г. (Moscow); born 1822,ca. 2 pp,none,,,,,yes,Externe pupil ca. one year at SP Theatre School in P. A. Karatygin's (drama) class; no ballet content. Quotes his memoirs (M. 1894).,
section,1895-96,1895-96_Obituaries.pdf,3,486,obituary,"Амосова (Гуляева), Варвара Ивановна","Amosova (Gulyaeva), Varvara Ivanovna","ballet artist (figurante; mime roles), former","SP, ballet troupe","† 9-го октября 1895 г. (SP), 85 лѣтъ отъ роду; service 1 May 1826 – 11 Feb 1863",17 lines,core,reader,бывшая артистка С.-Петербургской балетной труппы ... фигуранткою ... «играла во многихъ балетахъ мимическія роли»,"Former artist of the SP ballet troupe; entered 1826 as figurante, played mime roles in many ballets; mother of dancers Anastasiya and Nadezhda Amosova.",,no,"Known on stage as «Амосова старшая»; married Kapellmeister Николай Амосовъ († 1839 г.). Outlived both daughters, «извѣстныхъ танцовщицъ Анастасію и Надежду Амосовыхъ». Cites ballet régisseur Марсель.",
section,1895-96,1895-96_Obituaries.pdf,3-4,486-487,obituary,"Андреевъ, Иванъ Петровичъ","Andreev, Ivan Petrovich",scene painter (декораторъ),"SP, Imperial theatres (scenic)",† 15-го іюня 1896 г. (Лисій Носъ); born 3 Feb 1847,ca. 1.2 pp,none,,,,,yes,"Stage designer, but the works named are all operas/drama (Юдиѳь, Царь Борисъ, Русланъ и Людмила, Млада, Фаустъ, Аида, Князь Серебряный, Орестея) plus the Moscow Bolshoi front curtain; no ballet named. «Млада» is called an opera here. Yearbook illustrator. Borderline: a reviewer may wish to treat as 'mentions' only if ballet décor is known from elsewhere.",
section,1895-96,1895-96_Obituaries.pdf,5,488,obituary,"Арсеньевъ, Алексѣй Александровичъ","Arsen'ev, Aleksei Aleksandrovich",opera chorister,"Moscow, opera chorus",† 7-го марта 1896 г. (Moscow); born 1850,4 lines,none,,,,,no,,
section,1895-96,1895-96_Obituaries.pdf,5,488,obituary,"Бекке (Eugen Becke), Евгеній Генриховичъ (Андреевичъ)","Bekke (Becke), Evgenii Genrikhovich (Andreevich)","orchestra musician (percussion 'Turkish music', 2nd violin, timpanist)","SP, orchestras of Maly / Italian opera / Mikhailovsky theatres","† 17-го января 1896 г. (SP), 39 лѣтъ",11 lines,none,,,,,no,Printed: took the Russian oath «18-го февраля 1886 года».,
section,1895-96,1895-96_Obituaries.pdf,5-6,488-489,obituary,"Бергамаско, Карлъ Ивановичъ","Bergamasco, Karl Ivanovich",former actor of the French troupe; photographer to the Imperial SP theatres,"SP, French drama troupe / photographer","† 10-го мая 1896 г. (SP), 66 лѣтъ",ca. 1 p,none,,,,,yes,Sworn photographer of the Imperial theatres until 1890; no ballet content stated (though his studio photographed theatre artists generally).,
section,1895-96,1895-96_Obituaries.pdf,6,489,obituary,"Бочарскій, Николай Матвѣевичъ","Bocharskii, Nikolai Matveevich",orchestra musician (clarinettist),"SP, orchestras of Maly / Alexandrinsky / Mikhailovsky theatres",† 28-го мая 1896 г.; born 1855,11 lines,none,,,,,no,,
section,1895-96,1895-96_Obituaries.pdf,6-7,489-490,obituary,"Бочкина, Ольга Григорьевна","Bochkina, Ol'ga Grigor'evna",ballet artist (corps de ballet; coryphée from 1895),"Moscow, ballet troupe",† 11-го февраля 1896 г. (Moscow); born 9 July 1865,13 lines,core,reader,артистка Императорской Московской балетной труппы ... кордебалетною танцовщицею ... переведена въ разрядъ корифеекъ,"Artist of the Moscow ballet troupe: corps de ballet dancer from 1881, promoted to coryphée 1 Sept 1895.",,yes,Externe pupil of the Moscow Theatre School; married to Moscow drama actor И. А. Рыжовъ. One of the deaths named in the ballet season review.,
section,1895-96,1895-96_Obituaries.pdf,7,490,obituary,"Ватерстраатъ (Carl-Friedrich-Wilhelm Waterstraat), Ѳедоръ Ивановичъ","Vaterstraat (Waterstraat), Fedor Ivanovich",orchestra musician (first flute); professor of flute,"SP, Russian opera orchestra",† 12-го мая 1896 г. (SP); born 5 Apr 1835,ca. 0.7 p,none,,,,,no,Text stresses he never left the Russian opera orchestra; no ballet content.,
section,1895-96,1895-96_Obituaries.pdf,8,491,obituary,"Гавриловъ, Александръ Ивановичъ","Gavrilov, Aleksandr Ivanovich",theatre sculptor / property maker (former),"SP, Imperial theatres (production workshops)",† 12-го декабря 1895 г. (SP); born 27 Nov 1814,ca. 0.8 p,none,,,,,no,"Entered SP Theatre School 22 Apr 1830 as «кандидатъ» («въ сценическомъ искусствѣ мало оказавъ успѣховъ»), apprenticed 1833 to master Шемаевъ; made furniture, weapons, masks, animal costumes etc. for the stage. Ballet not named.",
section,1895-96,1895-96_Obituaries.pdf,8-9,491-492,obituary,"Гебгардтъ (Joseph-Eduard Gebhardt), Эдуардъ Карловичъ","Gebgardt (Gebhardt), Eduard Karlovich",orchestra musician (bassoonist),"SP, French / German / Mikhailovsky / Alexandrinsky theatre orchestras",† 30-го апрѣля 1896 г. (SP); born 29 Dec 1861,10 lines,none,,,,,no,,
section,1895-96,1895-96_Obituaries.pdf,9-12,492-495,obituary,"Горбуновъ, Иванъ Ѳедоровичъ","Gorbunov, Ivan Fedorovich","drama actor, storyteller, writer","SP, Russian drama troupe (Alexandrinsky)",† 24-го декабря 1895 г.,ca. 3 pp,none,,,,,yes,"Long obituary quoting «Новое Время» (№ 7122). Buried Nikolskoe cemetery, Alexander Nevsky Lavra. No ballet content.",
section,1895-96,1895-96_Obituaries.pdf,12-13,495-496,obituary,"Грибенъ, Августъ Ѳедоровичъ","Griben, Avgust Fedorovich","orchestra musician (percussion), former","SP, French theatre orchestra / Mikhailovsky theatre orchestra","† 17-го марта 1896 г. (SP), на 52-мъ году жизни",10 lines,none,,,,,no,,
section,1895-96,1895-96_Obituaries.pdf,13,496,obituary,"Гуляевъ (Ивановъ), Степанъ Дмитріевичъ","Gulyaev (Ivanov), Stepan Dmitrievich","orchestra musician (violinist), former","SP, Imperial theatres orchestra (Italian opera orchestra; Alexandrinsky orchestra)","† 9-го апрѣля 1896 г. (SP), 62-хъ лѣтъ",12 lines,none,,,,,no,"Alphabetical order as printed: Грибенъ, Гуляевъ, then Дубровинъ. No stated relation to Амосова (Гуляева) above.",
section,1895-96,1895-96_Obituaries.pdf,13,496,obituary,"Дубровинъ (Ватсонъ), Василій Ѳомичъ","Dubrovin (Watson), Vasilii Fomich",drama actor,"Moscow, Russian drama troupe (Maly)",† 5-го января 1896 г. (Moscow),ca. 0.5 p,none,,,,,yes,British subject; stage name Дубровинъ.,
section,1895-96,1895-96_Obituaries.pdf,14,497,obituary,"Закаспійская (Каратыгина), Варвара Николаевна","Zakaspiiskaya (Karatygina), Varvara Nikolaevna",chorister (former),"SP, French theatre chorus",Въ сентябрѣ 1895 года (no day printed); born 13 Sept 1831,7 lines,none,,,,,no,Daughter of a theatre wardrobe master; Каратыгина by marriage. Service 8 Apr 1853 – 8 Apr 1873.,
section,1895-96,1895-96_Obituaries.pdf,14,497,obituary,"Захаревскій, Владиміръ Григорьевичъ","Zakharevskii, Vladimir Grigor'evich",orchestra musician (clarinettist),"SP, Alexandrinsky theatre orchestra","† 3-го мая 1896 г. (SP), на 47-мъ году жизни",11 lines,none,,,,,no,"Educated at the SP Theatre School (musician, graduated 1 July 1869); whole career in the Alexandrinsky (drama) orchestra; no ballet content.",
section,1895-96,1895-96_Obituaries.pdf,14-15,497-498,obituary,"Золотаренко, Петръ Петровичъ","Zolotarenko, Petr Petrovich","second Kapellmeister (conductor) of the ballet orchestra, former; violinist; composer of ballet numbers","Moscow, ballet orchestra","† 17-го октября 1895 г. (Moscow), aged 39",ca. 0.7 p,core,reader,бывшій второй капельмейстеръ балетнаго оркестра Императорскихъ Московскихъ театровъ ... музыка цѣлой массы всевозможныхъ вставныхъ балетныхъ па,Former second conductor of the Moscow ballet orchestra (appointed 19 Sept 1882); composed a mass of interpolated ballet pas and most numbers of the féerie «Кольцо любви».,,yes,"Entered 6 Mar 1873 as cellist, moved to violin desk 21 Dec 1873. Left supernumerary 1 Oct 1893 «за упраздненіемъ спеціально балетныхъ оркестровъ» — useful statement on abolition of separate ballet orchestras. Féerie by В. А. Крыловъ «Кольцо любви» at the Moscow Bolshoi.",
section,1895-96,1895-96_Obituaries.pdf,15,498,obituary,"Каннегиссеръ (Kannegiesser), Адольфъ","Kannegisser (Kannegiesser), Adol'f","orchestra musician (bassoonist), former","SP, Imperial theatres orchestra",† 9-го марта 1896 г. (SP); born April 1819,8 lines,none,,,,,no,No patronymic printed.,
section,1895-96,1895-96_Obituaries.pdf,15,498,obituary,"Константиновъ, Николай Ивановичъ","Konstantinov, Nikolai Ivanovich",orchestra musician (second violin),"Moscow, opera orchestra","† 7-го августа 1896 г. (Tver'), aged 34",4 lines,none,,,,,no,"Print reads «1-го сенября 1891 года» (sic, no т) — zoom-confirmed print typo.",
section,1895-96,1895-96_Obituaries.pdf,15,498,obituary,"Корсакъ (Рейхель), Вѣра Алексѣевна","Korsak (Reikhel'), Vera Alekseevna",ballet artist (corps de ballet),"SP, ballet troupe",† 19-го февраля 1896 г. (SP); born 7 June 1869,15 lines,core,reader,артистка Императорской С.-Петербургской балетной труппы ... кордебалетною танцовщицею,Artist of the SP ballet troupe; corps de ballet dancer from 1 June 1887 after the SP Theatre School.,,yes,"Рейхель by marriage. 3 Dec 1893, during a performance at the Mariinsky, she nearly fell victim to flames (costume fire) and suffered burns. Died of peritonitis. Named in the ballet season review.",
section,1895-96,1895-96_Obituaries.pdf,16,499,obituary,"Кузнецовъ, Яковъ Дмитріевичъ","Kuznetsov, Yakov Dmitrievich",drama actor (small roles),"Moscow, Russian drama troupe",† 31-го марта 1896 г. (Moscow),13 lines,none,,,,,yes,,
section,1895-96,1895-96_Obituaries.pdf,16-18,499-501,obituary,"Леонова, Дарья Михайловна","Leonova, Dar'ya Mikhailovna","opera singer (contralto), former; singing teacher","SP, Russian opera",† 25-го января 1896 г. (SP); born 9 Mar 1829,ca. 2 pp,none,,,,,yes,"Externe pupil of SP Theatre School from 1849 (singing, under Быстровъ, then Вителяро). Early career included singing arias/songs «въ дивертиссементахъ» — vocal, not ballet. Taught singing at the drama courses of the Moscow Theatre School 1888–1893.",
section,1895-96,1895-96_Obituaries.pdf,18-19,501-502,obituary,"Лола (Гвоздикова), Ольга Дмитріевна","Lola (Gvozdikova), Ol'ga Dmitrievna",drama actress (former),"SP, Russian drama troupe","† 15-го мая 1896 г. (Romny, Poltava gub.; suicide); born 10 July 1860",ca. 0.8 p,none,,,,,yes,,
section,1895-96,1895-96_Obituaries.pdf,19,502,obituary,"Малютинъ, Михаилъ Константиновичъ","Malyutin, Mikhail Konstantinovich","ballet artist (corps de ballet), former","SP, ballet troupe","† 7-го февраля 1896 г. (Tikhvin), 67-ми лѣтъ",9 lines,core,reader,бывшій артистъ Императорской С.-Петербургской балетной труппы ... кордебалетнымъ танцовщикомъ,"Former artist of the SP ballet troupe; corps de ballet dancer from 26 Sept 1848, pensioned 1 Oct 1868.",,no,Educated at the SP Theatre School.,
section,1895-96,1895-96_Obituaries.pdf,19,502,obituary,"Мессарошъ, Марія Николаевна","Messarosh, Mariya Nikolaevna",ballet artist (corps de ballet),"SP, ballet troupe",† 20-го іюня 1896 г. (Shuvalovo); born 15 Nov 1877,12 lines,core,reader,"артистка Императорской С.-Петербургской балетной труппы ... выпущена въ С.-Петербургскую балетную труппу, кордебалетной танцовщицей",Artist of the SP ballet troupe; graduated from the SP Theatre School in 1895 into the corps de ballet (service from 1 June 1895).,,yes,"Spelled «Мессарошъ» (double с, ш) in heading, text and caption. Died of consumption aged 18. Named in the ballet season review.",
section,1895-96,1895-96_Obituaries.pdf,20,503,obituary,"Никитинъ, Сергѣй Герасимовичъ","Nikitin, Sergei Gerasimovich",ballet artist (corps de ballet),"Moscow, ballet troupe","† 23-го іюля 1896 г. (Moscow), 35 лѣтъ отъ роду",11 lines,core,reader,"артистъ Императорской Московской балетной труппы ... кордебалетнымъ танцовщикомъ, гдѣ и состоялъ по день своей смерти",Artist of the Moscow ballet troupe; corps de ballet dancer from 5 Apr 1877 until his death.,,yes,Externe pupil of the Moscow Theatre School. Buried Pyatnitskoe cemetery. Named in the ballet season review.,
section,1895-96,1895-96_Obituaries.pdf,20,503,obituary,"Павловская (Бергманъ), Елена Карловна","Pavlovskaya (Bergman), Elena Karlovna",drama actress (secondary roles),"Moscow, Russian drama troupe",† 2-го октября 1895 г. (Moscow),ca. 0.4 p,none,,,,,yes,"Sister of the singer Эм. К. Павловская, whose married surname she took for the stage. Drama courses of the Moscow Theatre School (class of О. А. Правдинъ).",
section,1895-96,1895-96_Obituaries.pdf,20-21,503-504,obituary,"Пановъ, Викторъ Николаевичъ","Panov, Viktor Nikolaevich","ballet artist (corps, coryphée, soloist), former","Moscow, ballet troupe","Въ сентябрѣ 1895 года (no day printed; Moscow), на 58-мъ году жизни",13 lines,core,reader,"бывшій артистъ Императорской Московской балетной труппы ... въ балетную труппу кордебалетнымъ танцовщикомъ ... переведенъ въ корифеи, а 28-го сентября 1863 года—въ солисты","Former artist of the Moscow ballet troupe: corps de ballet 9 Sept 1854, coryphée 30 Oct 1857, soloist 28 Sept 1863; left supernumerary in the 1882 reform, left service 1 Oct 1883.",,no,Externe pupil of the Moscow Theatre School. Buried Vagan'kovo.,
section,1895-96,1895-96_Obituaries.pdf,21,504,obituary,"Пуни, Николай Цезаревичъ","Puni (Pugni), Nikolai Tsezarevich",ballet artist (corps de ballet),"SP, ballet troupe",† 7-го іюня 1896 г. (SP); born 28 Dec 1863,9 lines,core,reader,"артистъ Императорской С.-Петербургской балетной труппы. Н. Ц., сынъ извѣстнаго композитора балетной музыки Ц. Пуни ... кордебалетнымъ танцовщикомъ","Artist of the SP ballet troupe, corps de ballet dancer from 16 May 1882; son of the well-known ballet composer C. Pugni.",,no,"THIS is the Pugni of the inventory: the dancer son, not the composer Cesare Pugni. Printed patronymic is Цезаревичъ (the season review's «Н. П. Пуни» initials do not match this printing — check the review reading). Died of chronic pulmonary tuberculosis in the Palace Department hospital; buried Mitrofan'evskoe.",
section,1895-96,1895-96_Obituaries.pdf,21,504,obituary,"Станкевичъ, Владиміръ Александровичъ","Stankevich, Vladimir Aleksandrovich","ballet artist (corps de ballet), former","SP, ballet troupe",«въ сезенѣ 1895—1896 гг.» (no date printed; Simbirsk); born 20 Aug 1855,9 lines,core,reader,бывшій артистъ Императорской С.-Петербургской балетной труппы ... кордебалетнымъ танцовщикомъ,"Former artist of the SP ballet troupe; corps de ballet dancer from 19 May 1874, retired on pension after 20 years.",,no,"Print reads «сезенѣ» (sic, for сезонѣ) — apparent print typo. SP Theatre School graduate.",
section,1895-96,1895-96_Obituaries.pdf,21,504,obituary,"Степанова, Олимпіада Никитична","Stepanova, Olimpiada Nikitichna","ballet artist (corps; coryphée 1st class), former","SP, ballet troupe",† 16-го апрѣля 1896 г. (SP); born 22 July 1856,11 lines,core,reader,бывшая артистка Императорской С.-Петербургской балетной труппы ... кордебалетною танцовщицею ... въ корифейки 1-го разряда,"Former artist of the SP ballet troupe: corps de ballet from 27 May 1873, coryphée 2nd class 1 Feb 1880, 1st class 1 Aug 1882; retired after 20 years.",,no,"Externe pupil of the SP Theatre School. Printed BEFORE Степановъ В. И.; no relationship between the two is stated. Died of cirrhosis, Aleksandrovskaya hospital; buried Mitrofan'evskoe.",
section,1895-96,1895-96_Obituaries.pdf,21-22,504-505,obituary,"Степановъ, Владиміръ Ивановичъ","Stepanov, Vladimir Ivanovich",ballet artist (second dancer); inventor of the Stepanov dance-notation system,"SP, ballet troupe","† 16-го января 1896 г. (Moscow, Mariinskaya hospital); born 17 June 1866",ca. 0.9 p,core,reader,"составилъ себѣ имя изобрѣтеніемъ весьма практичной и остроумной системы записыванія, посредствомъ нотныхъ знаковъ, человѣческихъ тѣлодвиженій","SP ballet dancer (corps 1885, coryphée 1887/1889, second dancer 2nd class 1 Oct 1893) who made his name by inventing a system for recording human movement in musical notes, allowing whole ballets to be preserved.",,yes,"Key entry. Commission of ballet masters and first artists approved the system (protocol of 24 Feb 1891); sent abroad May 1891, chiefly Paris, where Grand Opéra ballet master Гансенъ took part; published 1892 «Alphabet des mouvements du corps humain. Essai d'enregistrement des mouvements du corps humain au moyen des signes musicaux»; returned 14 July 1892; system introduced into the SP Theatre School programme from 1 Sept 1893; sent to Moscow 20 Sept 1895 to introduce it there, fell ill and died. Married to SP ballet artist М. А. Эрлеръ 2-я. Named in the ballet season review.",
section,1895-96,1895-96_Obituaries.pdf,22,505,obituary,"Тепферъ, Германъ","Tepfer, German (Hermann)",orchestra musician (double bass; tuba 1889-93),"Moscow, opera orchestra","† 24-го мая 1896 г. (Moscow), на 42-мъ году",8 lines,none,,,,,no,No patronymic printed.,
section,1895-96,1895-96_Obituaries.pdf,23,506,obituary,"Христофоровъ, Александръ Тарасовичъ","Khristoforov, Aleksandr Tarasovich",chorister (former),"SP, French theatre chorus",† 30-го сентября 1895 г. (SP); born 20 Apr 1839,8 lines,none,,,,,no,,
section,1895-96,1895-96_Obituaries.pdf,23,506,obituary,"Шварцъ, Фридрихъ","Shvarts (Schwarz), Fridrikh",orchestra musician (horn),"SP, Russian opera orchestra","† 12-го марта 1896 г. (SP), 65-ти лѣтъ",7 lines,none,,,,,no,No patronymic printed.,
section,1895-96,1895-96_Obituaries.pdf,23,506,obituary,"Шенекерль (Wilhelm Schönekerl), Василій Андреевичъ","Shenekerl' (Schönekerl), Vasilii Andreevich","orchestra musician (ophicleide, then tuba)","SP, Imperial theatres orchestra; Russian opera orchestra from 1875","«9-го декабря» (no year printed; presumably 1895) (SP), на 61-мъ году",9 lines,none,,,,,no,"Death year not printed in the text — 1895 inferred from the season, flag as inferred.",
section,1895-96,1895-96_Obituaries.pdf,23,506,obituary,"Энгель (Иванова), Анна Андреевна","Engel' (Ivanova), Anna Andreevna",opera chorister (former); later drama actress (secondary roles),"SP, Russian opera chorus; Russian drama troupe 1882-86",† 14-го іюня 1896 г. (SP); born 2 Feb 1842,11 lines,none,,,,,no,"Day pupil of the SP Theatre School, graduated 1860 as chorister; no ballet content.",
section,1895-96,1895-96_Obituaries.pdf,24-25,507-508,obituary,"Яблочкинъ, Александръ Александровичъ","Yablochkin, Aleksandr Aleksandrovich",drama actor and régisseur (former),"SP, Russian drama troupe (Alexandrinsky); also Tiflis",† 1-го ноября 1895 г. (SP); born 1824,ca. 1.6 pp,none,,,,,yes,"State pupil of the SP Theatre School, graduated 1841 into the drama troupe; no ballet content. Last entry of the section — closing ornament on p. 508, so the section is complete (484-508).",
review,1895-96,review_1895-96_MSK_ballet_p002,block 5,352,jubilee,Манохина,Manokhin,"dancer, Moscow ballet",Moscow,3 Feb 1896,notice in season review,core,reader,"3-го февраля состоялся бенефисъ г. Манохина, данный ему за 25-ти-лѣтнюю службу на Императорской сценѣ.","On 3 February the benefit of Mr Manokhin, given for 25 years of service on the Imperial stage.",,no,"normalised name: Манохинъ; programme continues in p003 #6, p004 #3",1895-96 biographical_feature p. 452-454
review,1895-96,review_1895-96_SP_ballet_p017,block 3,249,jubilee,К. П. Ефимова,K. P. Efimov,"assistant régisseur (помощникъ режиссера), St Petersburg",SP,10 Dec 1895,notice in season review,core,reader,"Второе представленіе возобновленнаго балета — «Конекъ горбунокъ» было дано 10-го декабря, въ бенефисъ помощника режиссера К. П. Ефимова, предоставленный ему за 50-ти-лѣтнюю службу при Императорскихъ театрахъ","The 2nd performance of the revived Humpbacked Horse (10 December) was given at the benefit of assistant régisseur K. P. Efimov, granted for 50 years of service at the Imperial Theatres.",,no,normalised name: К. П. Ефимовъ; troupe not named but the benefit was a ballet performance in the ballet review; refers to a career sketch in Yearbook 1894-95 pp. 331-332,1894-95 jubilee p. 331-332
roster,1895-96,theaterschoolstaff_1895-96_p002,,,death_mark,"Карпова, Ольга Александровна",,,theatre school staff,† 4 января 1896 г,death mark in roster,none,,Императорское Московское Театральное Училище / Фельдшерица,,,no,Name and date as stored in the database (raw.person_entry); not re-read for this catalogue.,
roster,1895-96,theaterschoolstaff_1895-96_p003,,,death_mark,"Богородскій, Александръ Николаевичъ",,Законъ Божій,theatre school staff,† 9 сентября 1896 г,death mark in roster,mentions,RG 2026-10-10: non-dance teacher in the ballet department,Императорское Московское Театральное Училище / Преподаватели / а) Балетное отдѣленіе,,,no,Name and date as stored in the database (raw.person_entry); not re-read for this catalogue. Also 1895-96 theatre school staff (theaterschoolstaff_1895-96_p002): Императорское Московское Театральное Училище / Причтъ церкви Училища / Священникъ.,
section,1896-97,1896-97_Feature_Petipa.pdf,1-10,426-433 (+ unnumbered portrait plate between 426 and 427),biographical_feature,"Петипа, Маріусъ Ивановичъ","Petipa, Marius Ivanovich",first balletmaster (from 24 May 1862); formerly premier danseur and mime; teacher of ballet dances at the Theatre School 1855-1886,SP ballet,"50 years' service with the Imperial Theatres (service from 24 May 1847, debut 26 September 1847); jubilee celebrated 8 December 1896 at the first performance of «Синяя борода» (his benefit); banquet 9 December 1896; born Marseille 1822",8 pp of text + portrait plate,core,reader,"(Біографическій очеркъ, по поводу 50-ти-лѣтія его артистической службы при Императорскихъ театрахъ)",biographical sketch on the 50th anniversary of his artistic service at the Imperial Theatres,Н. М. Б—въ.,yes,"[Printed as a stand-alone article, not under a Юбилеи/Некрологи heading; occasion: a jubilee.] Heading verbatim: «М. И. Петипа.»; subtitle verbatim: «(Біографическій очеркъ, по поводу 50-ти-лѣтія его артистической службы при Императорскихъ театрахъ).» Separate portrait plate, caption «Маріусъ Ивановичъ Петипа.», credit «Съ фотографіи А. А. Петрова автотипія Ангерера и Гёшля (въ Вѣнѣ).»; pdf p.3 is its blank verso. Article complete (tailpiece on p.433). Ballet content: family (father Жанъ Петипа, brother Люціанъ), early career Nantes, Paris, Bordeaux, Spain; engaged for Petersburg on Титюсъ's recommendation, debut 26 September 1847 in «Пахита» as графъ д'Эрвильи, replacing Эмиль Гредлю; August 1848 staged «Пахита» and «Сатанилла» in Moscow; influence of Жюль Перро; married Марья Сергѣевна Суровщикова 1854; pupils Гердтъ and Никитинъ. First new ballet «Бракъ во время регенства» 18 December 1858; a dated list of some 40 ballets follows, from «Парижскій рынокъ» and «Голубая георгина» (1859) and «Дочь фараона» (for Розатти) through «Царь Кандавлъ» (1868, for Генріета Доръ), «Донъ-Кихотъ» (1871), «Баядерка» (1877), «Спящая красавица» (1890), «Лебединое озеро» (1895, with Л. И. Ивановъ) to «Синяя борода»; also 16 revivals, separate dances, opera dances and seven ballets composed abroad. Best roles: Конрадъ («Корсаръ»), Фаустъ, the hussar officer in «Пахита». Jubilee evening: first greeted by Л. И. Ивановъ, deputations from opera, orchestra, French and Russian drama and the Italian ballet; he received the «знакъ для заслуженныхъ артистовъ», said to be the first such award to a choreographic artist. Oddity: the list on p.429 dates «Синяя борода» «(1897 г.)» while p.431 gives its first performance as 8 December 1896 - as printed. The banquet speaker is printed only as «К. А. Ск—скій».",1896-97 jubilee p. 238 (review); 1909-10 death_mark p. 
roster,1896-97,administration_1896-97_p001,,,death_mark,"Данчичъ, Максимъ Михайловичъ",,колл. сов.,administration,† 16 декабря 1896 г,death mark in roster,none,,С.-Петербургская Контора Императорскихъ театровъ / Хозяйственное отдѣленіе / Завѣдывающій экипажнымъ заведеніемъ,,,no,Name and date as stored in the database (raw.person_entry); not re-read for this catalogue.,
roster,1896-97,administration_1896-97_p003,,,death_mark,"Поповъ, Дмитрій Сергѣевичъ",,колл. секр.,administration,† 15 мая 1897 г,death mark in roster,none,,Московская Контора Императорскихъ театровъ / Канцелярскіе чиновники Конторы,,,no,Name and date as stored in the database (raw.person_entry); not re-read for this catalogue.,
roster,1896-97,musicians_1896-97_MSK_p001,,,death_mark,"Линднеръ, Фридрихъ",,Гобой,orchestras,† 13 октября 1896 г,death mark in roster,core,Оркестръ оперы и балета (Moscow): no. 58 in the list headed «Оркестръ оперы и балета» on p000 (RG ruling 2026-10-10: opera-and-ballet orchestra),Музыканты:,,,no,Name and date as stored in the database (raw.person_entry); not re-read for this catalogue.,
roster,1896-97,musicians_1896-97_MSK_p002,,,death_mark,"Шпарманъ, Робертъ",,Скрипка,orchestras,† 11 декабря 1896 г,death mark in roster,core,roster: ballet or opera-and-ballet orchestra (RG ruling 2026-10-10),Оркестръ оперы и балета. Завѣдывающій дѣлами оркестровъ и капельмейстеръ оперы. Музыканты:,,,no,Name and date as stored in the database (raw.person_entry); not re-read for this catalogue.,
roster,1896-97,musicians_1896-97_SP_p002,,,death_mark,"Штаакъ, Константинъ Ѳедоровичъ",,Первая скрипка,orchestras,† 30 ноября 1896 г,death mark in roster,core,Оркестръ оперы и балета (SP): no. 113 in the list headed «Оркестръ оперы и балета» on p000 (RG ruling 2026-10-10: opera-and-ballet orchestra),Музыканты,,,no,Name and date as stored in the database (raw.person_entry); not re-read for this catalogue.,
roster,1896-97,musicians_1896-97_SP_p004,,,death_mark,"Тильпъ, Францъ",,,orchestras,† 21 мая 1897 г,death mark in roster,mentions,Центральная Музыкальная Библіотека (senior librarian): library serving all the orchestras; treated like other support staff (RG 2026-10-10),Старшій библіотекарь Центральной Музыкальной Библіотеки.,,,no,Name and date as stored in the database (raw.person_entry); not re-read for this catalogue.,
roster,1896-97,productionteam_1896-97_p000,,,death_mark,"Шишковъ, Матвѣй Андреевичъ",,профессоръ,production department,† 5 іюня 1897 г,death mark in roster,core,roster: designer or machinist (RG ruling 2026-10-10),С.-ПЕТЕРБУРГЪ / Отдѣлъ декораціонный / Декораторы,,,no,Name and date as stored in the database (raw.person_entry); not re-read for this catalogue.,
review,1896-97,review_1896-97_MSK_ballet_p015,block 7,380,death_notice,Н. А. Разуевъ,N. A. Razuev,not stated (Moscow ballet review),Moscow,19 Dec 1896,notice in season review,core,roster,Умеръ Н. А. Разуевъ (19-го декабря 1896 г.).,N. A. Razuev died (19 Dec 1896).,,no,"Разуевъ, Николай Александровичъ — ballet roster 1890-91..1896-97 occupation not stated; relevance inferred from placement in the season-end necrology of the ballet review -- verify against Roster",
review,1896-97,review_1896-97_SP_ballet_p008,block 2,238,jubilee,М. И. Петипа,M. I. Petipa (Marius),"chief ballet master, St Petersburg",SP,8 Dec 1896,notice in season review,core,reader,"8-го декабря состоялся въ Маріинскомъ театрѣ бенефисъ главнаго балетмейстера М. И. Петипа, данный ему за 50-ти-лѣтнюю службу.","On 8 December at the Mariinsky the benefit of the chief ballet master M. I. Petipa, given for 50 years of service; Bluebeard was premiered.",,no,,1896-97 biographical_feature p. 426-433 (+ unnumbered portrait plate between 426 and 427); 1909-10 death_mark p. 
review,1896-97,review_1896-97_SP_ballet_p028,block 3,259,death_notice,Н. Н. Троицкая,N. N. Troitskaia,not stated (SP ballet review),SP,26 Sep 1896,notice in season review,core,roster,Умерли: Н. Н. Троицкая (26-го сентября 1896 г.) и К. А. Ахмакова (16-го августа 1897 г.).,Died: N. N. Troitskaia (26 Sep 1896) and K. A. Akhmakova (16 Aug 1897).,,no,"Троицкая, Надежда Николаевна — ballet roster 1890-91..1896-97 occupation not stated; relevance inferred from placement in the season-end necrology of the ballet review -- verify against Roster",
review,1896-97,review_1896-97_SP_ballet_p028,block 3,259,death_notice,К. А. Ахмакова,K. A. Akhmakova,not stated (SP ballet review),SP,16 Aug 1897,notice in season review,core,roster,Умерли: Н. Н. Троицкая (26-го сентября 1896 г.) и К. А. Ахмакова (16-го августа 1897 г.).,Died: N. N. Troitskaia (26 Sep 1896) and K. A. Akhmakova (16 Aug 1897).,,no,"Ахмакова, Клавдія Александровна — SP ballet roster to 1897-98, printed ""† 16 августа 1897 г."" (1890-91 roster row reads Калерія) occupation not stated; relevance inferred from placement in the season-end necrology of the ballet review -- verify against Roster",
roster,1896-97,theaterschoolstaff_1896-97_p002,,,death_mark,"Бакинъ, Павелъ Всеволодовичъ",,Рисованіе и чистописаніе,theatre school staff,† 8-го апрѣля 1897 г,death mark in roster,mentions,RG 2026-10-10: non-dance teacher in the ballet department,Императорское Московское Театральное Училище / Преподаватели / а) Балетное отдѣленіе,,,no,Name and date as stored in the database (raw.person_entry); not re-read for this catalogue.,
roster,1896-97,theaterschoolstaff_1896-97_p002,,,death_mark,"Румянцева, Александра Николаевна",,,theatre school staff,† 28-го марта 1897 г,death mark in roster,mentions,RG 2026-10-10: theatre school staff,Императорское Московское Театральное Училище / Классныя дамы,,,no,Name and date as stored in the database (raw.person_entry); not re-read for this catalogue.,
roster,1897-98,administration_1897-98_p000,,,death_mark,"Крашевскій, Николай Антоновичъ",,ст. сов.,administration,† 8 мая 1898 г,death mark in roster,none,,С.-Петербургская Контора Императорскихъ театровъ / Распорядительное отдѣленіе / Дѣлопроизводитель,,,no,Name and date as stored in the database (raw.person_entry); not re-read for this catalogue.,
roster,1897-98,musicians_1897-98_SP_p000,,,death_mark,"Вальтеръ 2-й, Петръ Ивановичъ",,Вторая скрипка,orchestras,† 18 іюня 1898 г,death mark in roster,core,Оркестръ оперы и балета (SP): no. 12 in the list under «Оркестръ оперы и балета» on the same page (RG ruling 2026-10-10: opera-and-ballet orchestra),Музыканты,,,no,Name and date as stored in the database (raw.person_entry); not re-read for this catalogue.,
roster,1897-98,musicians_1897-98_SP_p004,,,death_mark,"Рубинъ, Николай Алексѣевичъ",,Труба,orchestras,† 17 апрѣля 1898 г,death mark in roster,none,Оркестръ Михайловскаго театра: institution stored for the row,Музыканты,,,no,Name and date as stored in the database (raw.person_entry); not re-read for this catalogue.,
roster,1897-98,productionteam_1897-98_p000,,,death_mark,"Левотъ, Генрихъ",,,production department,† 10 мая 1898 г,death mark in roster,core,roster: designer or machinist (RG ruling 2026-10-10),С.-ПЕТЕРБУРГЪ / Отдѣлъ декораціонный / Декораторы,,,no,Name and date as stored in the database (raw.person_entry); not re-read for this catalogue.,
roster,1897-98,productionteam_1897-98_p002,,,death_mark,"Аслинъ, Василій Андреевичъ",,,production department,† 18 февраля 1898 г,death mark in roster,mentions,"RG 2026-10-10: wardrobe, lighting and other production staff",С.-ПЕТЕРБУРГЪ / Отдѣлъ гардеробный / Мѣстные гардеробы / Гардеробмейстеры / Михайловскій театръ,,,no,Name and date as stored in the database (raw.person_entry); not re-read for this catalogue.,
roster,1897-98,productionteam_1897-98_p003,,,death_mark,"Шаталовъ, Дмитрій Ивановичъ",,,production department,† 4 сентября 1897 г,death mark in roster,mentions,"RG 2026-10-10: wardrobe, lighting and other production staff",МОСКВА / Отдѣлъ гардеробный / Мѣстные гардеробы / Гардеробмейстеры / Малый театръ,,,no,Name and date as stored in the database (raw.person_entry); not re-read for this catalogue.,
review,1897-98,review_1897-98_MSK_ballet_p018,block 5,390,jubilee,Домашева,Domashev,"dancer, Moscow ballet",Moscow,12 Feb 1898,notice in season review,core,reader,"12-го февраля, въ бенефисъ г. Домашева, который былъ ему данъ за 20-ти-лѣтнюю службу,","On 12 February the benefit of Mr Domashev, given for 20 years of service.",,no,normalised name: Домашевъ,1902-03 jubilee p. 243 (review)
review,1897-98,review_1897-98_MSK_ballet_p022,block 4,394,farewell,І. Мендеса,I. Mendes (José Mendez),"ballet master, Moscow",Moscow,15 Feb 1898,notice in season review,core,reader,"15-го февраля, въ прощальный бенефисъ балетмейстера г. І. Мендеса, были поставлены балеты: «Шалости сверчка», «Фантазія» и «Фея нуколь»; составъ участвующихъ во всѣхъ этихъ трехъ балетахъ былъ тотъ же, что и въ предшествовавшихъ представленіяхъ.","On 15 February, at the farewell benefit of ballet master I. Mendes, the ballets 'Шалости сверчка', 'Фантазія' and 'Фея кукол' were given.",,no,normalised name: І. Мендесъ,
review,1897-98,review_1897-98_SP_ballet_p000,block 3,236,death_notice,К. А. Кондараки,K. A. Kondaraki,artist (артистъ; troupe not stated),SP,28 Aug 1898,notice in season review,none,,Умерли: артистъ К. А. Кондараки (28-го августа 1898 г.) и хористка А. В. Анненкова (12-го декабря 1897 г.).,Died: the artist K. A. Kondaraki (28 Aug 1898) and the chorister A. V. Annenkova (12 Dec 1897).,,no,"not in any roster section in the database (rosters cover ballet, orchestra, school, administration, production team) occupation not stated; block sits at the end of the preceding (non-ballet) section on a shared page -- relevance inferred, verify against Roster",
review,1897-98,review_1897-98_SP_ballet_p000,block 3,236,death_notice,А. В. Анненкова,A. V. Annenkova,chorister,SP,12 Dec 1897,notice in season review,none,,Умерли: артистъ К. А. Кондараки (28-го августа 1898 г.) и хористка А. В. Анненкова (12-го декабря 1897 г.).,Died: the artist K. A. Kondaraki (28 Aug 1898) and the chorister A. V. Annenkova (12 Dec 1897).,,no,not in any roster section in the database shared page: tail of the opera review,
review,1897-98,review_1897-98_SP_ballet_p014,block 5,250,jubilee,Куличевской,Kulichevskaia (Klavdiia),"ballet dancer, St Petersburg",SP,16 Nov 1897,notice in season review,core,reader,"16-го ноября состоялось третье представленіе балета—«Дочь микадо», которое было дано въ бенефисъ г-жи Куличевской, предоставленный ей за 20-ти-лѣтнюю службу;","On 16 November the 3rd performance of The Mikado's Daughter was given at the benefit of Mme Kulichevskaia, granted for 20 years of service.",,no,normalised name: К. М. Куличевская,
review,1897-98,review_1897-98_SP_ballet_p035,block 1,271,jubilee,Ф. И. Кшесинскаго 1-го,F. I. Kshesinskii 1st (Feliks),"character dancer, veteran of the SP ballet",SP,8 Feb 1898,notice in season review,core,reader,"8-го февраля состоялся въ Маріинскомъ театрѣ бенефисъ ветерана С.-Петербургской балетной труппы Ф. И. Кшесинскаго 1-го, данный ему по поводу исполнившагося 60-ти-лѣтія его артистической дѣятельности.","On 8 February at the Mariinsky the benefit of F. I. Kshesinskii 1st, veteran of the St Petersburg ballet troupe, on the 60th anniversary of his artistic activity.",,no,normalised name: Ф. И. Кшесинскій 1-й; he danced the uhlan colonel 'only for his benefit' (p035 #2),1902-03 jubilee p. 154 (review)
review,1897-98,review_1897-98_SP_ballet_p040,block 5,276,death_notice,С. С. Литавкинъ,S. S. Litavkin,not stated (SP ballet review),SP,17 Mar 1898,notice in season review,core,roster,Умерли: С. С. Литавкинъ (17-го марта 1898 г.) и М. А. Дмитріевъ (28-го марта 1898 г.).,Died: S. S. Litavkin (17 Mar 1898) and M. A. Dmitriev (28 Mar 1898).,,no,"Литавкинъ, Сергѣй Спиридоновичъ — SP ballet roster to 1897-98, printed ""† 17 марта 1898 г."" occupation not stated; relevance inferred from placement in the season-end necrology of the ballet review -- verify against Roster",
review,1897-98,review_1897-98_SP_ballet_p040,block 5,276,death_notice,М. А. Дмитріевъ,M. A. Dmitriev,not stated (SP ballet review),SP,28 Mar 1898,notice in season review,core,roster,Умерли: С. С. Литавкинъ (17-го марта 1898 г.) и М. А. Дмитріевъ (28-го марта 1898 г.).,Died: S. S. Litavkin (17 Mar 1898) and M. A. Dmitriev (28 Mar 1898).,,no,"Дмитріевъ, Михаилъ Андреевичъ — ballet roster 1897-98 (one season only) occupation not stated; relevance inferred from placement in the season-end necrology of the ballet review -- verify against Roster",
roster,1897-98,theaterschoolstaff_1897-98_p000,,,death_mark,"Соловьевъ, Александръ Капитоновичъ",,ст. сов.,theatre school staff,† 26-го февраля 1898 г,death mark in roster,none,,Императорское С.-Петербургское Театральное Училище / Врачъ при Училищѣ,,,no,Name and date as stored in the database (raw.person_entry); not re-read for this catalogue.,
roster,1898-99,musicians_1898-99_MSK_p000,,,death_mark,"Абезгаузъ, Авраамъ-Борухъ",,Фаготъ,orchestras,† 17 апрѣля 1899 г,death mark in roster,core,Оркестръ оперы и балета (Moscow): no. 1 in the list under «Оркестръ оперы и балета» on the same page (RG ruling 2026-10-10: opera-and-ballet orchestra),Музыканты,,,no,Name and date as stored in the database (raw.person_entry); not re-read for this catalogue.,
roster,1898-99,productionteam_1898-99_p001,,,death_mark,"Калашниковъ, Евгеній Ивановичъ",,,production department,† 16 января 1899 г,death mark in roster,core,roster: designer or machinist (RG ruling 2026-10-10),С.-ПЕТЕРБУРГЪ / Отдѣлъ декораціонный / Машинисты и ихъ помощники / Маріинскій театръ / Старшій помощникъ машиниста,,,no,Name and date as stored in the database (raw.person_entry); not re-read for this catalogue.,
roster,1898-99,productionteam_1898-99_p002,,,death_mark,"Тимоѳеевъ, Владиміръ Егоровичъ",,,production department,† 23 апрѣля 1899 г,death mark in roster,mentions,"RG 2026-10-10: wardrobe, lighting and other production staff",С.-ПЕТЕРБУРГЪ / Отдѣлъ гардеробный / Мѣстные гардеробы / Гардеробмейстеры / Александринскій театръ,,,no,Name and date as stored in the database (raw.person_entry); not re-read for this catalogue.,
roster,1898-99,theaterschoolstaff_1898-99_p003,,,death_mark,"Дюфоръ, Юлій Ивановичъ",,Французскій языкъ,theatre school staff,† 16 іюля 1899 г,death mark in roster,mentions,RG 2026-10-10: non-dance teacher in the ballet department,Императорское Московское Театральное Училище / Преподаватели / а) Балетное отдѣленіе,,,no,Name and date as stored in the database (raw.person_entry); not re-read for this catalogue. Also 1898-99 theatre school staff (theaterschoolstaff_1898-99_p004): Императорское Московское Театральное Училище / Преподаватели / б) Драматическіе курсы.,
section,1899-00,1899-00_Feature_Vsevolozhsky.pdf,9-10,unnumbered plate,other,"Молчановъ, А. Е.","Molchanov, A. E.",subject of a portrait plate only; no role stated on the page,not stated,"plate signed and dated by the artist, 1900",plate only (tissue guard + plate),none,,,,,yes,"Neighbouring item, not part of the Vsevolozhsky article: tissue guard and plate captioned «Л. Бакстъ Портретъ А. Е. Молчанова.» No text about Molchanov is in the scanned pages; whatever article it belongs to starts after the scan ends.",
section,1899-00,1899-00_Feature_Vsevolozhsky.pdf,1-8,25-31 (+ one further page),biographical_feature,"Всеволожской, И. А.","Vsevolozhsky (Vsevolozhskoi), I. A.",former Director of the Imperial Theatres; costume designer for ballet and opera,SP administration (Direction of the Imperial Theatres),no jubilee or death date; no occasion stated - written after he left the directorship (text calls him «бывшій директоръ Императорскихъ театровъ»),8 pp,core,reader,"исполнилъ 1,087 рисунковъ для балетовъ и оперъ","he executed 1,087 costume drawings for ballets and operas",Е. Пономаревъ.,no,"[Printed as a stand-alone article, not under a Юбилеи/Некрологи heading; occasion: no jubilee or death.] Heading verbatim: «И. А. ВСЕВОЛОЖСКОЙ»; subtitle verbatim: «(Очеркъ его художественной дѣятельности).» Not a jubilee and not an obituary: an appreciation of his work as a costume designer, published after his directorship ended; the closing sentence says the assessment of him as Director belongs to history and the sketch only covers his work as an artist. No portrait of him; seven costume-design illustrations in the text, captioned «И. А. Всеволожской. Рисунокъ костюма для балета «Спящая красавица»» (five), «Раймонда» (one) and «Щелкунчикъ» (one). Ballet content: first designs were for the ballet-féerie «Волшебныя пилюли» (1885); his work is grouped as fairy-tale ballets («Спящая красавица», whose libretto he also worked out, «Синяя борода», «Золушка», «Щелкунчикъ»), historical/fantastic ballets («Прелестная жемчужина», «Приказъ короля», «Своенравная жена», «Тщетная предосторожность», «Весталка», «Испытаніе Дамиса», «Четыре времени года», «Эсмеральда», «Раймонда», «Милліоны Арлекина», «Саланга»), and féeries and ballet scenes in operas («Іоланта», «Пиковая дама», «Русланъ и Людмила», «Мефистофель», «Джіоконда»). Per-ballet drawing counts are given (e.g. «Спящая красавица» 120, «Щелкунчикъ» 101, «Приказъ короля» 99); these counts and the folio of the last page were read at page scale without a separate zoom crop - treat as [?] until re-checked. Surname printed «Всеволожской» here; the 1901-02 Volkonsky article prints «Всеволожскій».",1908-09 obituary p. 122-123
section,1899-00,1899-00_Jubillees.pdf,1,145,section_heading_only,Юбилеи. С.-Петербургъ.,Jubilees. St Petersburg,,SP,,heading,none,,,,,no,Section heading «Юбилеи.» with sub-heading «С.-Петербургъ.»; sub-heading «Москва.» follows on p.146. Signature mark '10' at foot of p.145. Section is complete in this extract (ends with a tailpiece rule on p.146).,
section,1899-00,1899-00_Jubillees.pdf,1,145,jubilee,"Аистовъ, Николай Сергѣевичъ","Aistov, Nikolai Sergeevich","chief régisseur of the ballet troupe (formerly drama actor, then ballet)",SP ballet,b. 4 March 1853; entered service 19 May 1874; benefit for 25 years' service 21 November 1899,11 lines,core,reader,Главный режиссеръ балетной труппы Императорскихъ С.-Петербургскихъ театровъ,Chief régisseur of the ballet troupe of the Imperial St Petersburg theatres,,no,Service record: 19 May 1874 placed as actor in the Russian drama troupe on leaving the SP Theatre School; «1-го сентября 1882 года переведенъ въ балетную труппу»; pension 2 Jan 1895; silver medal 14 May 1896; gold medal 13 Apr 1897; «1-го февраля 1899 года назначенъ режиссеромъ балетной труппы. 13-го октября 1899 года назначенъ главнымъ режиссеромъ»; St Stanislav 3rd cl. 9 Apr 1900.,1899-00 jubilee p. 96 (review)
section,1899-00,1899-00_Jubillees.pdf,1,145,jubilee,"Андріе, Шарль","Andrieu, Charles (Andrie, Sharl')",artist of the French troupe,SP French drama troupe,engaged from 1 September 1875; full benefit for 25 years' service 29 January 1900,6 lines,none,,,,,no,Surname printed «Андріе» (letter-spaced). Gold medal with diamonds on the St Andrew ribbon awarded with the benefit.,
section,1899-00,1899-00_Jubillees.pdf,1-2,145-146,jubilee,"Ивановъ, Левъ Ивановичъ","Ivanov, Lev Ivanovich",ballet master (second ballet master); formerly dancer and chief régisseur of the ballet,SP ballet,b. 18 February 1834; service counted from 18 February 1850; benefit for 50 years' service 5 December 1899,12 lines (9 on p.145 + 3 on p.146),core,reader,Балетмейстеръ балетной труппы Императорскихъ С.-Петербургскихъ театровъ,Ballet master of the ballet troupe of the Imperial St Petersburg theatres,,no,"Service record: «опредѣленъ танцовщикомъ 20-го марта 1852 года (служба считается съ 18-го февраля 1850 г.)»; pension from 18 Feb 1870; «4-го сентября 1882 года назначенъ главнымъ режиссеромъ балетной труппы»; gold medal 15 May 1883; «1-го марта 1885 года назначенъ вторымъ балетмейстеромъ»; St Stanislav 3rd cl. 21 Apr 1891; «3-го января 1893 года назначенъ наградной полубенефисъ за успѣшную постановку балета «Щелкунчикъ», за болѣзнью М. И. Петипа»; St Anne 3rd cl. 14 May 1896; «5-го декабря 1899 года въ награду за 50-ти-лѣтнюю службу при Дирекціи назначенъ бенефисъ и награжденъ знакомъ, установленнымъ для заслуженныхъ артистовъ Императорскихъ театровъ». Entry runs across the page turn. Cross-ref: his obituary is 1901-02 Supplement 3.","1901-02 obituary p. [unnumbered plate], 67-68; 1899-00 jubilee p. 99 (review)"
section,1899-00,1899-00_Jubillees.pdf,2,146,jubilee,"Кандратьевъ, Геннадій Петровичъ","Kandrat'ev (Kondrat'ev), Gennadii Petrovich",chief régisseur of the Russian opera; formerly singer (first bass),SP opera,b. 1835; entered service 1 August 1864; benefit for 25 years 30 January 1890; farewell benefit for 35 years' service 11 February 1900,9 lines,none,,,,,no,Surname is printed «Кандратьевъ» with а in the first syllable (checked on zoom) — the usual form is Кондратьевъ; recorded as printed.,
section,1899-00,1899-00_Jubillees.pdf,2,146,jubilee,"Макшеевъ, Владиміръ Александровичъ","Maksheev, Vladimir Aleksandrovich",drama actor,Moscow drama,b. 16 May 1843; entered service 1 March 1874; half-benefit for 25 years' service 25 November 1899,8 lines,none,,,,,no,First entry under sub-heading «Москва.»,1899-00 jubilee p. 191 (review)
section,1899-00,1899-00_Jubillees.pdf,2,146,jubilee,"Рябовъ, Степанъ Яковлевичъ","Riabov, Stepan Iakovlevich",chief conductor of the ballet; formerly violinist and conductor of the drama orchestra,Moscow ballet (orchestra),aged 68; entered service 1 June 1850; benefit at the Bolshoi for 50 years' service 21 November 1899,13 lines,core,reader,главный дирижеръ балета,chief conductor of the ballet,,no,"Service record: extern pupil of the Moscow Theatre School, «опредѣленъ на службу музыкантомъ-скрипачемъ съ 1-го іюня 1850 года»; conductor of the drama orchestra from 23 Apr 1873; «назначенъ дирижеромъ балетнаго оркестра съ 12-го октября 1875 года»; «назначенъ главнымъ дирижеромъ балета Московскихъ театровъ съ 19-го сентября 1882 года»; «За 50-ти-лѣтнюю службу награжденъ бенефисомъ на Большомъ театрѣ 21-го ноября 1899 г.»; medals 1877, 1880; St Stanislav 3rd cl. 21 Apr 1891, St Anne 3rd cl. 12 Apr 1897. Last entry of the section.",1899-00 jubilee p. 205 (review)
section,1899-00,1899-00_Obituaries.pdf,1,147,section_heading_only,Некрологи. С.-Петербургъ.,Obituaries. St Petersburg,,SP,,heading,none,,,,,no,Section heading «Некрологи.» with sub-heading «С.-Петербургъ.»; sub-heading «Москва.» on p.148. Section complete in this extract (tailpiece rule after the last entry on the third page).,
section,1899-00,1899-00_Obituaries.pdf,1,147,obituary,"Рюминъ, Иванъ Ивановичъ","Riumin, Ivan Ivanovich",Hofmeister of the Imperial Court; director (управляющій) of the SP Theatre School and of the ballet troupe,SP administration (Theatre School + ballet troupe),b. 9 June 1837; d. 2 September 1899,21 lines,core,reader,Управляющій Императорскимъ С.-Петербургскимъ Театральнымъ Училищемъ и балетною труппою,Director of the Imperial St Petersburg Theatre School and of the ballet troupe,,no,"Surname read letter by letter on zoom: Р-ю-м-и-н-ъ (letter-spaced), «Иванъ Ивановичъ, Гофмейстеръ Высочайшаго Двора». Administrator, not an artist — classed core because his post was head of the ballet troupe and the school; downgrade to 'mentions' if core is reserved for artists. Career: Ministry of Foreign Affairs from 1858-59; «27-го мая 1887 года переведенъ въ Министерство Императорскаго Двора съ назначеніемъ управляющимъ Императорскимъ С.-Петербургскимъ Театральнымъ Училищемъ»; «16-го іюня 1887 года назначенъ управляющимъ балетною труппою» — NB this 16 June 1887 item is printed out of chronological order, after the 24 Apr 1888 and 9 Apr 1889 items (as printed; year may be a misprint, not verifiable here). Hofmeister 18 Apr 1899. Long list of Russian and foreign orders.",
section,1899-00,1899-00_Obituaries.pdf,1-2,147-148,obituary,"Блау, Василій Александровичъ","Blau, Vasilii Aleksandrovich",assistant régisseur of the ballet troupe; formerly corps de ballet dancer,SP ballet,b. 27 December 1837; entered service 27 March 1857; d. 19 November 1899,7 lines (3 on p.147 + 4 on p.148),core,reader,Помощникъ режиссера С.-Петербургской балетной труппы,Assistant régisseur of the St Petersburg ballet troupe,,no,"Surname read on zoom: Б-л-а-у (letter-spaced; followed by a full stop, not a comma: «Блау. Василій Александровичъ.»). «По выпускѣ изъ Театральнаго Училища 27-го марта 1857 года поступилъ на службу Дирекціи въ балетную труппу кордебалетнымъ танцовщикомъ. 1-го сентября 1882 года назначенъ помощникомъ режиссера балетной труппы.» Silver medal 13 Apr 1886; gold medal 13 Apr 1897. Entry runs across the page turn (word «тан-|цовщикомъ» split).",
section,1899-00,1899-00_Obituaries.pdf,2,148,obituary,"Громчевскій, Николай Никодимовичъ","Gromchevskii, Nikolai Nikodimovich","chorister, Russian opera",SP opera (chorus),b. 9 May 1861; entered service 1 May 1887; d. 24 July 1899,3 lines,none,,,,,no,,
section,1899-00,1899-00_Obituaries.pdf,2,148,obituary,"Логановскій, Константинъ Николаевичъ","Loganovskii, Konstantin Nikolaevich","chorister, Russian opera; formerly boy singer of the Court Chapel",SP opera (chorus),b. 29 January 1854; court service from 28 March 1866; opera chorister from 1 September 1882; d. 22 August 1899,6 lines,none,,,,,no,,
section,1899-00,1899-00_Obituaries.pdf,2,148,obituary,"Морозовъ, Ефимъ Яковлевичъ","Morozov, Efim Iakovlevich",librarian of the Russian opera troupe; formerly opera chorister,SP opera,b. 2 September 1839; entered service 16 April 1861; d. 27 February 1900,8 lines,none,,,,,no,"Graduate of the SP Theatre School, but entered the opera chorus; no ballet content. Librarian of the Russian opera from 1 Sept 1881.",
section,1899-00,1899-00_Obituaries.pdf,2,148,obituary,"Рокотовъ, Владиміръ Дмитріевичъ","Rokotov, Vladimir Dmitrievich",drama actor,SP Russian drama,"«род. 1-го февраля 1888 года, опредѣленъ на службу Дирекціи»; d. 14 April 1900",3 lines,none,,,,,no,"As printed the sentence reads «род. 1-го февраля 1888 года, опредѣленъ на службу Дирекціи» — 1 Feb 1888 is evidently the date of entering service, with the birth date dropped by the printer; recorded as printed, not corrected.",
section,1899-00,1899-00_Obituaries.pdf,2,148,obituary,"Садовскій, Карлъ Карловичъ","Sadovskii, Karl Karlovich",trumpeter (артистъ-трубачъ),SP orchestra (not specified which),b. 19 October 1864; entered service 1 September 1882; d. 16 June 1900,3 lines,none,,,,,no,«Артистъ-трубачъ Императорскихъ С.-Петербургскихъ театровъ» — no orchestra (ballet/opera) named.,
section,1899-00,1899-00_Obituaries.pdf,2-3,148-[149],obituary,"Медвѣдева, Надежда Михайловна, по мужу Гайпукова","Medvedeva, Nadezhda Mikhailovna (married name Gaipukova)",drama actress,Moscow drama,b. 6 October 1832; entered service 6 October 1848; benefit for 50 years' service 20 January 1899; d. 24 September 1899,17 lines (6 on p.148 + 11 on next page),none,,,,,no,"First entry under «Москва.» Married name printed «Гайпукова» (so read on zoom). Graduate of the Moscow Theatre School (пансіонерка), placed in the drama troupe; nothing on ballet. Entry runs across the page turn. Third page of the extract has no visible folio (inferred 149).",
section,1899-00,1899-00_Obituaries.pdf,3,[149],obituary,"Петровъ, Василій Венедиктовичъ","Petrov, Vasilii Venediktovich","orchestra artist, violinist",Moscow orchestra (not specified which),b. 22 January 1852; entered service 1 November 1876; d. 22 September 1899,4 lines,none,,,,,no,«артистъ оркестра ... опредѣленъ музыкантомъ скрипачемъ» — no orchestra named. No folio visible on this page.,
section,1899-00,1899-00_Obituaries.pdf,3,[149],obituary,"Нальхановъ, Сергѣй Николаевичъ","Nal'khanov, Sergei Nikolaevich","orchestra artist, 2nd oboe",Moscow orchestra (not specified which),b. 13 September 1867; entered service 16 October 1897; d. 7 May 1900,3 lines,none,,,,,no,«опредѣленъ артистомъ оркестра на 2-й гобой». Last entry; tailpiece rule follows. Show-through of a contents page and a faint round library stamp below (blank otherwise).,
roster,1899-00,administration_1899-00_p002,,,death_mark,"Томашевскій, Леонтій Ивановичъ",,тайн. сов.,administration,† 28 сентября 1900 г,death mark in roster,none,,С.-Петербургская Контора Императорскихъ театровъ / Врачебная часть / Дежурные врачи,,,no,Name and date as stored in the database (raw.person_entry); not re-read for this catalogue.,
roster,1899-00,productionteam_1899-00_p000,,,death_mark,"Ланге, Иванъ Карловичъ",,,production department,† 20 мая 1900 г,death mark in roster,core,roster: designer or machinist (RG ruling 2026-10-10),С.-ПЕТЕРБУРГЪ / Отдѣлъ декораціонный / Декораторы,,,no,Name and date as stored in the database (raw.person_entry); not re-read for this catalogue.,
roster,1899-00,productionteam_1899-00_p001,,,death_mark,"Ковалевскій, Ѳедоръ Ѳедоровичъ",,,production department,† 8 іюня 1899 г,death mark in roster,core,roster: designer or machinist (RG ruling 2026-10-10),С.-ПЕТЕРБУРГЪ / Отдѣлъ декораціонный / Машинисты-механики и ихъ помощники / Михайловскій театръ / Помощники машиниста-механика,,,no,Name and date as stored in the database (raw.person_entry); not re-read for this catalogue. Also 1900-01 production department (productionteam_1900-01_p001): С.-ПЕТЕРБУРГЪ / Отдѣлъ декораціонный / Машинисты-механики и ихъ помощники / Михайловскій театръ / Помощники машиниста-механика.,
review,1899-00,review_1899-00_MSK_all_p007,block 2,191,jubilee,В. А. Макшеева,V. A. Maksheev,"actor, Malyi Theatre",Moscow,25 Nov 1899,notice in season review,none,,"25-го ноября, въ Маломъ театрѣ, состоялся бенефисъ артиста В. А. Макшеева (за 25-лѣтнюю службу).",On 25 November at the Malyi Theatre the benefit of the actor V. A. Maksheev (for 25 years of service).,,no,normalised name: В. А. Макшеевъ,1899-00 jubilee p. 146
review,1899-00,review_1899-00_MSK_all_p021,block 3,205,jubilee,Рябова,Riabov (S. Ia.),"chief conductor of the ballet, Moscow",Moscow,21 Nov 1899,notice in season review,core,reader,"21-го ноября, въ Большомъ театрѣ, въ бенефисъ главнаго дирижеръ балета г. Рябова (за 50-лѣтнюю службу), былъ исполненъ балетъ: „Ная, и рыбакъ“ и „Карнавалъ“ (большой дивертисментъ).","On 21 November at the Bolshoi, at the benefit of the chief ballet conductor Mr Riabov (for 50 years of service), 'Naiad and the Fisherman' and 'Carnival' were given.",,no,normalised name: С. Я. Рябовъ; initials from 1905-06 MSK_ballet_p018 #3,1899-00 jubilee p. 146
review,1899-00,review_1899-00_MSK_all_p022,block 3,206,memorial_feature,75-лѣтія Большого театра,"Bolshoi Theatre, 75th anniversary",theatre (institution),Moscow,6 Jan 1900,notice in season review,mentions,reader,"6-го января, на спектаклѣ по случаю 75-лѣтія Большого театра, былъ возобновленъ старинный балетъ „Танцовщики поневолѣ“","For the 75th anniversary of the Bolshoi Theatre the old ballet ""Tantsovshchiki ponevole"" was revived.",,no,"anniversary of a theatre, not a person; the drama troupe's part is in MSK_all_p008 #3",
review,1899-00,review_1899-00_SP_ballet_p010,block 1,96,jubilee,Н. С. Аистова,N. S. Aistov,"chief régisseur (of the ballet), St Petersburg",SP,21 Nov 1899,notice in season review,core,reader,"наго режиссера Н. С. Аистова (за 25-лѣтнюю службу), былъ возобновленъ балетъ въ 4-хъ дѣйствіяхъ (5 картинахъ), соч. Ю. Перро, „Эсмеральда“. Музыка Ц. Пуни.","For the benefit of chief régisseur N. S. Aistov (for 25 years of service), Esmeralda was revived.",,no,"normalised name: Н. С. Аистовъ; sentence begins in SP_ballet_p008 #8 ('21-го ноября, для бенефиса глав-')",1899-00 jubilee p. 145
review,1899-00,review_1899-00_SP_ballet_p015,block 2,99,jubilee,Л. И. Иванова,L. I. Ivanov,"ballet master, St Petersburg",SP,5 Dec 1899,notice in season review,core,reader,Второе представленіе балета „Эсмеральда“ было дано для бенефиса балетмейстера Л. И. Иванова (за 50-лѣтнюю службу)— 5-го декабря.,The 2nd performance of Esmeralda was given for the benefit of ballet master L. I. Ivanov (for 50 years of service) on 5 December.,,no,normalised name: Л. И. Ивановъ,"1899-00 jubilee p. 145-146; 1901-02 obituary p. [unnumbered plate], 67-68"
review,1899-00,review_1899-00_SP_ballet_p030,block 2,111,jubilee,Кшесинской 2-й,Kshesinskaia 2nd (Mathilde),"ballerina, St Petersburg",SP,13 Feb 1900,notice in season review,core,reader,"13-го февраля, въ бенефисъ г-жи Кшесинской 2-й (за 10-лѣтнюю службу), были поставлены въ 1-й разъ новые балеты: 1) „Арлекинада“ (въ 2-хъ дѣйствіяхъ), соч. М. И. Петипа, музыка Р. Дриго, и 2) „Времена года“ (въ 1 актѣ), соч. М. И. Петипа, музыка А. К. Глазунова.",On 13 February at the benefit of Mme Kshesinskaia 2nd (for 10 years of service) the new ballets Harlequinade and The Seasons were premiered.,,no,normalised name: М. Ф. Кшесинская,1910-11 jubilee p. 126; 1903-04 farewell p. 115 (review); 1910-11 jubilee p. 138 (review); 1912-13 departure p. 142 (review)
roster,1899-00,theaterschoolstaff_1899-00_p000,,,death_mark,"Григоровичъ, Дмитрій Васильевичъ",,,theatre school staff,† 22 декабря 1899 г,death mark in roster,mentions,RG 2026-10-10: theatre school staff,Императорское С.-Петербургское Театральное Училище / Почетные члены конференціи,,,no,Name and date as stored in the database (raw.person_entry); not re-read for this catalogue.,
roster,1899-00,theaterschoolstaff_1899-00_p001,,,death_mark,"Добрынина, Елена Андреевна",,,theatre school staff,† 27 октября 1899 г,death mark in roster,mentions,RG 2026-10-10: theatre school staff,Императорское С.-Петербургское Театральное Училище / Классныя дамы,,,no,Name and date as stored in the database (raw.person_entry); not re-read for this catalogue.,
section,1900-01,1900-01_Obituary_Kuznetsov.pdf,1-2,304-305,obituary,"Кузнецовъ, Д. И.","Kuznetsov, D. I.","ballet dancer (first dancer / soloist), Moscow ballet",Moscow ballet (briefly SP),"b. 1827; d. 12 May 1901, Moscow; pensioned off in the 1882-1883 reforms",2 pp (c. 34 lines),core,reader,"скончался старѣйшій представитель Московскаго балета, Д. И. Кузнецовъ","the oldest representative of the Moscow ballet, D. I. Kuznetsov, has died",М. К.,yes,"Heading «Д. И. КУЗНЕЦОВЪ.» under an oval photographic portrait; only initials given. Content: studied dance at the Moscow Theatre School «у извѣстнаго балетмейстера Гарино» (so read on zoom; teacher's name as printed); released into the orchestra as a flautist, transferred to the ballet as a figurant at 100 r.; coryphée, then soloist; came forward during Andreianova's Moscow visit in 1854 («Андреяновой въ 1854 году» as printed), danced with her in Odessa, transferred to Petersburg as first dancer, soon back to Moscow for nearly thirty years. Roles: «Фебъ въ „Эсмеральдѣ“, изящный графъ Фабіо въ „Сатанеллѣ“, мужественный Кондратъ, въ балетѣ „Корсаръ“». Partners listed: Санковской, Андреяновой, Фанни Эльслеръ, Иркой-Матіасъ, Терезой Теодоръ, Лебедевой, Николаевой, Муравьевой, Собещанской, Кукки, Генріеттой Доръ, Гранцевой, Гейтенъ, Кемереръ и Парпаковой. Left за штатомъ on a 700 r. pension in the 1882-1883 reforms. Title spelled «Сатанелла» here (cf. «Сатанилла» in the 1901-02 Ivanov and 1907-08 Arbenin texts). Signature mark '39' at foot of p.305; large vignette tailpiece. Entry complete; p.304 begins with the portrait (no preceding entry visible).",
roster,1900-01,administration_1900-01_p001,,,death_mark,"Шретеръ, Викторъ Александровичъ",,д. ст. сов.,administration,† 16 апрѣля 1901 г,death mark in roster,none,,С.-Петербургская Контора Императорскихъ театровъ / Хозяйственное отдѣленіе / Архитекторы,,,no,Name and date as stored in the database (raw.person_entry); not re-read for this catalogue.,
roster,1900-01,administration_1900-01_p002,,,death_mark,"Краевскій, Владиславъ Францевичъ",,ст. сов.,administration,† 1 марта 1901 г,death mark in roster,none,,С.-Петербургская Контора Императорскихъ театровъ / Врачебная часть / Дежурные врачи,,,no,Name and date as stored in the database (raw.person_entry); not re-read for this catalogue.,
roster,1900-01,administration_1900-01_p002,,,death_mark,"Лилѣевъ, Ѳедоръ Николаевичъ",,ст. сов.,administration,† 11 января 1901 г,death mark in roster,none,,С.-Петербургская Контора Императорскихъ театровъ / Врачебная часть / Дежурные врачи,,,no,Name and date as stored in the database (raw.person_entry); not re-read for this catalogue.,
roster,1900-01,balletartists_1900-01_MSK_p003,,,death_mark,"Морозова, Екатерина Михайловна",,,ballet troupe,† 13 сентября 1900 г,death mark in roster,core,roster: ballet troupe,Учащіяся,,,no,Name and date as stored in the database (raw.person_entry); not re-read for this catalogue.,
roster,1900-01,balletartists_1900-01_MSK_p005,,,death_mark,"Ячменева, Марія Сергѣевна",,,ballet troupe,† 2 іюня 1901 г,death mark in roster,core,roster: ballet troupe,Артисты:,,,no,Name and date as stored in the database (raw.person_entry); not re-read for this catalogue.,
roster,1900-01,balletartists_1900-01_MSK_p006,,,death_mark,"Брыкинъ, Николай Константиновичъ",,,ballet troupe,† 15 мая 1901 г,death mark in roster,core,roster: ballet troupe,,,,no,Name and date as stored in the database (raw.person_entry); not re-read for this catalogue.,
roster,1900-01,balletartists_1900-01_SP_p004,,,death_mark,"Скорсюкъ, Марія Сергѣевна",,,ballet troupe,† 15 января 1901 г,death mark in roster,core,roster: ballet troupe,,,,no,Name and date as stored in the database (raw.person_entry); not re-read for this catalogue.,
roster,1900-01,balletartists_1900-01_SP_p005,,,death_mark,"Шебергъ, Ольга Карловна",,,ballet troupe,† 3 декабря 1900 г,death mark in roster,core,roster: ballet troupe,Артисты,,,no,Name and date as stored in the database (raw.person_entry); not re-read for this catalogue.,
roster,1900-01,musicians_1900-01_MSK_p002,,,death_mark,"Рамбоусекъ, Іосифъ",,Контрабасъ,orchestras,† 10 марта 1901 г,death mark in roster,core,Оркестръ оперы и балета (Moscow): no. 70 in the list headed «Оркестръ оперы и балета» on p000 (RG ruling 2026-10-10: opera-and-ballet orchestra),Музыканты,,,no,Name and date as stored in the database (raw.person_entry); not re-read for this catalogue.,
roster,1900-01,musicians_1900-01_MSK_p003,,,death_mark,"Шиманъ, Михаилъ Викторовичъ",,Вторая скрипка,orchestras,† 7 декабря 1900 г,death mark in roster,core,Оркестръ оперы и балета (Moscow): no. 106 in the list headed «Оркестръ оперы и балета» on p000 (RG ruling 2026-10-10: opera-and-ballet orchestra),Музыканты,,,no,Name and date as stored in the database (raw.person_entry); not re-read for this catalogue.,
roster,1900-01,productionteam_1900-01_p003,,,death_mark,"Барановъ, Абрамъ Ефимовичъ",,,production department,† 30 сентября 1899 г,death mark in roster,core,roster: designer or machinist (RG ruling 2026-10-10),МОСКВА / Отдѣлъ декораціонный / Помощники декораторовъ,,,no,Name and date as stored in the database (raw.person_entry); not re-read for this catalogue.,
roster,1900-01,productionteam_1900-01_p003,,,death_mark,"Краюшкинъ, Николай Владиміровичъ",,,production department,† 20 ноября 1898 г,death mark in roster,core,roster: designer or machinist (RG ruling 2026-10-10),МОСКВА / Отдѣлъ декораціонный / Помощники декораторовъ,,,no,Name and date as stored in the database (raw.person_entry); not re-read for this catalogue.,
roster,1900-01,productionteam_1900-01_p004,,,death_mark,"Бойкова, Вѣра Эдуардовна",,,production department,† 26 марта 1899 г,death mark in roster,mentions,"RG 2026-10-10: wardrobe, lighting and other production staff","МОСКВА / Отдѣлъ гардеробный / Главный гардеробъ / Смотрительницы отдѣловъ / Отдѣлъ головныхъ уборовъ, обуви и бѣлья",,,no,Name and date as stored in the database (raw.person_entry); not re-read for this catalogue.,
review,1900-01,review_1900-01_MSK_opera_p007,block 3,243,farewell,г. Кламрота,Klamrot,"concertmaster, Moscow theatres (Bolshoi orchestra)",Moscow,11 Oct 1900,notice in season review,core,reader,"11-го октября, на сценѣ того же театра, въ оперѣ „Травіата“, въ которой партію Альфреда пѣлъ г. Фигнеръ, состоялось чествованіе, при открытомъ занавѣсѣ, г. Кламрота, оставлявшаго въ этомъ сезонѣ службу при московскихъ театрахъ, при которыхъ онъ 44 года занималъ должность концертмейстера.","Honoured on stage with the curtain up during La Traviata, on leaving the service of the Moscow theatres, where he had been concertmaster for 44 years.",,no,"normalised name: Кламротъ; the database text reads «¼ года» but the page prints «44 года» (zoomed on the review scan 2026-10-10; the same typeface 4 as in «4-хъ дѣйствіяхъ» below) — evidence corrected here, the review transcription itself is not; core as a player in the opera-and-ballet orchestra (RG ruling 2026-10-10)",
review,1900-01,review_1900-01_MSK_opera_p013,block 2,249,jubilee,Н. А. Римскаго-Корсакова,N. A. Rimskii-Korsakov,composer,Moscow,19 Dec 1900,notice in season review,none,,"19-го декабря, на сценѣ Большаго театра, въ день тридцатилѣтія композиторской дѣятельности Н. А. Римскаго-Корсакова, была представлена его опера „Снѣгурочка“, съ г-жею Габріэль Кристманъ, въ роли „Снѣгурочки“ и г. Собинова, въ роли царя Берендѣя.","On the 30th anniversary of his work as a composer, his opera Snegurochka was given at the Bolshoi.",,no,normalised name: Н. А. Римскій-Корсаковъ,
review,1900-01,review_1900-01_MSK_opera_p019,block 2,255,farewell,А. П. Крутикова,A. P. Krutikova,"opera singer (mezzo), Moscow",Moscow,25 Jan 1901,notice in season review,none,,"25-го января, на сценѣ Большого театра, состоялся прощальный бенефисъ г-жи Крутиковой: А. П. Крутикова появилась на сценѣ московскаго театра въ сентябрѣ 1880 года. Въ этотъ 20-ти-лѣтній періодъ (съ 1880 г. по 1900 г.)","On 25 January at the Bolshoi the farewell benefit of Mme Krutikova, who had appeared on the Moscow stage since September 1880 (20 years).",,no,"jubilee celebration (address, wreaths, 'юбилярша') described in p020 #1",
review,1900-01,review_1900-01_MSK_opera_p020,block 2,256,jubilee,А. И. Барцаль,A. I. Bartsal',"chief régisseur of the Imperial Russian opera, Moscow",Moscow,30 Jan 1901,notice in season review,mentions,full read of the reviews,"30-го января, въ Большомъ театрѣ, А. И. Барцаль, главный режиссеръ Императорской русской оперы, справлялъ бенефисомъ свой 25-ти-лѣтній юбилей служенія театру. […] Императорскій балетъ, въ лицѣ г. Горскаго, поднесъ юбиляру вѣнокъ.","On 30 January at the Bolshoi A. I. Bartsal', chief régisseur of the Russian opera, celebrated his 25-year jubilee of service with a benefit. The Imperial ballet, in the person of Gorskii, presented the jubilarian with a wreath (p021 #1 and #3; a figure caption sits between them).",,no,,
review,1900-01,review_1900-01_MSK_opera_p023,block 1,259,jubilee,Корсовымъ,Korsov,"opera singer (baritone), Moscow",Moscow,12 Dec 1889,notice in season review,none,,"Въ 1889 г. опера Мусоргскаго была возобновлена на сценѣ Большого театра г. Корсовымъ и г. Хохловымъ, праздновавшими въ ней одинъ (12-го декабря) двадцатипятилѣтіе, другой (16-го декабря) десятилѣтіе своей артистической дѣятельности,","Historical: in 1889 Boris Godunov was revived by Korsov and Khokhlov, who celebrated in it the 25th (Korsov, 12 Dec) and 10th (Khokhlov, 16 Dec) anniversaries of their artistic activity.",,no,"normalised name: Корсовъ; historical back-reference, not a 1900-01 event",
review,1900-01,review_1900-01_MSK_opera_p023,block 1,259,jubilee,Хохловымъ,Khokhlov,"opera singer (baritone), Moscow",Moscow,16 Dec 1889,notice in season review,none,,"Въ 1889 г. опера Мусоргскаго была возобновлена на сценѣ Большого театра г. Корсовымъ и г. Хохловымъ, праздновавшими въ ней одинъ (12-го декабря) двадцатипятилѣтіе, другой (16-го декабря) десятилѣтіе своей артистической дѣятельности,","Historical: in 1889 Boris Godunov was revived by Korsov and Khokhlov, who celebrated in it the 25th (Korsov, 12 Dec) and 10th (Khokhlov, 16 Dec) anniversaries of their artistic activity.",,no,"normalised name: Хохловъ; historical back-reference, not a 1900-01 event",
review,1900-01,review_1900-01_SP_ballet_p008,block 3,161,jubilee,П. А. Гердтъ,P. A. Gerdt (Pavel),"premier dancer / mime, St Petersburg",SP,3 Dec 1900,notice in season review,core,reader,"3-го декабря, въ бенефисъ, данный г-ну П. А. Гердтъ за 40-лѣтнюю службу, была","On 3 December, at the benefit given to P. A. Gerdt for 40 years of service ...",,no,block truncated in source text,1905-06 jubilee p. 135 (review); 1910-11 jubilee p. 137 (review)
review,1900-01,review_1900-01_SP_ballet_p020,block 2,173,jubilee,Лукьянова,Luk'ianov,"dancer, St Petersburg",SP,6 Dec 1900,notice in season review,core,reader,6-го декабря „Баядерка“ была повторена въ бенефисъ г-на Лукьянова за 25-лѣт-нюю службу.,On 6 December La Bayadère was repeated at the benefit of Mr Luk'ianov for 25 years of service.,,no,normalised name: Лукьяновъ,1910-11 obituary p. 142
review,1900-01,review_1900-01_SP_ballet_p021,block 3,174,work_milestone,„Дочь Фараона“ (200-е представленіе),"Daughter of the Pharaoh, 200th performance",ballet,SP,7 Jan 1901,notice in season review,core,reader,"7-го января, въ Маріинскомъ театрѣ, состоялась 200-е представленіе балета „Дочь Фараона“, поставленнаго въ Петербургѣ гг. Сенъ- Жоржъ и М. Петипа, въ 1862 г.",200th performance of Daughter of the Pharaoh at the Mariinsky.,,no,milestone of a work,
review,1900-01,review_1900-01_SP_ballet_p030,block 5,186,jubilee,Маріи Петипа,Mariia Petipa (Mariia Mariusovna),"character dancer, St Petersburg",SP,4 Feb 1901,notice in season review,core,reader,"4-го февраля, въ бенефисъ г-жи Маріи Петипа, за 25-лѣтнюю службу былъ данъ слѣдующій спектакль:","On 4 February, at the benefit of Mme Mariia Petipa for 25 years of service, the following performance was given (La Vivandière, etc.).",,no,normalised name: М. М. Петипа 1-я,1907-08 farewell p. 99 (review); 1907-08 jubilee p. 99 (review)
roster,1900-01,theaterschoolstaff_1900-01_p003,,,death_mark,"Головина, Матильда Антоновна",,,theatre school staff,† 9 іюня 1901 г,death mark in roster,mentions,RG 2026-10-10: theatre school staff,Императорское Московское Театральное Училище / Классныя дамы,,,no,Name and date as stored in the database (raw.person_entry); not re-read for this catalogue.,
roster,1900-01,theaterschoolstaff_1900-01_p003,,,death_mark,"Флеровъ, Сергѣй Васильевичъ",,,theatre school staff,† 5 апрѣля 1901 г,death mark in roster,mentions,RG 2026-10-10: theatre school staff,Императорское Московское Театральное Училище / Почетные члены конференціи,,,no,Name and date as stored in the database (raw.person_entry); not re-read for this catalogue.,
roster,1900-01,theaterschoolstaff_1900-01_p004,,,death_mark,"Поповъ, Владиміръ Васильевичъ",,Рисованіе и гримъ,theatre school staff,† 5 октября 1900 г,death mark in roster,mentions,RG 2026-10-10: non-dance teacher in the ballet department,Императорское Московское Театральное Училище / Преподаватели / б) Драматическіе курсы,,,no,Name and date as stored in the database (raw.person_entry); not re-read for this catalogue. Also 1900-01 theatre school staff (theaterschoolstaff_1900-01_p004): Императорское Московское Театральное Училище / Преподаватели / а) Балетное отдѣленіе.,
section,1901-02,1901-02_Feature_Volkonsky.pdf,1-4,315-317 (+ unnumbered portrait plate),biographical_feature,"Волконскій, князь Сергѣй Михаиловичъ","Volkonsky, Prince Sergei Mikhailovich","Director of the Imperial Theatres, 22 July 1899 - 7 June 1901",SP administration (Direction of the Imperial Theatres),"no jubilee or death date; appointed 22 July 1899, left the post 7 June 1901",3 pp + portrait plate,core,reader,Княземъ было возобновлено два большихъ балета: „Камарго“ и „Царь Кандавлъ“,"the prince revived two large ballets, Camargo and Tsar Kandavl",unsigned,yes,"[Printed as a stand-alone article, not under a Юбилеи/Некрологи heading; occasion: no jubilee or death.] Heading verbatim: «Князь Сергѣй Михаиловичъ Волконскій.»; no subtitle. Not a jubilee and not an obituary: a retrospective sketch of his two-year directorship, occasioned by his leaving the post; it opens with his appointment on 22 July 1899 and closes «Постъ директора Императорскихъ театровъ князь Сергѣй Михаиловичъ Волконскій покинулъ 7-го Іюня 1901 года.» Photographic portrait plate captioned «Князь С. М. Волконскій.» (pdf p.1, behind a tissue guard; blank verso on pdf p.2). Ballet content is one paragraph on p.317: the new ballets «Арлекинада», «Времена года» and «Испытаніе Дамиса» staged under him had been prepared by И. А. Всеволожскій; he revived «Камарго» and «Царь Кандавлъ»; the libretto of «Волшебное зеркало» was drawn up with his personal participation and the music commissioned from г. Корещенко. He is also said to have attended equally to drama, opera, ballet and the theatre school. The rest covers his education, American lectures, amateur acting and drama/opera productions. Neighbouring text: p.314 (end of the preceding section) shows through the tissue guard on pdf p.1 but is not legible.",
section,1901-02,1901-02_Supplement3_ObituaryLevIvanov.pdf,1-3,"[unnumbered plate], 67-68",obituary,"Ивановъ, Левъ Ивановичъ","Ivanov, Lev Ivanovich","ballet master; formerly dancer, mime, régisseur; dance teacher at the Theatre School",SP ballet,b. 1834; † 11 December 1901,2 pp text (c. 31 lines) + 1 portrait plate,core,reader,"былъ назначенъ режиссеромъ и, наконецъ, балетмейстеромъ","was appointed régisseur and, finally, ballet master",,yes,"Heading «Левъ Ивановичъ Ивановъ. (Некрологъ). † 11 декабря 1901 г.» Unsigned. pdf p.1 = unnumbered portrait plate: oval drawing in profile, facsimile signature, caption «Левъ Ивановичъ Ивановъ. Съ рисунка Н. и С. Легатъ.» Text p.67: entered the SP Theatre School as a child, released 1852 as corps de ballet dancer at 360 r.; first teachers «Пименовъ, Фредерикъ и Петипа-отецъ»; disliked by ballet master Perrot («Перро»); début in a pas de deux in «Тщетная предосторожность» at the benefit of ballerina «Смирновой-Неваховичъ»; under M. I. Petipa took the emploi of mime and first dancer (jeune premier), then régisseur, finally ballet master; as dance teacher at the Theatre School trained «Вергиной, Ваземъ»; p.68: danced with «Черитто, Доръ, Феррарисъ, Лебедевой, Гранцевой, Муравьевой, М. М. Петипа, Ваземъ, Вергиной, Кемереръ, Соколовой и др.»; favourite ballets «„Фаустъ“, „Корсаръ“, „Сатанилла“, „Эсмеральда“, „Баядерка“, „Фіаметта“»; «поставилъ безчисленное количество танцевъ въ операхъ»; own ballets named: «„Севильскую красавицу“, „Гарлемскій тюльпанъ“, „Очарованный лѣсъ“, „Дочь микадо“, „Шалость Амура“, „Щелкунчикъ“ и др.» (Swan Lake is NOT named). Pupils list in full: «Вергиной, Ваземъ, Евг. Соколовой, Горшенковой, Никитиной, Куличевской, Преображенской и др.» Complete entry; floral tailpiece on p.68. Cross-ref: his 50-year jubilee notice, 1899-00 Юбилеи p.145-146.",1899-00 jubilee p. 145-146; 1899-00 jubilee p. 99 (review)
roster,1901-02,administration_1901-02_p001,,,death_mark,"Тарасовъ, Ѳедоръ Лаврентьевичъ",,надв. сов.,administration,† 18 августа 1902 г,death mark in roster,none,,С.-Петербургская Контора Императорскихъ театровъ / Монтировочная часть / Дѣлопроизводители монтировочнаго отдѣленія,,,no,Name and date as stored in the database (raw.person_entry); not re-read for this catalogue.,
roster,1901-02,musicians_1901-02_MSK_p002,,,death_mark,"Палице, Іосифъ Ивановичъ",,Вторая скрипка,orchestras,† 23 мая 1902 г,death mark in roster,core,Оркестръ оперы и балета (Moscow): no. 63 in the list headed «Оркестръ оперы и балета» on p000 (RG ruling 2026-10-10: opera-and-ballet orchestra),,,,no,Name and date as stored in the database (raw.person_entry); not re-read for this catalogue.,
roster,1901-02,musicians_1901-02_SP_p000,,,death_mark,"Оглоблинъ, Иванъ Панкратьевичъ",,,orchestras,† 11 ноября 1901 г,death mark in roster,none,,Капельмейстеръ военной музыки,,,no,Name and date as stored in the database (raw.person_entry); not re-read for this catalogue.,
roster,1901-02,musicians_1901-02_SP_p003,,,death_mark,"Хиллэ, Оскаръ Ѳедоровичъ",,Первая скрипка,orchestras,† 24 марта 1902 г,death mark in roster,core,Оркестръ оперы и балета (SP): no. 111 in the list headed «Оркестръ оперы и балета» on p000 (RG ruling 2026-10-10: opera-and-ballet orchestra),Музыканты,,,no,Name and date as stored in the database (raw.person_entry); not re-read for this catalogue.,
roster,1901-02,productionteam_1901-02_p000,,,death_mark,"Кирилловъ, Владиміръ Ивановичъ",,,production department,† 27 сентября 1901 г,death mark in roster,core,roster: designer or machinist (RG ruling 2026-10-10),С.-ПЕТЕРБУРГЪ / Отдѣлъ декораціонный / Помощники декораторовъ,,,no,Name and date as stored in the database (raw.person_entry); not re-read for this catalogue.,
roster,1901-02,productionteam_1901-02_p003,,,death_mark,"Ивановъ, Иванъ Ивановичъ",,,production department,† 22 февраля 1902 г,death mark in roster,core,roster: designer or machinist (RG ruling 2026-10-10),МОСКВА / Отдѣлъ декораціонный / Малый театръ / Ст. помощникъ машиниста,,,no,Name and date as stored in the database (raw.person_entry); not re-read for this catalogue.,
roster,1901-02,productionteam_1901-02_p003,,,death_mark,"Кунъ, Альбертъ Францевичъ",,,production department,† 11 октября 1901 г,death mark in roster,mentions,"RG 2026-10-10: wardrobe, lighting and other production staff",МОСКВА / Отдѣлъ освѣтительный / Большой театръ / Завѣдывающій освѣщеніемъ,,,no,Name and date as stored in the database (raw.person_entry); not re-read for this catalogue.,
review,1901-02,review_1901-02_SP_ballet_p008,block 2,174,jubilee,А. Ф. Бекефи,A. F. Bekefi (Alfred),"character dancer, St Petersburg",SP,21 Nov 1901,notice in season review,core,reader,"21-го ноября, на сценѣ Маріинскаго театра, состоялся бенефисъ А. Ф. Бекефи, данный ему за его 25-лѣтнюю службу;","On 21 November at the Mariinsky the benefit of A. F. Bekefi, given for his 25 years of service.",,no,,
review,1901-02,review_1901-02_SP_ballet_p009,block 3,175,farewell,г-жа Карлота Замбелли,Carlotta Zambelli,"guest ballerina, St Petersburg",SP,25 Nov 1901,notice in season review,core,reader,"25-го ноября, въ Маріинскомъ театрѣ, выступила въ послѣдній разъ г-жа Карлота Замбелли въ балетѣ Фуше и Мазилье „Пахита“, въ заглавной роли.","Carlotta Zambelli appeared for the last time, in the title role of Paquita, at the Mariinsky.",,no,"normalised name: Карлота Замбелли; last appearance of a guest artist, not a retirement",
review,1901-02,review_1901-02_SP_ballet_p024,block 3,190,farewell,Іогансона,Johansson (Christian),"dancer, then teacher at the Theatre School, St Petersburg",SP,20 Jan 1902,notice in season review,core,reader,"20-го января, въ Маріинскомъ театрѣ, состоялся бенефисъ г. Іогансона, покинувшаго службу послѣ 62-хъ-лѣтняго пребыванія въ петербургскомъ балетѣ въ качествѣ артиста, а потомъ преподавателя танцевъ въ училищѣ ¹). Маститый артистъ для своего прощальнаго бенефиса","On 20 January at the Mariinsky the benefit of Mr Johansson, who left service after 62 years in the St Petersburg ballet as artist and then dance teacher at the School; for his farewell benefit Don Quixote was revived.",,no,normalised name: Х. П. Іогансонъ,1891-92 biographical_feature p. 248-250; 1891-92 jubilee p. 174 (review); 1903-04 death_mark p. 
review,1901-02,review_1901-02_SP_ballet_p030,block 2,196,farewell,Чекетти,Cecchetti (Enrico),"dancer / ballet master, St Petersburg",SP,27 Jan 1902,notice in season review,core,reader,"27-го января, въ прощальный бенефисъ г. Чекетти, прослужившаго 15 лѣтъ въ Петербургской балетной труппѣ и принявшаго мѣсто балет-","On 27 January, at the farewell benefit of Mr Cecchetti, who served 15 years in the St Petersburg ballet troupe and accepted the post of ballet master [...]",,no,normalised name: Э. Чекетти; block truncated mid-sentence in source text,
roster,1901-02,theaterschoolstaff_1901-02_p002,,,death_mark,"Острогорскій, Викторъ Петровичъ",,Русская и иностранная литература,theatre school staff,† 1 апрѣля 1902 г,death mark in roster,none,,Императорское С.-Петербургское Театральное Училище / Преподаватели / б) Драматическіе курсы,,,no,Name and date as stored in the database (raw.person_entry); not re-read for this catalogue.,
roster,1902-03,balletartists_1902-03_SP_p004,,,death_mark,"Симонова, Антонина Александровна",,,ballet troupe,† 30 апрѣля 1903 г,death mark in roster,core,roster: ballet troupe,,,,no,Name and date as stored in the database (raw.person_entry); not re-read for this catalogue.,
roster,1902-03,musicians_1902-03_MSK_p000,,,death_mark,"Козловъ, Михаилъ Ѳедоровичъ",,,orchestras,† 5 ноября 1902 г,death mark in roster,core,Оркестръ оперы и балета (Moscow): répétiteur under «Оркестръ оперы и балета» on the same page (RG ruling 2026-10-10: opera-and-ballet orchestra),Репетиторы,,,no,Name and date as stored in the database (raw.person_entry); not re-read for this catalogue. Also 1904-05 orchestras (musicians_1904-05_MSK_p000): Репетиторы:.,
roster,1902-03,musicians_1902-03_MSK_p002,,,death_mark,"Ромашковъ 1-й, Капитонъ Андреевичъ",,Контрабасъ,orchestras,† 20 сентября 1902 г,death mark in roster,core,Оркестръ оперы и балета (Moscow): no. 78 in the list headed «Оркестръ оперы и балета» on p000 (RG ruling 2026-10-10: opera-and-ballet orchestra),Музыканты,,,no,Name and date as stored in the database (raw.person_entry); not re-read for this catalogue.,
roster,1902-03,musicians_1902-03_MSK_p004,,,death_mark,"Фарскій, Альбертъ Карловичъ",,,orchestras,† 31 августа 1903 г,death mark in roster,none,Оркестръ Малаго театра; also music librarian: institution stored for the row,Музыкальная библіотека / Библіотекарь,,,no,Name and date as stored in the database (raw.person_entry); not re-read for this catalogue. Also 1902-03 orchestras (musicians_1902-03_MSK_p004): Музыканты.,
roster,1902-03,productionteam_1902-03_p000,,,death_mark,"Лупановъ, Алексѣй Родіоновичъ",,,production department,† 29 мая 1903 г,death mark in roster,core,roster: designer or machinist (RG ruling 2026-10-10),С.-ПЕТЕРБУРГЪ / Отдѣлъ декораціонный / Помощники декораторовъ,,,no,Name and date as stored in the database (raw.person_entry); not re-read for this catalogue.,
roster,1902-03,productionteam_1902-03_p003,,,death_mark,"Грасицкій, Петръ Леонтьевичъ",,,production department,† 4 сентября 1902 г,death mark in roster,mentions,"RG 2026-10-10: wardrobe, lighting and other production staff",МОСКВА / Отдѣлъ освѣтительный / Новый театръ / Завѣдывающій освѣщеніемъ,,,no,Name and date as stored in the database (raw.person_entry); not re-read for this catalogue.,
review,1902-03,review_1902-03_MSK_ballet_p021,block 3,243,jubilee,Н. П. Домашева,N. P. Domashev,"dancer, Moscow ballet",Moscow,1 Dec 1902,notice in season review,core,reader,"1 декабря въ Большомъ театрѣ состоялся бенефисъ Н. П. Домашева (за 25-лѣтнюю службу),",On 1 December at the Bolshoi the benefit of N. P. Domashev (for 25 years of service); Esmeralda (Daughter of Gudule) given for the 2nd time.,,no,normalised name: Н. П. Домашевъ,1897-98 jubilee p. 390 (review)
review,1902-03,review_1902-03_MSK_opera_p000,block 3,205,jubilee,Р. В. Васильевскаго,R. V. Vasil'evskii,"opera régisseur, Moscow",Moscow,30 Aug 1902,notice in season review,none,,Въ одномъ изъ антрактовъ происходило на сценѣ чествованіе опернаго режиссера Р. В. Васильевскаго по случаю исполнившагося двадцатипятилѣтія его службы при дирекціи Императорскихъ театровъ.,In one of the intervals the opera régisseur R. V. Vasil'evskii was honoured on stage on the 25th anniversary of his service with the Imperial Theatres directorate.,,no,normalised name: Р. В. Васильевскій,
review,1902-03,review_1902-03_MSK_opera_p008,block 5,213,jubilee,М. А. Дейша-Сіоницкой,M. A. Deisha-Sionitskaia,"opera singer (soprano), Moscow",Moscow,11 Dec 1902,notice in season review,none,,"11-го декабря въ Большомъ театрѣ, въ виду окончанія въ этомъ сезонѣ 20-ти лѣтней службы М. А. Дейша-Сіоницкой, въ ея бенефисъ","On 11 December at the Bolshoi, in view of the completion this season of M. A. Deisha-Sionitskaia's 20 years of service, Mefistofele was given at her benefit.",,no,normalised name: М. А. Дейша-Сіоницкая,
review,1902-03,review_1902-03_MSK_opera_p013,block 4,218,jubilee,г-жи Салиной,Salina,"opera singer (soprano), Moscow",Moscow,15 Jan 1903,notice in season review,none,,"15-го января на сценѣ Большого театра, въ оперѣ «Евгеній Онѣгинъ», состоялось чествованіе г-жи Салиной, прослужившей въ Московской оперѣ 15 лѣтъ (съ 1-го января 1888 года).",Honoured at the Bolshoi during Evgenii Onegin for 15 years in the Moscow opera.,,no,normalised name: Н. В. Салина,
review,1902-03,review_1902-03_SP_ballet_p012,block 7,154,jubilee,Ф. И. Кшесинскаго,F. I. Kshesinskii (Feliks),"character dancer, honoured artist, St Petersburg",SP,19 Jan 1903,notice in season review,core,reader,"19-го января на сценѣ Маріинскаго театра, въ бенефисъ заслуженнаго артиста Ф. И. Кшесинскаго, за 65-ти-лѣтнюю его сценическую дѣятельность, былъ данъ въ 203-й разъ балетъ въ 4-хъ дѣйствіяхъ и 9 картинахъ, съ прологомъ и эпилогомъ, «Дочь Фараона», соч. Сень-Жоржа, М. Петипа, музыка Ц. Пуни.","On 19 January at the Mariinsky, at the benefit of honoured artist F. I. Kshesinskii for his 65 years of stage activity, The Daughter of Pharaoh was given for the 203rd time.",,no,normalised name: Ф. И. Кшесинскій,1897-98 jubilee p. 271 (review)
review,1902-03,review_1902-03_SP_ballet_p017,block 3,159,work_milestone,«Спящая Красавица» (сотый разъ),"Sleeping Beauty, 100th performance",ballet,SP,13 Apr 1903,notice in season review,core,reader,"13-го апрѣля въ Маріинскомъ театрѣ былъ данъ въ сотый разъ балетъ, П. И. Чайковскаго «Спящая Красавица»","100th performance of Sleeping Beauty at the Mariinsky, with a retrospective of its history.",,no,"milestone of a work; in the cast list (p019 #3) Кшесинскій 1 (Флорестанъ), П. Гердтъ (Дезире) and М. Петипа (Фея сирени; stored as «Петина») are each marked «въ 100-й разъ»",
review,1902-03,review_1902-03_SP_opera_p020,block 2,127,work_milestone,«Русланъ и Людмила» (въ память первой постановки),"Ruslan i Liudmila, commemoration of the 1842 premiere",opera,SP,27 Nov 1902,notice in season review,none,,"27-го ноября, въ память первой постановки въ 1842 году, была дана въ 338-й разъ опера въ 5-ти дѣйствіяхъ «Русланъ и Людмила», М. И. Глинки.",Ruslan given for the 338th time in memory of its first production in 1842.,,no,anniversary of a work,
review,1902-03,review_1902-03_SP_opera_p029,block 4,136,jubilee,М. А. Славиной,M. A. Slavina,"opera singer (mezzo), soloist of His Majesty",SP,29 Jan 1903,notice in season review,none,,29-го января въ Маріинскомъ театрѣ состоялся бенефисъ солистки Его Величества М. А. Славиной за 25-ти-лѣтнюю службу.,On 29 January at the Mariinsky the benefit of soloist of His Majesty M. A. Slavina for 25 years of service.,,no,normalised name: М. А. Славина,
roster,1902-03,theaterschoolstaff_1902-03_p000,,,death_mark,"Миронниковъ, Александръ Васильевичъ",,кол. секр.,theatre school staff,† 21 ноября 1902 г,death mark in roster,none,,Императорское С.-Петербургское Театральное Училище / Канцелярскій чиновникъ,,,no,Name and date as stored in the database (raw.person_entry); not re-read for this catalogue.,
roster,1902-03,theaterschoolstaff_1902-03_p001,,,death_mark,"Зрячковъ, Николай Яковлевичъ",,Рисованіе и чистописаніе,theatre school staff,† 1 марта 1903 г,death mark in roster,mentions,RG 2026-10-10: non-dance teacher in the ballet department,Императорское С.-Петербургское Театральное Училище / Преподаватели / а) Балетное отдѣленіе,,,no,Name and date as stored in the database (raw.person_entry); not re-read for this catalogue.,
roster,1902-03,theaterschoolstaff_1902-03_p002,,,death_mark,"Шемаевъ, Василій Романовичъ",,Практика драматическаго искусства,theatre school staff,† 1902 г,death mark in roster,none,,Императорское С.-Петербургское Театральное Училище / Преподаватели / б) Драматическіе курсы,,,no,Name and date as stored in the database (raw.person_entry); not re-read for this catalogue.,
roster,1903-04,musicians_1903-04_MSK_p000,,,death_mark,"Барминъ, Василій Антоновичъ",,,orchestras,† 16 декабря 1903 г,death mark in roster,core,roster: ballet or opera-and-ballet orchestra (RG ruling 2026-10-10),Оркестръ оперы и балета / Репетиторы,,,no,Name and date as stored in the database (raw.person_entry); not re-read for this catalogue. Also 1904-05 orchestras (musicians_1904-05_MSK_p000): Репетиторы:.,
roster,1903-04,musicians_1903-04_MSK_p000,,,death_mark,"Фельдтъ, Павелъ Павловичъ",,,orchestras,† 28 августа 1904 г,death mark in roster,core,roster: ballet or opera-and-ballet orchestra (RG ruling 2026-10-10),Оркестръ оперы и балета / Капельмейстеръ оперы,,,no,Name and date as stored in the database (raw.person_entry); not re-read for this catalogue. Also 1904-05 orchestras (musicians_1904-05_MSK_p000): Оркестръ оперы и балета / Капельмейстеръ оперы.,
roster,1903-04,musicians_1903-04_MSK_p001,,,death_mark,"Зюсъ, Францъ",,Ударные инструменты,orchestras,† 11 декабря 1903 г,death mark in roster,core,Оркестръ оперы и балета (Moscow): no. 39 in the list headed «Оркестръ оперы и балета» on p000 (RG ruling 2026-10-10: opera-and-ballet orchestra),Музыканты,,,no,Name and date as stored in the database (raw.person_entry); not re-read for this catalogue.,
roster,1903-04,musicians_1903-04_SP_p004,,,death_mark,"Герасимовъ, Николай Петровичъ",,Альтъ,orchestras,† 2 іюля 1904 г,death mark in roster,none,Оркестръ Александринскаго театра: institution stored for the row,Музыканты,,,no,Name and date as stored in the database (raw.person_entry); not re-read for this catalogue.,
roster,1903-04,musicians_1903-04_SP_p005,,,death_mark,"Мацулевичъ, Мечиславъ Владиславовичъ",,Віолончель,orchestras,† 29 іюня 1904 г,death mark in roster,none,Оркестръ Михайловскаго театра: institution stored for the row,Музыканты,,,no,Name and date as stored in the database (raw.person_entry); not re-read for this catalogue.,
roster,1903-04,productionteam_1903-04_p003,,,death_mark,"Сизовъ, Владиміръ Ильичъ",,,production department,† 19 октября 1904 г,death mark in roster,core,roster: designer or machinist (RG ruling 2026-10-10),МОСКВА / Отдѣлъ гардеробный / Художникъ-консультантъ,,,no,Name and date as stored in the database (raw.person_entry); not re-read for this catalogue. Also 1904-05 production department (productionteam_1904-05_p004): МОСКВА / Отдѣлъ гардеробный / Художникъ-консультантъ. Also 1904-05 theatre school staff (theaterschoolstaff_1904-05_p005): Императорское Московское Театральное Училище / Преподаватели / б) Драматическіе курсы. Also 1904-05 theatre school staff (theaterschoolstaff_1904-05_p003): Императорское Московское Театральное Училище / Почетные члены конференціи.,
review,1903-04,review_1903-04_MSK_ballet_p019,block 3,198,jubilee,Н. Хлюстина,N. Khliustin (Ivan N.?),"dancer / ballet master, Moscow",Moscow,30 Nov 1903,notice in season review,core,reader,"30-го ноября въ бенефисъ за 25-тилѣтнюю службу и прощальный артиста Н. Хлюстина исполнено было во 2-й разъ „Золотая рыбка“, съ участіемъ балеринъ: г-жъ Рославлевой, Гельцеръ и Гримальды.","On 30 November, at the benefit of the artist N. Khliustin for 25 years of service, which was also his farewell, The Golden Fish was given for the 2nd time.",,no,normalised name: Н. Хлюстинъ; same benefit was also his farewell (separate farewell row),
review,1903-04,review_1903-04_MSK_ballet_p019,block 3,198,farewell,Н. Хлюстина,N. Khliustin,"dancer / ballet master, Moscow",Moscow,30 Nov 1903,notice in season review,core,reader,"30-го ноября въ бенефисъ за 25-тилѣтнюю службу и прощальный артиста Н. Хлюстина исполнено было во 2-й разъ „Золотая рыбка“, съ участіемъ балеринъ: г-жъ Рославлевой, Гельцеръ и Гримальды.","On 30 November, at the benefit of the artist N. Khliustin for 25 years of service, which was also his farewell, The Golden Fish was given for the 2nd time.",,no,normalised name: Н. Хлюстинъ; same benefit was also a 25-year jubilee (separate jubilee row),
review,1903-04,review_1903-04_SP_ballet_p011,block 2,115,farewell,М. Ф. Кшесинской,M. F. Kshesinskaia (Mathilde),"ballerina, St Petersburg",SP,4 Feb 1904,notice in season review,core,reader,"4-го февраля въ Мариинскомъ театрѣ состоялся прощальный бенефисъ М. Ф. Кшесинской. М. Ф. Кшесинская дебютировала въ качествѣ самостоятельной балерины въ балетѣ „Калькабрино“ въ сезонъ 1892— 1893 гг.,","On 4 February at the Mariinsky the farewell benefit of M. F. Kshesinskaia, who debuted as a ballerina in Calcabrino in 1892-93; career sketch and farewell roles (Lise in La Fille mal gardée, Odette) follow.",,no,"normalised name: М. Ф. Кшесинская; she later returned as guest ballerina (see her 20-year jubilee, 1910-11)",1910-11 jubilee p. 126; 1899-00 jubilee p. 111 (review); 1910-11 jubilee p. 138 (review); 1912-13 departure p. 142 (review)
roster,1903-04,theaterschoolstaff_1903-04_p000,,,death_mark,"Іогансонъ, Христіанъ Петровичъ",,,theatre school staff,† зимою 1904 г,death mark in roster,core,same person as a core entry (see_also),Императорское С.-Петербургское Театральное Училище / Почетные члены конференціи,,,no,Name and date as stored in the database (raw.person_entry); not re-read for this catalogue. Also 1904-05 theatre school staff (theaterschoolstaff_1904-05_p000): Императорское С.-Петербургское Театральное Училище / Почетные члены конференціи.,1891-92 biographical_feature p. 248-250; 1891-92 jubilee p. 174 (review); 1901-02 farewell p. 190 (review)
roster,1904-05,balletartists_1904-05_MSK_p003,,,death_mark,"Рославлева, Любовь Андреевна",,,ballet troupe,† 9 ноября 1904 г,death mark in roster,core,roster: ballet troupe,,,,no,Name and date as stored in the database (raw.person_entry); not re-read for this catalogue.,
roster,1904-05,balletartists_1904-05_MSK_p008,,,death_mark,"Тройниковъ, Константинъ Ивановичъ",,,ballet troupe,† 16 марта 1905 г,death mark in roster,core,roster: ballet troupe,,,,no,Name and date as stored in the database (raw.person_entry); not re-read for this catalogue.,
roster,1904-05,balletartists_1904-05_SP_p006,,,death_mark,"Александровъ, Михаилъ Михайловичъ",,,ballet troupe,† 4 августа 1905 г,death mark in roster,core,roster: ballet troupe,,,,no,Name and date as stored in the database (raw.person_entry); not re-read for this catalogue.,
review,1904-05,review_1904-05_SP_ballet_p015,block 3,120,farewell,г-жа Андерсенъ,Anderson (M. K.),"ballet dancer, St Petersburg",SP,8 Jan 1895,notice in season review,core,reader,"г-жа Андерсенъ въ 1895 г., въ свой прощальный бенефисъ 8-го января.",Historical note on Le Marché des Innocents: Lisette was later danced by Mme Andersen in 1895 at her farewell benefit on 8 January.,,no,normalised name: М. К. Андерсонъ; historical back-reference to the farewell recorded in 1894-95 SP_ballet_p004 #9 (spelled Андерсонъ there),1894-95 farewell p. 198 (review)
roster,1904-05,theaterschoolstaff_1904-05_p003,,,death_mark,"Брянцева, Александра Яковлевна",,,theatre school staff,† 29 сентября 1904 г,death mark in roster,none,,Императорское Московское Театральное Училище / Фельдшерицы,,,no,Name and date as stored in the database (raw.person_entry); not re-read for this catalogue.,
roster,1904-05,theaterschoolstaff_1904-05_p003,,,death_mark,"Стороженко, Николай Ильичъ",,,theatre school staff,† 12 января 1906 г,death mark in roster,mentions,RG 2026-10-10: theatre school staff,Императорское Московское Театральное Училище / Почетные члены конференціи,,,no,Name and date as stored in the database (raw.person_entry); not re-read for this catalogue.,
roster,1904-05,theaterschoolstaff_1904-05_p005,,,death_mark,"Невскій, Александръ Максимовичъ",,Практика драматическаго искусства,theatre school staff,† 10 августа 1904 г,death mark in roster,none,,Императорское Московское Театральное Училище / Преподаватели / б) Драматическіе курсы,,,no,Name and date as stored in the database (raw.person_entry); not re-read for this catalogue.,
roster,1905-06,administration_1905-06_p001,,,death_mark,"Пономаревъ, Евгеній Петровичъ",,надв. сов.,administration,† 3 февраля 1906 г,death mark in roster,core,roster: artist of the production office (RG ruling 2026-10-10: designers),С.-Петербургская Контора Императорскихъ театровъ / Монтировочная часть / Художникъ и библіотекарь монтировочной библіотеки,,,no,Name and date as stored in the database (raw.person_entry); not re-read for this catalogue.,
roster,1905-06,musicians_1905-06_MSK_p004,,,death_mark,"Шнейдеръ, Германъ",,Контрабасъ,orchestras,† 8 января 1906 г,death mark in roster,core,Оркестръ оперы и балета (Moscow): no. 120 in the list headed «Оркестръ оперы и балета» on p000 (RG ruling 2026-10-10: opera-and-ballet orchestra),Музыканты,,,no,Name and date as stored in the database (raw.person_entry); not re-read for this catalogue.,
roster,1905-06,musicians_1905-06_SP_p001,,,death_mark,"Бергхольцъ, Викторъ Рудольфовичъ",,Первая скрипка,orchestras,† 22 сентября 1905 г,death mark in roster,core,Оркестръ оперы и балета (SP): no. 7 in the list headed «Оркестръ оперы и балета» on p000 (RG ruling 2026-10-10: opera-and-ballet orchestra),Музыканты,,,no,Name and date as stored in the database (raw.person_entry); not re-read for this catalogue.,
roster,1905-06,musicians_1905-06_SP_p002,,,death_mark,"Гримъ, Карлъ Карловичъ",,Ударные инструменты,orchestras,† 9 марта 1906 г,death mark in roster,core,Оркестръ оперы и балета (SP): no. 38 in the list headed «Оркестръ оперы и балета» on p000 (RG ruling 2026-10-10: opera-and-ballet orchestra),Музыканты,,,no,Name and date as stored in the database (raw.person_entry); not re-read for this catalogue.,
roster,1905-06,musicians_1905-06_SP_p002,,,death_mark,"Корнѣевъ, Сергѣй Васильевичъ",,Контрабасъ,orchestras,† 22 декабря 1905 г,death mark in roster,core,Оркестръ оперы и балета (SP): no. 56 in the list headed «Оркестръ оперы и балета» on p000 (RG ruling 2026-10-10: opera-and-ballet orchestra),Музыканты,,,no,Name and date as stored in the database (raw.person_entry); not re-read for this catalogue.,
roster,1905-06,musicians_1905-06_SP_p004,,,death_mark,"Галкинъ, Николай Владиміровичъ",,,orchestras,† 8 мая 1906 г,death mark in roster,none,Оркестръ Александринскаго театра (Капельмейстеръ): institution stored for the row,Капельмейстеръ,,,no,Name and date as stored in the database (raw.person_entry); not re-read for this catalogue. Also 1906-07 orchestras (musicians_1906-07_SP_p003): Оркестръ Александринскаго театра / Капельмейстеръ.,
roster,1905-06,musicians_1905-06_SP_p006,,,death_mark,"Майеръ-Пирко, Германъ Германовичъ",,Первая скрипка,orchestras,† 12 іюня 1906 г,death mark in roster,none,Оркестръ Михайловскаго театра: institution stored for the row,Музыканты,,,no,Name and date as stored in the database (raw.person_entry); not re-read for this catalogue.,
review,1905-06,review_1905-06_MSK_ballet_p017,block 4,226,jubilee,К. С. Кувакина,K. S. Kuvakin,"ballet artist, Moscow",Moscow,15 Jan 1906,notice in season review,core,reader,"15-го января, въ Большомъ театрѣ состоялся бенефисъ артиста балетной труппы К. С. Кувакина (за 25-ти лѣтнюю службу), съ участіемъ артистки Императорскихъ С.-Петербургскихъ театровъ А. П. Пав-","On 15 January at the Bolshoi the benefit of ballet-troupe artist K. S. Kuvakin (for 25 years of service), with the participation of A. P. Pavlova of the St Petersburg theatres.",,no,normalised name: К. С. Кувакинъ; block truncated; p024 #5 says Pavlova 2nd danced in The Daughter of Pharaoh at this benefit,
review,1905-06,review_1905-06_MSK_ballet_p018,block 2,227,farewell,А. Ю. Гербера,A. Iu. Gerber,"conductor (капельмейстеръ) of the ballet orchestra, Moscow",Moscow,12 Feb 1906,notice in season review,core,reader,12-го февраля состоялся въ Большомъ театрѣ прощальный бенефисъ сапельмейстера балетнаго оркестра А. Ю. Гербера.,"On 12 February at the Bolshoi the farewell benefit of A. Iu. Gerber, conductor of the ballet orchestra; The Golden Fish was given.",,no,"normalised name: А. Ю. Герберъ; 'сапельмейстера' is the source's OCR/typo for капельмейстера; p018 #3 gives career (son of Iu. G. Gerber, rehearsal pianist, assistant to S. Ia. Riabov) and notes the ballet troupe gave him a laurel wreath",
review,1905-06,review_1905-06_MSK_ballet_p018,block 5,227,departure,г-жа Гримальди,Grimaldi,"ballerina, Moscow",Moscow,9 Apr 1906,notice in season review,core,reader,"въ роли Бинтъ-Анты выступила г-жа Гримальди, покинувшая въ этомъ сезонѣ Московскій балетъ.","Grimaldi, who left the Moscow ballet this season, appeared as Bint-Anta in Daughter of the Pharaoh.",,no,"normalised name: г-жа Гримальди; departure noted at a named performance, no farewell described",
review,1905-06,review_1905-06_SP_ballet_p004,block 2,130,work_milestone,„Щелкунчика“ (50-е представленіе),"Nutcracker, 50th performance",ballet,SP,6 Nov 1905,notice in season review,core,reader,"6-го ноября состоялось 50-е представленіе „Щелкунчика“, балетафееріи въ 2 дѣйств. и 3 картинахъ П. И. Чайковскаго.",50th performance of The Nutcracker.,,no,"milestone of a work; the block refers back to the 1892-93 Yearbook, p. 26 ff.",
review,1905-06,review_1905-06_SP_ballet_p007,block 2,133,jubilee,Е. Дриго,R. E. Drigo (Riccardo),"conductor / ballet composer, St Petersburg",SP,18 Dec 1905,notice in season review,core,reader,18-го декабря состоялся бенефисъ капельмейстера г. Е. Дриго за XXV лѣтнюю службу. Въ составъ бенефиса юбиляра вошли три балета:,"On 18 December the benefit of conductor R. Drigo for 25 years of service; the jubilarian's programme comprised three ballets: The Enchanted Forest, Harlequinade and Le Talisman (act 2).",,no,normalised name: Р. Е. Дриго; text prints 'г. Е. Дриго' (initial as printed),
review,1905-06,review_1905-06_SP_ballet_p008,block 7,134,farewell,А. Ф. Бекеффи,A. F. Bekefi (Alfred),"character dancer, St Petersburg",SP,29 Jan 1906,notice in season review,core,reader,29 января состоялся прощальный бенефисъ артиста А. Ф. Бекеффи. А. Ф. Бекеффи простился съ публикою въ роли царя Нубійскаго въ балетѣ гг. Сень-Жоржа и М. Петипа „Дочь Фараона,"On 29 January the farewell benefit of the artist A. F. Bekefi, who took leave of the public as the Nubian King in The Daughter of Pharaoh.",,no,,
review,1905-06,review_1905-06_SP_ballet_p009,block 2,135,jubilee,П. А. Гердтъ,P. A. Gerdt (Pavel),"premier dancer / mime, soloist of His Majesty, St Petersburg",SP,12 Feb 1906,notice in season review,core,reader,"12-го февраля, для закрытія балетныхъ спектаклей передъ Великимъ постомъ, состоялся бенефисъ солиста Его Величества П. А. Гердтъ за XLV- лѣтнюю службу.","On 12 February, closing the ballet performances before Lent, the benefit of soloist of His Majesty P. A. Gerdt for 45 years of service took place; a career sketch follows.",,no,"jubilee ceremony described in p010 #2 (whole ballet troupe on stage, gift from colleagues, wreaths from drama, French troupe, telegram from opera)",1900-01 jubilee p. 161 (review); 1910-11 jubilee p. 137 (review)
roster,1905-06,theaterschoolstaff_1905-06_p001,,,death_mark,"Легатъ, Сергѣй Густавовичъ",,Танцы,theatre school staff,† 18 октября 1905 г,death mark in roster,core,roster: dance teacher,Императорское С.-Петербургское Театральное Училище / Преподаватели / а) Балетное отдѣленіе,,,no,Name and date as stored in the database (raw.person_entry); not re-read for this catalogue.,
roster,1905-06,theaterschoolstaff_1905-06_p003,,,death_mark,"Теличкина, Екатерина Дмитріевна",,,theatre school staff,† 28 іюня 1906 г,death mark in roster,mentions,RG 2026-10-10: theatre school staff,Императорское Московское Театральное Училище / Классныя дамы,,,no,Name and date as stored in the database (raw.person_entry); not re-read for this catalogue. Also 1906-07 theatre school staff (theaterschoolstaff_1906-07_p003): Императорское Московское Театральное Училище / Классныя дамы. Also 1907-08 theatre school staff (theaterschoolstaff_1907-08_p003): Императорское Московское Театральное Училище / Классныя дамы.,
roster,1906-07,administration_1906-07_p001,,,death_mark,"Лееръ, Евгеній Генриховичъ",,полковникъ л.-гв. Уланскаго полка,administration,† 25 ноября 1906 г,death mark in roster,none,,С.-Петербургская Контора Императорскихъ театровъ / Хозяйственное отдѣленіе / Маріинскій театръ,,,no,Name and date as stored in the database (raw.person_entry); not re-read for this catalogue. Also 1907-08 administration (administration_1907-08_p001): С.-Петербургская Контора Императорскихъ театровъ / Хозяйственное отдѣленіе / Полиціймейстеры театровъ VII кл / Маріинскій театръ.,
roster,1906-07,balletartists_1906-07_MSK_p002,,,death_mark,"Иванова 2-я, Наталья Евдокимовна",,,ballet troupe,† 6 февраля 1907 г,death mark in roster,core,roster: ballet troupe,Воспитанницы,,,no,Name and date as stored in the database (raw.person_entry); not re-read for this catalogue.,
roster,1906-07,balletartists_1906-07_MSK_p007,,,death_mark,"Рябовъ, Александръ Петровичъ",,,ballet troupe,† 2 ноября 1906 г,death mark in roster,core,roster: ballet troupe,,,,no,Name and date as stored in the database (raw.person_entry); not re-read for this catalogue.,
roster,1906-07,balletartists_1906-07_SP_p000,,,death_mark,"Константиновъ, Петръ Александровичъ",,,ballet troupe,† 25 декабря 1906 г,death mark in roster,core,roster: ballet troupe,Репетиторы:,,,no,"Name and date as stored in the database (raw.person_entry); not re-read for this catalogue. Also 1906-07 orchestras (musicians_1906-07_SP_p000): Оркестръ оперы и балета / Репетиторы балета. [SOURCE CONFLICT as stored: musicians_1906-07_SP_p000 has «† 27 декабря 1906 г», balletartists_1906-07_SP_p000 has «† 25 декабря 1906 г». Both read on the scans 2026-10-10 (pp. 15 and 29 of the 1906-07 lists): a print conflict within one volume.]",
roster,1906-07,musicians_1906-07_SP_p001,,,death_mark,"Келеръ, Эрнестъ Іосифовичъ",,Флейта,orchestras,† 4 мая 1907 г,death mark in roster,core,Оркестръ оперы и балета (SP): no. 48 in the list headed «Оркестръ оперы и балета» on p000 (RG ruling 2026-10-10: opera-and-ballet orchestra),Музыканты,,,no,Name and date as stored in the database (raw.person_entry); not re-read for this catalogue.,
roster,1906-07,musicians_1906-07_SP_p001,,,death_mark,"Кириловъ, Петръ Ивановичъ",,Віолончель,orchestras,† 13 сентября 1907 г,death mark in roster,core,roster: ballet or opera-and-ballet orchestra (RG ruling 2026-10-10),Музыканты,,,no,Name and date as stored in the database (raw.person_entry); not re-read for this catalogue. Also 1907-08 orchestras (musicians_1907-08_SP_p001): Оркестръ оперы и балета / Музыканты.,
roster,1906-07,musicians_1906-07_SP_p004,,,death_mark,"Плесковъ, Николай Ивановичъ",,Первая скрипка,orchestras,† 3 мая 1907 г,death mark in roster,none,,Оркестръ Александринскаго театра / Музыканты,,,no,Name and date as stored in the database (raw.person_entry); not re-read for this catalogue.,
roster,1906-07,musicians_1906-07_SP_p006,,,death_mark,"Новоселовъ, Александръ Ильичъ",,,orchestras,† 5 мая 1908 г,death mark in roster,mentions,Центральная Музыкальная Библіотека (senior librarian): library serving all the orchestras; treated like other support staff (RG 2026-10-10),Старшій библіотекарь Центральной Музыкальной Библіотеки.,,,no,Name and date as stored in the database (raw.person_entry); not re-read for this catalogue. Also 1907-08 orchestras (musicians_1907-08_SP_p004): Старшій библіотекарь Центральной Музыкальной Библіотеки..,
review,1906-07,review_1906-07_MSK_ballet_p006,block 6,238,jubilee,В. Ѳ. Гельцеръ,V. F. Geltser (Vasilii),"mime / character dancer, honoured artist, Moscow",Moscow,21 Jan 1907,notice in season review,core,reader,"21-го января въ бенефисъ заслуженнаго артиста Императорскихъ театровъ В. Ѳ. Гельцеръ (за пятидесятилѣтнюю службу и прощальный), съ участиемъ заслуженной артистки Императорскихъ театровъ М. Ф. Кшесинской и артиста Императорскихъ С.-Петербургскихъ театровъ г. Фокина,","On 21 January, at the benefit of honoured artist V. F. Geltser (for 50 years of service, and his farewell), with M. F. Kshesinskaia and M. Fokine ...",,no,same benefit was also his farewell (separate farewell row); he played Marcelina in La Fille mal gardée,1908-09 obituary p. 126-127
review,1906-07,review_1906-07_MSK_ballet_p006,block 6,238,farewell,В. Ѳ. Гельцеръ,V. F. Geltser (Vasilii),"mime / character dancer, honoured artist, Moscow",Moscow,21 Jan 1907,notice in season review,core,reader,"21-го января въ бенефисъ заслуженнаго артиста Императорскихъ театровъ В. Ѳ. Гельцеръ (за пятидесятилѣтнюю службу и прощальный), съ участиемъ заслуженной артистки Императорскихъ театровъ М. Ф. Кшесинской и артиста Императорскихъ С.-Петербургскихъ театровъ г. Фокина,","On 21 January, at the benefit of honoured artist V. F. Geltser (for 50 years of service, and his farewell), with M. F. Kshesinskaia and M. Fokine ...",,no,same benefit was also a 50-year jubilee (separate jubilee row),1908-09 obituary p. 126-127
review,1906-07,review_1906-07_SP_ballet_p002,block 7,149,farewell,Л. С. Ауэра,L. S. Auer,"violin soloist (Солистъ Его Величества), St Petersburg orchestra; played the ballet solos",SP,22 Oct 1906,notice in season review,core,reader,"22-го октября состоялся сборный спектакль, при послѣднемъ участіи солиста Его Величества Л. С. Ауэра","Mixed ballet bill ""at the last participation"" of the soloist L. S. Auer.",,no,"normalised name: Л. С. Ауэръ; no ceremony described; the 1906-07 orchestra roster (opera-and-ballet orchestra, p. 29) prints «Оставилъ службу 2 ноября 1906 г.» against his name (seen on the scan)",1908-09 jubilee p. 146
review,1906-07,review_1906-07_SP_ballet_p005,block 4,152,jubilee,А. К. Глазунова,A. K. Glazunov,composer,SP,28 Jan 1907,notice in season review,mentions,reader,"28-го января, по случаю 25-лѣтней композиторской дѣятельности А. К. Глазунова, артистами Императорскихъ театровъ представлено было 1) «Испытаніе Дамиса», балетъ въ 1-мъ актѣ, сочин. балетмейстера Маріуса Петипа, солиста Его Величества, музыка А. Глазунова, декорація г. Ламбина. Балетъ этотъ былъ данъ въ первый разъ на сценѣ Императорскаго Эрмитажа 17-го января 1900 г. (смотрите «Ежегодникъ Императорскихъ Театровъ» 1900 г. стр. 120), роли въ которомъ были распредѣлены такъ: графиня Люсиндъ—г-жа Кускова; Изабелла, ея дочь—г-жа Преображенская; Маріетта, субретка Изабеллы—г-жа Вилль; Дамисъ, женихъ Изабеллы—г-нъ Кшесинскій.","On 28 January, on the occasion of A. K. Glazunov's 25 years of composing activity, the Imperial artists performed 'Испытаніе Дамиса' (ballet, Petipa / Glazunov) ...",,no,"normalised name: А. К. Глазуновъ; Glazunov's career not mainly ballet, but the jubilee was marked with his ballet(s); programme continues beyond this block",1907-08 jubilee p. 272-273
section,1907-08,1907-08_Jubilee_Glazunov.pdf,1,272,other,"Толстой, графъ Л. Н. [tail of a chronology]","Tolstoy, Count L. N. (tail of a chronological list)",writer,n/a,items for 1903?-1906 visible (75th birthday 28 August; 1904; 1905; 1906),7 lines visible,none,,,,,no,PARTIALLY SCANNED: p.272 opens mid-entry with the last 7 lines of a year-by-year list of Tolstoy's works and life events (evidently a Tolstoy jubilee article that began on unscanned pages); ends «Смерть дочери Л. Н. Толстого Маріи Львовны.» Heading not seen.,
section,1907-08,1907-08_Jubilee_Glazunov.pdf,1-2,272-273,jubilee,"Глазуновъ, А. К.","Glazunov, A. K.",composer; director of the SP Conservatory,SP (Conservatory; not a theatre employee),"b. 29 July 1865; 25th anniversary of musical activity (first performance 17 March 1882), celebrated 27 January [1907]","c. 1 p (22 lines on p.272 + 4 on p.273, plus 2-line footnote)",mentions,reader,"три балета («Раймонда», «Испытаніе Дамиса» и «Времена года») *)","[he has written] three ballets (Raymonda, The Trial of Damis and The Seasons)",,no,"Heading «А. К. Глазуновъ (по поводу 25-лѣтія его музыкальной дѣятельности).» Unsigned. Footnote on p.272: «*) О балетной музыкѣ А. К. см. «Ежегодникъ Императорскихъ Театровъ», сезонъ 1900—1901 г., прилож. 2.» — cross-reference to an article on his ballet music in the 1900-01 yearbook, Supplement 2. Year of the 27 January celebration not printed (context = 1907). Entry complete across pp.272-273. NB Glazunov_p02 and Rachmaninov_p01 are the same printed page (273).",1906-07 jubilee p. 152 (review)
section,1907-08,1907-08_Jubilee_Rachmaninov.pdf,1-3,273-275,other,"Рахманиновъ, С. В.","Rachmaninov, S. V.","composer, conductor (Moscow Russian opera from 1903-04)",Moscow opera,b. 1873; no jubilee or death date — occasion is the staging of two operas,c. 2.5 pp,none,,,,,no,"NOT a jubilee notice despite the file name: heading «С. В. Рахманиновъ. (По поводу постановки его оперъ «Скупой рыцарь» и «Франческа да Римини» на сценѣ Московскаго Большого театра).» Unsigned; quotes critics С. Кругликовъ, Н. Кашкинъ, Ю. Энгель on «Алеко», «Скупой рыцарь», «Франческа-да-Римини». No ballet content. Entry complete (begins mid-p.273, ends p.275 with a rule). Signature mark '1907—1908 / 35' at foot of p.273.",
section,1907-08,1907-08_Obituary_Arbenin.pdf,1,292,obituary,"Панчинъ, А. С. [tail of entry]","Panchin, A. S.",drama actor (comic and character roles; vaudeville and operetta),not stated on the scanned portion,not on scanned portion (25 years on the stage),14 lines visible,none,,,,,no,"PARTIALLY SCANNED: p.292 opens mid-entry (heading and start on unscanned page). Name taken from the running text: «г. Панчина», «въ г. Панчинѣ», and initials «А. С. былъ женатъ два раза на артисткахъ: М. М. Читау, съ которой развелся; а затѣмъ онъ женился на г-жѣ Бурмистровой 2-й.» Visible text concerns his Khlestakov and his repertoire of 200+ roles; no ballet content in the visible part (whether Бурмистрова 2-я was a dancer is not stated).",
section,1907-08,1907-08_Obituary_Arbenin.pdf,1-2,292-293,obituary,"Арбенинъ (Гильдебрантъ), Николай Ѳедоровичъ","Arbenin (Gil'debrant / Hildebrandt), Nikolai Fedorovich","drama actor, translator and writer on theatre","Moscow drama (Maly, from 1884); SP drama (Alexandrinsky, from 1895)","b. 1863, Iur'ev; death date not given in the text",c. 1.3 pp (9 lines + 9-line footnote on p.292; 31 lines on p.293),mentions,reader,"воспитывался онъ въ Москвѣ въ семьѣ графини А. А. Барановой, бывшей балетной танцовщицы Вергиной *)","he was brought up in Moscow in the family of Countess A. A. Baranova, the former ballet dancer Vergina",,no,"Heading «Николай Ѳедоровичъ Арбенинъ (Гильдебрантъ).» Unsigned. The ballet content is the footnote on p.292, a short biography of the dancer ВЕРГИНА, in full: «*) Вергина въ первый разъ дебютировала на Петербургской сценѣ 17 октября 1867 г. въ балетѣ «Сатанилла». Одаренная очаровательной внѣшностью и отличаясь пластичностью, выразительной мимикою и недюжинными сценическими способностями, Вергина уже съ перваго своего дебюта обратила на себя вниманіе балетомановъ и имѣла крупный успѣхъ. Занимая въ балетной труппѣ одно изъ первыхъ мѣстъ, Вергина выступала и въ качествѣ солистки и въ качествѣ балерины, причемъ наибольшій успѣхъ имѣла въ балетахъ: «Двѣ звѣзды», «Камарго» «Донъ-Кихотъ», «Царь Кандавлъ», въ оперѣ «Фенелла» и проч. Вергина покинула сцену въ 1874 году выйдя замужъ за молодого князя Баранова, съ которымъ переселилась въ Москву, гдѣ скончалась въ 1901 году.» NB the main text calls her «графини А. А. Барановой» and the Baranovs «графы», while the footnote says «князя Баранова» — inconsistent as printed. Arbenin himself: Moscow Conservatory drama classes (Samarin), Moscow Imperial drama troupe 1884, married Maly actress Г. В. Панова 1890, transferred to the Alexandrinsky 1895; translations and articles. Entry complete (rule at foot of p.293).",
section,1907-08,1907-08_Obituary_Arensky.pdf,1,[285],section_heading_only,Некрологи.,Obituaries,,,,heading,none,,,,,no,"Decorated section title «НЕКРОЛОГИ.» in an ornamental frame at the head of the page; no folio printed on this page (inferred 285 from the next page, 286). The section runs at least pp.[285]-294 (Arensky, Blaramberg, ... Panchin, Arbenin, Bogdanov, Lentovskii); pp.287-291 are not in these extracts.",
section,1907-08,1907-08_Obituary_Arensky.pdf,1-2,[285]-286,obituary,"Аренскій, Антонъ Степановичъ","Arenskii, Anton Stepanovich",composer; professor at the Moscow Conservatory; director of the Court Chapel 1895-1901,SP / Moscow (not a theatre employee),"b. 1861, Novgorod; d. 12 February 1906","c. 1 p (19 lines on p.[285] + 12 on p.286, plus 4-line footnote)",mentions,reader,"А. С. Аренскій написалъ три оперы («Сонъ на Волгѣ», «Рафаэль» и «Наль и Дамаянти») *), балетъ «Ночь въ Египтѣ»","A. S. Arensky wrote three operas ..., the ballet Egyptian Nights (A Night in Egypt)",,no,"Heading «Антонъ Степановичъ Аренскій.» Unsigned. Only ballet content is the bare mention of the ballet «Ночь въ Египтѣ» in the list of works; the footnote concerns the operas' productions (Bolshoi 1892, 1899; «Рафаэль» 1894 Moscow and Mariinsky) and music to «Буря». His teacher is printed «А. Римскаго-Корсакова» (initial А., as printed). Entry complete.",
section,1907-08,1907-08_Obituary_Arensky.pdf,2,286,obituary,"Бларамбергъ, П. И.","Blaramberg, P. I.",composer,Moscow (not a theatre employee on the visible portion),"b. 17 September 1841, Orenburg; death date not on scanned portion",15 lines visible,none,,,,,no,"PARTIALLY SCANNED: heading «П. И. Бларамбергъ.» and the first 15 lines only; the page ends mid-sentence («пишетъ про эту компо-») and the continuation (p.287 ff.) is not in the extract. No ballet content in the visible part (music to «Воевода», «Демонъ»; opera «Ундина»); the rest is unchecked.",
section,1907-08,1907-08_Obituary_Bogdanov.pdf,1,294,obituary,"Богдановъ, А. [А. А.]","Bogdanov, A. A.","dancer (soloist), dance teacher at the Theatre School, chief régisseur of the SP ballet; acting chief ballet master, Moscow",SP ballet; Moscow ballet from 1882,"entered service 11 February 1846; d. 10 October 1907, St Petersburg",22 lines,core,reader,въ 1873 году онъ былъ переименованъ изъ танцовщиковъ въ главнаго режиссера балетной труппы,in 1873 he was redesignated from dancer to chief régisseur of the ballet troupe,,no,"Heading «А. Богдановъ.» (one initial); text opens «А. А. Богдановъ». Unsigned. Content: released from the SP Theatre School 11 Feb 1846 as dancer of the first rank (танцовщикомъ перваго разряда); after ten obligatory years, contract as «солиста-танцовщика и преподавателя танцевъ при С.-Петербургскомъ театральномъ училищѣ» at 1,143 r. + 15 r. per performance, with the duty «сочинять танцы для оперъ и дивертисементовъ»; 1859 deputised for ballet régisseur «Морселя» during his absence abroad; 1873 chief régisseur at 3,000 r., remaining dance teacher; 1881 at his own request relieved of régisseur duties, again dancer at 4,000 r. + 1,000 r. for teaching; «12-го сентября 1882 года, по случаю преобразованіе балетныхъ труппъ Императорскихъ театровъ, А. А. былъ переведенъ въ Москву ... исправляющимъ должность главнаго балетмейстера, режиссера и преподавателя танцевъ въ театральной школѣ»; after leaving Moscow service moved to Petersburg. No birth date given. Entry complete on this page (heading is at the very top of p.294).",
section,1907-08,1907-08_Obituary_Bogdanov.pdf,1,294,memorial_feature,"Лентовскій, Михаилъ Валентиновичъ","Lentovskii, Mikhail Valentinovich",theatre entrepreneur / actor (only the opening is scanned),Moscow (private theatres); not stated on visible portion,b. 1843; death date not on scanned portion,7 lines visible,none,,,,,no,"PARTIALLY SCANNED: heading «Памяти Михаила Валентиновича Лентовскаго.» and the first 7 lines only (son of a merchant of the second guild; came to Moscow in the early 1860s; received by M. S. Shchepkin; letter from the Little-Russian actor «Домбровскаго»); page ends mid-word («кото-»), continuation (p.295 ff.) not in the extract. No ballet content in the visible part; the rest is unchecked — Lentovskii's enterprises staged féeries/ballet, so the unscanned continuation may be relevant.",
roster,1907-08,administration_1907-08_p001,,,death_mark,"Генъ, Анатолій Александровичъ",,д. ст. сов.,administration,† 1907 г,death mark in roster,none,,С.-Петербургская Контора Императорскихъ театровъ / Врачебная часть / Старшій врачъ,,,no,Name and date as stored in the database (raw.person_entry); not re-read for this catalogue. Also 1907-08 theatre school staff (theaterschoolstaff_1907-08_p000): Императорское С.-Петербургское Театральное Училище / Врачъ при Училищѣ.,
roster,1907-08,musicians_1907-08_MSK_p002,,,death_mark,"Томсонъ, Николай Фридриховичъ",,Валторна,orchestras,† 3 іюня 1908 г,death mark in roster,core,Moscow main orchestra list (opera and ballet conductors): no. 103 in the one numbered list under «Оркестры» whose heads are «Капельмейстеры оперы» and «Капельмейстеры балета» (p000 read on the scan 2026-10-10); the page does not print «оперы и балета» (RG ruling 2026-10-10: opera-and-ballet orchestra),Музыканты,,,no,Name and date as stored in the database (raw.person_entry); not re-read for this catalogue.,
roster,1907-08,musicians_1907-08_SP_p001,,,death_mark,"Ла-Віа, Марія",,Арфа,orchestras,† 14 мая 1908 г,death mark in roster,core,roster: ballet or opera-and-ballet orchestra (RG ruling 2026-10-10),Оркестръ оперы и балета / Музыканты,,,no,Name and date as stored in the database (raw.person_entry); not re-read for this catalogue.,
roster,1907-08,musicians_1907-08_SP_p003,,,death_mark,"Зедникъ, Меѳодій Іосифовичъ",,Вторая скрипка,orchestras,† 11 апрѣля 1908 г,death mark in roster,none,,Оркестръ Александринскаго театра / Музыканты,,,no,Name and date as stored in the database (raw.person_entry); not re-read for this catalogue.,
review,1907-08,review_1907-08_SP_ballet_p009,block 3,99,farewell,М. М. Петипа,M. M. Petipa (Mariia Mariusovna),"character dancer, honoured artist, St Petersburg",SP,11 Nov 1907,notice in season review,core,reader,"11-го ноября состоялся прощальный бенефисъ заслуженной артистки Императорскихъ театровъ М. М. Петипа, при участіи заслуженной артистки Императорскихъ театровъ М. Кшесинской, балеринъ: О. Преображенской, В. Трефиловой, А. Павловой 2 и солиста Его Величества П. Гердта. Бенефисъ М. М. Петипа былъ данъ за тридцать лѣтъ службы ея въ Императорскомъ Петербургскомъ балетѣ, такъ какъ она послѣдній годъ пользовалась отпускомъ и не танцовала.","On 11 November the farewell benefit of honoured artist M. M. Petipa (with Kshesinskaia, Preobrazhenskaia, Trefilova, Pavlova 2nd and Gerdt); it was given for her thirty years of service in the St Petersburg ballet, as she had spent the last year on leave and not danced.",,no,"same benefit = 30-year jubilee (separate jubilee row); ceremony in p010 #1 (Gerdt's address, gifts)",1900-01 jubilee p. 186 (review)
review,1907-08,review_1907-08_SP_ballet_p009,block 3,99,jubilee,М. М. Петипа,M. M. Petipa (Mariia Mariusovna),"character dancer, honoured artist, St Petersburg",SP,11 Nov 1907,notice in season review,core,reader,"Бенефисъ М. М. Петипа былъ данъ за тридцать лѣтъ службы ея въ Императорскомъ Петербургскомъ балетѣ, такъ какъ она послѣдній годъ пользовалась отпускомъ и не танцовала.",The benefit of M. M. Petipa was given for thirty years of her service in the Imperial St Petersburg ballet ...; 'the jubilarian debuted in 1875'.,,no,same benefit was her farewell (separate farewell row),1900-01 jubilee p. 186 (review)
review,1907-08,review_1907-08_SP_ballet_p014,block 6,104,jubilee,г-жи Сѣдовой,Sedova,"ballet artist, St Petersburg",SP,20 Apr 1908,notice in season review,core,reader,"Спектакль этотъ совпалъ съ 10-ти лѣтіемъ службы г-жи Сѣдовой, выпущенной въ балетную труппу 1-го іюня 1898 г.; публика сдѣлала ей шумную овацію, поднесла массу цвѣтовъ и нѣсколько цѣнныхъ подарковъ.","The performance coincided with Sedova's 10 years of service (in the ballet troupe from 1 June 1898); ovation, flowers and gifts.",,no,normalised name: Сѣдова,
review,1907-08,review_1907-08_SP_ballet_p015,block 1,105,death_notice,Гиллертъ,Gillert,"mime artist (мимическій артистъ), St Petersburg ballet",SP,season 1907-08,notice in season review,core,roster,Скончался мимический артистъ г. Гиллертъ.,The mime artist Mr Gillert died.,,no,"Гиллертъ, Станиславъ Феликсовичъ — SP ballet roster to 1907-08, printed ""† 19 декабря 1907 г."" season summary (p014 #7 -> p015 #1)",
section,1908-09,1909 Vol VI-VII/1908-09_Jubilees.pdf,01,[none],section_heading_only,,,,,,,none,,,,,no,Section title page «ЮБИЛЕИ»; no folio visible (precedes p.143).,
section,1908-09,1909 Vol VI-VII/1908-09_Jubilees.pdf,02,143,jubilee,"Авранекъ, Ульрихъ Іосифовичъ","Avranek, Ul'rikh Iosifovich","conductor and chorus master, opera",Moscow / opera,"25-лѣтіе службы, 10-го декабря",~22 lines,none,,,,,no,,
section,1908-09,1909 Vol VI-VII/1908-09_Jubilees.pdf,02-04,143-145,jubilee,"Альтани, Ипполитъ Карловичъ","Al'tani, Ippolit Karlovich","chief conductor (kapellmeister), opera",Moscow / opera,25-лѣтіе дирижерской дѣятельности; at Moscow since 1882-83,~1.5 pp,none,,,,,no,,
section,1908-09,1909 Vol VI-VII/1908-09_Jubilees.pdf,04,145,jubilee,"Арендсъ, Андрей Федоровичъ","Arends, Andrei Fedorovich",conductor of the Moscow ballet; violinist; composer,Moscow / ballet orchestra (earlier Maly drama orchestra),"25-лѣтній юбилей; b. Moscow 2 марта 1855; violinist 1883, ballet conductor 1906",~0.7 p,core,reader,въ 1906 г. его назначаютъ дирижеромъ Московскаго балета,In 1906 he was appointed conductor of the Moscow ballet,,no,"Also: 1896 sent to Bolshoi to stage Konyus's ballet «Даная»; conducted Лебединое озеро, Спящая красавица, Раймонда; composed 4-act ballet «Саламбо» (after Flaubert); mentions predecessor А. И. Лузинъ.",1908-09 jubilee p. 158 (review)
section,1908-09,1909 Vol VI-VII/1908-09_Jubilees.pdf,05,146,jubilee,"Ауэръ, Левъ Семеновичъ","Auer, Lev Semenovich","violinist, soloist of the opera orchestra; professor",SP / orchestra,"сорокалѣтіе музыкальной дѣятельности, 14-го декабря 1908; b. 1845 (Hungary)",~1 p,none,,,,,no,Text does not mention his ballet violin solos.,1906-07 farewell p. 149 (review)
section,1908-09,1909 Vol VI-VII/1908-09_Jubilees.pdf,06-07,147-148,jubilee,"Боборыкинъ, Петръ Дмитріевичъ","Boborykin, Petr Dmitrievich","writer, playwright",other / literature,50-тилѣтіе литературной дѣятельности; b. 15 августа 1836,~1.5 pp,none,,,,,no,,
section,1908-09,1909 Vol VI-VII/1908-09_Jubilees.pdf,07-09,148-150,jubilee,"Васильева, Надежда Сергѣевна","Vasil'eva, Nadezhda Sergeevna",drama actress,SP / drama (Alexandrinsky; earlier Moscow),"сорокалѣтіе сценической дѣятельности, 35-лѣтіе on Imperial stage; заслуженная артистка 2 апрѣля 1908",~2.3 pp,mentions,reader,танцовщица Московскаго театра г-жа Гиллертъ и извѣстный танцовщикъ Бекеффи,Moscow dancer Gillert and the famous dancer Bekeffi took part in the same Paris 1876 performances,,no,Ballet content is incidental: names fellow participants (dancers) in Russian performances in Paris 1876.,
section,1908-09,1909 Vol VI-VII/1908-09_Jubilees.pdf,09-11,150-152,jubilee,"Горевъ, Ѳедоръ Петровичъ","Gorev, Fedor Petrovich",drama actor,SP Alexandrinsky (1880s) / Moscow Maly (1904-),40-лѣтіе сценической дѣятельности,~2 pp,none,,,,,no,Quotes his memoirs at length.,
section,1908-09,1909 Vol VI-VII/1908-09_Jubilees.pdf,11-12,152-153,jubilee,"Звягина, Лидія Юрьевна","Zviagina, Lidiia Iur'evna",opera singer (contralto),"Moscow / opera (Bolshoi, from 1889)",20-лѣтіе оперной дѣятельности; прощальный бенефисъ 18 ноября,~1 p,none,,,,,no,,
section,1908-09,1909 Vol VI-VII/1908-09_Jubilees.pdf,12-13,153-154,jubilee,"Ипполитовъ-Ивановъ, Михаилъ Михайловичъ","Ippolitov-Ivanov, Mikhail Mikhailovich",composer; director of Moscow Conservatory,Moscow / music,"25-тилѣтіе композиторской дѣятельности, 23 января; b. Гатчина 1859",~0.75 p,none,,,,,no,"Operas Азра, Ася, Руфь; no ballet mentioned.",
section,1908-09,1909 Vol VI-VII/1908-09_Jubilees.pdf,13-15,154-156,jubilee,"Каратыгина, Клеопатра Александровна","Karatygina, Kleopatra Aleksandrovna",drama actress; formerly ballet coryphée,SP / drama (earlier SP ballet; Moscow Maly 1896; SP drama from 1 Jan 1903),"сорокалѣтіе end Aug 1909 on drama stage; ""46 лѣтъ"" counting ballet service from age 16",~2.5 pp,core,reader,я была выпущена корифейкой на 300 руб. въ балетъ,I was graduated into the ballet as a coryphée at 300 roubles,,no,"Subtitle ""Листки изъ автобіографіи"" (autobiographical). SP theatre school from age 6; dance teachers named Гариновскій [genitive Гариновскаго], А. Н. Богдановъ, Гюге; danced a quadrille in «Вѣчный жидъ» with Ю. Н. Линская and П. Каратыгинъ; pas de deux galop at 10 with Канцерева; says she came to hate ballet (""возненавидѣла балетъ"") and hoped to get out of it; moved to drama 1869 (provinces), married actor В. А. Каратыгинъ. Substantial ballet career, hence core; could be argued as mentions.",
section,1908-09,1909 Vol VI-VII/1908-09_Jubilees.pdf,16-17,157-158,jubilee,"Козаченко, Георгій Александровичъ","Kozachenko, Georgii Aleksandrovich","chorus master, Russian opera; composer",SP / opera chorus,35-лѣтіе музыкальной дѣятельности and 25-лѣтіе завѣдыванія хоромъ; b. SP 20 апрѣля 1858,~1.3 pp,mentions,reader,"юбиляръ работаетъ надъ партитурою балета, сюита изъ которой исполнялась 28 ноября 1909 года",He is working on a ballet score; a suite from it was played at his jubilee concert 28 Nov 1909,,no,Ballet unnamed.,
section,1908-09,1909 Vol VI-VII/1908-09_Jubilees.pdf,17,158,jubilee,"Кореневъ, Николай Алексѣевичъ","Korenev, Nikolai Alekseevich","prompter, then régisseur, drama",SP / drama,25-лѣтіе службы въ театрѣ; joined 1884,~14 lines,none,,,,,no,,
section,1908-09,1909 Vol VI-VII/1908-09_Jubilees.pdf,17-18,158-159,jubilee,"Кюи, Цезарь Антоновичъ","Kiui (Cui), Tsezar' Antonovich","composer, critic",SP / music,50-лѣтіе музыкальной дѣятельности; b. Вильна 6 января 1835,~1.3 pp,mentions,reader,и актъ балета-оперы «Млада» (въ 1872 г.),Wrote one act of the opera-ballet «Mlada» (1872),,no,"Print says he studied with Монюшко ""въ Вильнѣ въ 1898 году"" — impossible (Moniuszko d. 1872); a print error, transcribed as printed.",
section,1908-09,1909 Vol VI-VII/1908-09_Jubilees.pdf,18-19,159-160,jubilee,"Кюнеръ, Василій Васильевичъ","Kiuner (Kühner), Vasilii Vasil'evich","music teacher, composer",SP / music,50-лѣтіе дѣятельности 23 апрѣля; b. Штутгардъ 1-го (13) апрѣля 1840,~1 p,none,,,,,no,Opera «Тарасъ Бульба» at Mariinsky 1880-81.,
section,1908-09,1909 Vol VI-VII/1908-09_Jubilees.pdf,19-20,160-161,jubilee,"Лукка, Паулина","Lucca, Pauline",opera singer (soprano),other / Italian opera in SP 1867-69,b. 1841 Vienna; left stage 1887; no jubilee occasion stated in text,~0.6 p,none,,,,,no,No subtitle; occasion not stated (presumably a jubilee since it sits in this section).,
section,1908-09,1909 Vol VI-VII/1908-09_Jubilees.pdf,20-21,161-162,jubilee,"Направникъ, Эдуардъ Францевичъ","Napravnik, Eduard Frantsevich","chief conductor, Russian opera; composer",SP / opera,45-лѣтіе музыкальной дѣятельности; b. 12 августа 1839 (Bohemia),~1.3 pp,none,,,,,no,,
section,1908-09,1909 Vol VI-VII/1908-09_Jubilees.pdf,21-22,162-163,jubilee,"Павлова, Анна Матвѣевна (2-я)","Pavlova, Anna Matveevna (II)",ballet artist (ballerina),SP / ballet,"10-лѣтіе артистической дѣятельности, celebrated 18 ноября 1909 at Mariinsky; in ballet from 1 іюля 1899",~0.7 p,core,reader,(зачислена въ балетъ съ 1 іюля 1899 года),Enrolled in the ballet from 1 July 1899,,no,"Jubilee performance «Баядерка» as Никія; ""выступала около 300 разъ въ оперѣ и въ 20 балетахъ"" with full role list (Арлекинада/Пьеретта, Жизель, Корсаръ, На перепутьи/Карменъ, Пахита, Раймонда, Спящая красавица/фея Кандидъ, Эсмеральда/Флеръ де-Лисъ etc.).",
section,1908-09,1909 Vol VI-VII/1908-09_Jubilees.pdf,22-26,163-167,jubilee,"Правдинъ, Осипъ Андреевичъ","Pravdin, Osip Andreevich",drama actor (Maly); drama teacher,Moscow / drama (Maly),"b. SP 16 іюня 1846; Maly debut 5 марта 1878; ""На сценѣ я 32 года""; forty-year stage career",~3.3 pp,none,,,,,no,"Subtitle ""Страничка изъ автобіографіи артиста"". Only dance reference is a social ""танцовальный вечеръ"" anecdote in Helsingfors — not ballet. Taught drama in the Imperial theatre school (pupils Лешковская, Потоцкая).",
section,1908-09,1909 Vol VI-VII/1908-09_Jubilees.pdf,26-27,167-168,jubilee,"Патти, Аделина","Patti, Adelina",opera singer (soprano),"other / Italian opera (SP 1869-, three seasons)",50-лѣтіе артистической карьеры; b. 1839,~1 p,none,,,,,no,,
section,1908-09,1909 Vol VI-VII/1908-09_Jubilees.pdf,27-28,168-169,jubilee,"Преображенская, Ольга Осиповна","Preobrazhenskaia, Ol'ga Osipovna",ballet artist (ballerina),SP / ballet,двадцатилѣтіе пребыванія въ балетѣ; jubilee performance 29 ноября (year not printed; presumably 1909) in «Талисманъ» as Норита,~1.3 pp,core,reader,справлявшая на дняхъ свое двадцатилѣтнее служеніе балету,Recently celebrated twenty years of service to the ballet,,no,"Over 600 appearances in opera and ballet; list of 33 ballets with roles. Print typo «Волшебная фрейта» (for флейта), zoom-confirmed.",
section,1908-09,1909 Vol VI-VII/1908-09_Jubilees.pdf,29-31,170-172,jubilee,"Садовская, О. О. (Лазарева-Садовская)","Sadovskaia, O. O. (Lazareva-Sadovskaia)",drama actress (comic old women),Moscow / drama (Maly),40-лѣтіе деятельности 29 декабря 1909; debut 20 декабря 1869; 28 years at Maly,~2.2 pp,none,,,,,no,Heading gives initials only (Ольга Осиповна not spelled out). Opens with verse epigraph. Wife of М. П. Садовской (next-but-one entry).,
section,1908-09,1909 Vol VI-VII/1908-09_Jubilees.pdf,31-33,172-174,jubilee,"Сальвини, Томазо","Salvini, Tommaso",drama actor (Italian tragedian),"other / Italian drama (guest in SP/Moscow 1882, 1901)",80-лѣтіе рожденія; b. 1 января 1829; left stage Oct 1903,~2.2 pp,none,,,,,no,,
section,1908-09,1909 Vol VI-VII/1908-09_Jubilees.pdf,34-35,175-176,jubilee,"Садовской, Михаилъ Провичъ","Sadovskoi, Mikhail Provich","drama actor, writer, translator",Moscow / drama (Maly),сорокалѣтіе пребыванія на сценѣ Малаго театра; b. 12 ноября 1847; Maly debut 17 октября 1869,~1.3 pp,none,,,,,no,Patronymic printed «Провичъ» (zoom-verified).,
section,1908-09,1909 Vol VI-VII/1908-09_Jubilees.pdf,35-36,176-177,jubilee,"Соловьевъ, Николай Ѳеопемптовичъ","Solov'ev, Nikolai Feopemptovich","composer, critic, conservatory professor",SP / music,"40-лѣтіе критической и композиторской дѣятельности, май 1908; b. Петрозаводскъ 27-го апрѣля 1846",~0.9 p,none,,,,,no,"Operas Кузнецъ Вакула, Корделія, Домикъ въ Коломнѣ; no ballet.",
section,1908-09,1909 Vol VI-VII/1908-09_Jubilees.pdf,36-37,177-178,jubilee,"Суворинъ, Алексѣй Сергѣевичъ","Suvorin, Aleksei Sergeevich","publisher, critic, playwright","SP / literature, private theatre","50-лѣтіе литературной и сценической дѣятельности, celebrated 27 Февраля; b. 11 Сентября 1834",~1 p,none,,,,,no,,
section,1908-09,1909 Vol VI-VII/1908-09_Jubilees.pdf,37-38,178-179,jubilee,"Ходотовъ, Николай Николаевичъ","Khodotov, Nikolai Nikolaevich","drama actor, playwright",SP / drama (Alexandrinsky),10-лѣтіе сценической дѣятельности на Императорской сценѣ; graduated theatre school 1898,~1 p,none,,,,,no,"His play «На перепутьи» (4 Nov 1908) is a drama — not the ballet of the same name in Pavlova's role list. Section ends p.179; next section (Moscow Art Theatre article, show-through) not in scan.",
section,1908-09,1909 Vol VI-VII/1908-09_Obituaries.pdf,1,[no folio; section title page],section_heading_only,НЕКРОЛОГИ (1908—1909 гг.),Nekrologi (1908-1909),,,,title page,none,,,,,no,"Section title page; no folio printed. Inventory mentions Всеволожскій and Гельцеръ - both verified present (pp. 122-123, 126-127).",
section,1908-09,1909 Vol VI-VII/1908-09_Obituaries.pdf,2,121,memorial_feature,Димитрій Ростовскій (святитель),Dimitrii Rostovskii (St.),"saint, preacher-writer, school-drama patron",other (Rostov/Kiev),"200-лѣтіе кончины, 27-го октября [1909]; † 28-го октября 1709 г.",1 p,none,,,,,no,"Heading: «Нѣсколько словъ памяти двухсотлѣтія святителя Димитрія Ростовскаго». About school drama/mystery plays, no ballet.",
section,1908-09,1909 Vol VI-VII/1908-09_Obituaries.pdf,3-4,122-123,obituary,"Всеволожскій, Иванъ Александровичъ","Vsevolozhskii, Ivan Aleksandrovich","former Director of the Imperial Theatres (1881-1899), Director of the Imperial Hermitage",SP / administration,"† 29 октября 1909 г., на 75-мъ году жизни",1.4 pp,core,RG ruling 2026-10-10: administrator over the ballet (Director of the Imperial Theatres),Самъ онъ набрасывалъ рисунки декорацій для оперъ и балетовъ ... уничтожилъ должность композитора балетной музыки,"He himself sketched décor designs for operas and ballets; abolished the post of staff ballet composer, commissioning scores (Щелкунчикъ, Спящая красавица) from Tchaikovsky",,no,"Strong mentions (administrator, not ballet personnel): also invited outstanding artists 'на сцены оперную и балетную'; cross-ref to E. Пономаревъ article in Yearbook for 1900. Text says the ballets were staged 'во время его дирижерства' [sic - printed so, presumably for директорства]. Death date (Oct 1909) is after the 1908-09 season but printed in this section. [SOURCE CONFLICT: Roster (theaterschoolstaff_1909-10_p000, p. 145) prints «Всеволожской … † 28 октября 1909 г.»; this obituary prints «† 29 октября 1909 г.» in heading and text.]",1899-00 biographical_feature p. 25-31 (+ one further page)
section,1908-09,1909 Vol VI-VII/1908-09_Obituaries.pdf,4-5,123-124,obituary,"Билибинъ, Викторъ Викторовичъ","Bilibin, Viktor Viktorovich","humorist, playwright (vaudevilles); pseudonyms И. Грекъ, Діогенъ, В. Холостовъ",SP / drama (author),† 31 мая 1908 г.; род. 1859,0.7 pp,none,,,,,no,"List of his one-act plays includes titles «Похищеніе сильфиды» and «Танцующій кавалеръ» - vaudeville titles only, no ballet content stated; borderline, flagged for RG.",
section,1908-09,1909 Vol VI-VII/1908-09_Obituaries.pdf,5-6,124-125,obituary,"Вейнбергъ, Петръ Исаевичъ","Veinberg, Petr Isaevich","poet, translator (Shakespeare), professor",SP / literature,† 3 іюля 1908 г.,0.8 pp,none,,,,,no,,
section,1908-09,1909 Vol VI-VII/1908-09_Obituaries.pdf,6-7,125-126,obituary,"Владиславлевъ, Михаилъ Петровичъ","Vladislavlev, Mikhail Petrovich",opera tenor (originally baritone),Moscow / opera,"† 9 октября 1909 г., на 82-мъ году; on stage 1846-1870",0.6 pp,none,,,,,no,,
section,1908-09,1909 Vol VI-VII/1908-09_Obituaries.pdf,7-8,126-127,obituary,"Гельцеръ, Василій Ѳедоровичъ","Gel'tser, Vasilii Fedorovich","ballet artist (soloist, mime); later teacher of plastique at the Theatre School",Moscow / ballet,† 30 декабря 1908 г.; род. 1840; in Bolshoi troupe 1856-1906,0.7 pp,core,reader,"заслуженный артистъ балетной труппы Московскихъ Императорскихъ театровъ ... въ роли Иванушки-дурачка, въ извѣстномъ балетѣ «Конекъ Горбунокъ»","Honoured artist of the Moscow ballet troupe; famous as Ivanushka in The Little Humpbacked Horse (350+ times), later the Khan",,no,"Entered Moscow Theatre School ballet department aged 8; graduated 1856 as танцоръ (120 rub./yr); soloist 1860; partner of 'знаменитая танцовщица А. Гран-цова' [Granzow, hyphenated across pp.126-127]; retired 1906; 'преподавалъ пластику въ Императорскомъ театральномъ училищѣ'. Family: brother Анатолій Ѳедоровичъ, decorator; sister Вѣра Ѳедоровна (по мужу княгиня Голицына), Maly actress; daughter Екатерина Васильевна, dancer of Moscow ballet; second daughter at the Art Theatre.",1906-07 jubilee p. 238 (review); 1906-07 farewell p. 238 (review)
section,1908-09,1909 Vol VI-VII/1908-09_Obituaries.pdf,8,127,obituary,"Грессеръ, Гавріилъ Николаевичъ","Gresser, Gavriil Nikolaevich","drama actor (Maly), playwright",Moscow / drama,† 1 ноября 1909 г.; debut 12 апрѣля 1889 г.,22 lines,none,,,,,no,Pupil of Г. Н. Ѳедотова.,
section,1908-09,1909 Vol VI-VII/1908-09_Obituaries.pdf,9-12,128-131,obituary,"Левинскій, Іосифъ","Levinskii, Iosif (Josef Lewinsky)","actor, Vienna Burgtheater",other (Vienna) / drama,died Nov 1908 (text: 'умершій въ ноябрѣ 1908 года'),3.2 pp,none,,,,М. Карнѣевъ,no,Subtitle: «Артистъ вѣнскаго Бургъ-театра. (Страничка изъ воспоминаній о немъ)». No dagger date line. Compares him with Ф. Гаазе.,
section,1908-09,1909 Vol VI-VII/1908-09_Obituaries.pdf,12-13,131-132,obituary,"Ленскій, Александръ Павловичъ","Lenskii, Aleksandr Pavlovich","drama actor, director, teacher (Maly)",Moscow (also SP 1882-) / drama,† 13 октября 1908 года; род. 1847,1.3 pp,none,,,,,no,Original surname Вервицатти; taught drama at the Moscow theatre school. No ballet content.,
section,1908-09,1909 Vol VI-VII/1908-09_Obituaries.pdf,13-14,132-133,obituary,"Михѣевъ, Василій Михайловичъ","Mikheev, Vasilii Mikhailovich","novelist, playwright",other (Siberia/Yaroslavl) / literature,† 8 мая 1908 г.; род. 1863,0.6 pp,none,,,,,no,Subtitle: «Беллетристъ и драматургъ».,
section,1908-09,1909 Vol VI-VII/1908-09_Obituaries.pdf,14-15,133-134,obituary,"Парамоновъ, Ѳедоръ Андреевичъ","Paramonov, Fedor Andreevich","drama actor (Maly), comic",Moscow / drama,† 12 декабря 1908 года; род. 1870; Maly from 1891,0.7 pp,none,,,,,no,Trained in the drama classes of the Moscow theatre school.,
section,1908-09,1909 Vol VI-VII/1908-09_Obituaries.pdf,15-16,134-135,obituary,"Потѣхинъ, Алексѣй Антиповичъ","Potekhin, Aleksei Antipovich","playwright, novelist; former manager of the drama troupes",SP+Moscow / drama administration,† 16 октября 1908 года,0.8 pp,none,,,,,no,,
section,1908-09,1909 Vol VI-VII/1908-09_Obituaries.pdf,16,135,obituary,"Ремизовъ, Владиміръ Сергѣевичъ","Remizov, Vladimir Sergeevich",drama actor (Alexandrinsky),SP / drama,† 10 января 1909 года; service 1882-1904,20 lines,none,,,,,no,,
section,1908-09,1909 Vol VI-VII/1908-09_Obituaries.pdf,17,136,obituary,"Ридаль (Волковъ), Александръ Адріановичъ","Ridal' (Volkov), Aleksandr Adrianovich",drama actor (Alexandrinsky); teacher of diction and plastique,SP / drama,† 20 ноября 1908 года; Alexandrinsky from 1 сент. 1895 г.,12 lines,none,,,,,no,"'состоялъ преподавателемъ дикціи и пластики въ оперныхъ классахъ Консерваторіи' - plastique (stage movement), not dance; left as none, flag if plastique counts.",
section,1908-09,1909 Vol VI-VII/1908-09_Obituaries.pdf,17,136,obituary,"Чюмина, Ольга Николаевна","Chiumina, Ol'ga Nikolaevna","poet, translator, playwright",SP / literature,† 24 августа 1909 г.; род. 26 декабря 1864,17 lines,none,,,,,no,По мужу Михайлова.,
section,1908-09,1909 Vol VI-VII/1908-09_Obituaries.pdf,18-19,137-138,obituary,"Шубертъ, Александра Ивановна","Shubert, Aleksandra Ivanovna",drama actress,SP+Moscow / drama,"† 11 января 1908 г., на 82 году",1.4 pp,none,,,,,no,Née Куликова; sister of Н. И. Куликовъ. Death date Jan 1908 precedes the 1908-09 season - as printed.,
section,1908-09,1909 Vol VI-VII/1908-09_Obituaries.pdf,20,139,obituary,"Юмашевъ, Николай Тарасовичъ","Iumashev, Nikolai Tarasovich","opera tenor; then assistant to the head of productions, Moscow office","Moscow / opera, administration",† 5 октября 1908 г.,13 lines,none,,,,,no,"Stage name Украинцевъ. Section ends on this page (p.139, half blank).",
review,1908-09,review_1908-09_MSK_ballet_p001,block 4,158,jubilee,А. Ф. Арендса,A. F. Arends (Andrei),"conductor (капельмейстеръ) of the ballet, Moscow",Moscow,30 Nov 1908,notice in season review,core,reader,"Въ воскресенье, 30-го ноября, состоялся одинъ изъ интереснѣйшихъ спектаклей сезона: бенефисъ капельмейстера балета А. Ф. Арендса, данный ему за двадцатипятилѣтнюю службу. А. Ф. Арендсъ,—москвичъ по","On Sunday 30 November one of the most interesting performances of the season: the benefit of the ballet conductor A. F. Arends, given for twenty-five years of service.",,no,normalised name: А. Ф. Арендсъ; block truncated,1908-09 jubilee p. 145
review,1908-09,review_1908-09_SP_ballet_p000,block 3,116,departure,Г-жу Кякштъ,Kiaksht,"ballet artist, St Petersburg",SP,before 31 Aug 1908,notice in season review,core,reader,"Г-жу Кякштъ покинувшую Императорскую сцену для частной лондонской, замѣнила г-жа Полякова.","Kyaksht, who had left the Imperial stage for a private London one, was replaced by Polyakova.",,no,"normalised name: г-жа Кякштъ; departure noted in passing, no farewell",
review,1908-09,review_1908-09_SP_ballet_p003,block 3,119,death_notice,Великій Князь Владиміръ Александровичъ,Grand Duke Vladimir Aleksandrovich,member of the Imperial family,SP,4 Feb 1909,notice in season review,mentions,reader,"Въ среду, 4 февраля, скоропостижно скончался Великій Князь Владиміръ Александровичъ.",On Wednesday 4 February Grand Duke Vladimir Aleksandrovich died suddenly.,,no,"Imperial family death that closed the theatres; not an obituary subject. not a theatre person; included because his death cancelled performances incl. the ballets Sleeping Beauty (6 Feb) and Humpbacked Horse (7 Feb) -- p003 #4, p005 #5",
roster,1909-10,balletartists_1909-10_SP_p000,,,death_mark,"Петипа, Маріусъ Ивановичъ",,,ballet troupe,† 1 іюля 1910 г,death mark in roster,core,roster: ballet troupe,Балетмейстеръ,,,no,Name and date as stored in the database (raw.person_entry); not re-read for this catalogue.,1896-97 biographical_feature p. 426-433 (+ unnumbered portrait plate between 426 and 427); 1896-97 jubilee p. 238 (review)
section,1910-11,1911 Vol VII/1910-11_Jubilees.pdf,1,[no folio; section title page],section_heading_only,ЮБИЛЕИ (1910—1911),Iubilei (1910-1911),,,,title page,none,,,,,no,Section title page; no folio.,
section,1910-11,1911 Vol VII/1910-11_Jubilees.pdf,2,121,jubilee,"Аполлонскій, Р. Б.","Apollonskii, R. B.",drama actor (Alexandrinsky),SP / drama,21 мая 1911 г.; 30-ти-лѣтіе службы,22 lines,none,,,,,no,"Mentions he replaced 'М. М. Петипа' (drama actor, Marius Petipa's son) - not ballet. Heading has initials only.",
section,1910-11,1911 Vol VII/1910-11_Jubilees.pdf,2-3,121-122,jubilee,"Буренинъ, В. П.","Burenin, V. P.","critic, poet, parodist, playwright",SP / literature,24 ноября 1911 г.; 50-лѣтіе литературной дѣятельности; род. 1841,0.6 pp,none,,,,,no,,
section,1910-11,1911 Vol VII/1910-11_Jubilees.pdf,3-4,122-123,jubilee,"Вальцъ, К. Ѳ.","Val'ts, K. F.","decorator and stage machinist (художникъ-машинистъ), Bolshoi; ballet librettist",Moscow / design & machinery (Bolshoi),3 октября т. г. [1911]; 50-ти-лѣтіе службы,0.6 pp,core,reader,"К. Ѳ. Вальцъ написалъ и нѣсколько балетныхъ либретто («Волшебный башмачекъ», «Кащей безсмертный», «Звѣзды» и др.)",Decorator-machinist of the Moscow Bolshoi for 50 years; also wrote several ballet librettos,,no,Bolshoi designer/machinist (brief's core category: ballet designer/machinist); text's examples of his effects are from operas.,
section,1910-11,1911 Vol VII/1910-11_Jubilees.pdf,4,123,jubilee,"Глѣбова, М. М.","Glebova, M. M.","drama actress (Alexandrinsky, Tiflis, Kiev)",SP/other / drama,декабрь 1911 г.; 50-лѣтіе сценической дѣятельности,20 lines,none,,,,,no,Widow of Н. Н. Соловцовъ; pupil of Н. К. Милославскій.,
section,1910-11,1911 Vol VII/1910-11_Jubilees.pdf,4-5,123-124,jubilee,"Далматовъ, В. П.","Dalmatov, V. P.",drama actor (Alexandrinsky),SP / drama,сентябрь 1911; 20-ти-лѣтіе служенія,0.4 pp,none,,,,,no,Heading read at overview resolution only (zoom crop missed it); clear.,
section,1910-11,1911 Vol VII/1910-11_Jubilees.pdf,5,124,jubilee,"Долина, М. И.","Dolina, M. I.","opera singer (mezzo/contralto), Солистка Его Величества",SP / opera,24 апрѣля 1911 г.; 25 лѣтъ со дебюта,22 lines,none,,,,,no,По мужу Горленко; род. 1868.,
section,1910-11,1911 Vol VII/1910-11_Jubilees.pdf,6,125,jubilee,"Корвинъ-Круковской, Ю. В.","Korvin-Krukovskoi, Iu. V.",drama actor (Alexandrinsky),SP / drama,1 іюня 1911 г.; 25-ти-лѣтіе службы,18 lines,none,,,,,no,Heading ends in -ской (not -скій) as printed.,
section,1910-11,1911 Vol VII/1910-11_Jubilees.pdf,6,125,jubilee,"Крушевскій, Э. А.","Krushevskii, E. A.","conductor (капельмейстеръ) of the Russian opera, Mariinsky; head of the Music Library",SP / opera orchestra,ноябрь текущаго года; 35 лѣтъ службы; род. 10 октября 1857,10 lines,none,,,,,no,Joined orchestra 1876; no ballet mention in the text.,
section,1910-11,1911 Vol VII/1910-11_Jubilees.pdf,7,126,jubilee,"Кшессинская, М. Ф.","Kshessinskaia, M. F.",ballerina (guest artist after leaving permanent service),SP / ballet,февраль 1911 г.; 20-ти-лѣтіе сценической дѣятельности (начала въ 1891 году),11 lines,core,reader,Покинувшая постоянную службу на казенной балетной сценѣ ... восхищая своими классически прекрасными ... танцами,"Left permanent service on the Imperial ballet stage, still appears as guest at the Mariinsky delighting with her classical dances",,no,Spelled Кшессинская (double с) in heading and text.,1899-00 jubilee p. 111 (review); 1903-04 farewell p. 115 (review); 1910-11 jubilee p. 138 (review); 1912-13 departure p. 142 (review)
section,1910-11,1911 Vol VII/1910-11_Jubilees.pdf,7-8,126-127,jubilee,"Мичурина, В. А.","Michurina, V. A.",drama actress (Alexandrinsky),SP / drama,въ настоящемъ году; 25-ти-лѣтіе службы (принята 1886 г.),0.5 pp,none,,,,,no,From the Самойловъ family. 'пластичность' mentioned as stage quality only.,
section,1910-11,1911 Vol VII/1910-11_Jubilees.pdf,8-9,127-128,jubilee,"Никулина, Н. А.","Nikulina, N. A.",drama actress (Maly),Moscow / drama,15 декабря [1911]; 50-ти лѣтіе службы; debut 6 декабря 1860 г.,0.8 pp,mentions,reader,"Обѣ только случайно, какъ и М. Н. Ермолова, оказались на драматической сценѣ (ихъ готовили, какъ большинство сверстницъ, въ балетъ)",Both she and Fedotova (like Ermolova) were trained at the theatre school for the ballet and only by chance ended up in drama,,no,The ballet-training remark covers Никулина and Г. Н. Ѳедотова jointly (and Ермолова by comparison); see Ѳедотова row.,
section,1910-11,1911 Vol VII/1910-11_Jubilees.pdf,9,128,jubilee,"Плещеевъ, А. А.","Pleshcheev, A. A.","ballet critic, theatre journalist, playwright; former actor (Maly, Alexandrinsky)",SP / criticism,октябрь т. г. [1911]; 35 лѣтъ литературной дѣятельности; род. 1858,18 lines,core,reader,особенно спеціализировавшись на балетѣ и критикѣ балетныхъ спектаклей ... книга: «Нашъ балетъ»,Specialised in ballet and ballet criticism; author of the book Our Ballet (2 editions),,no,"Classed core because his speciality was ballet criticism/history, though he was not theatre ballet personnel - downgrade to mentions if core is reserved for staff. Son of the poet А. Н. Плещеевъ.",
section,1910-11,1911 Vol VII/1910-11_Jubilees.pdf,9-10,128-129,jubilee,"Поссартъ, Эрнстъ","Possart, Ernst","actor, director of the Bavarian royal theatres",other (Munich) / drama,этомъ году [1911]; 50-ти лѣтній юбилей; род. 1841,0.6 pp,none,,,,,no,,
section,1910-11,1911 Vol VII/1910-11_Jubilees.pdf,10-11,129-130,jubilee,"Рыбаковъ, К. Н.","Rybakov, K. N.",drama actor (Maly),Moscow / drama,40-лѣтіе сценической дѣятельности (принятъ 1871 г.),0.4 pp,none,,,,,no,"Son of Н. Х. Рыбаковъ; footnote cross-ref: Ежегодникъ 1911 г., вып. IV.",
section,1910-11,1911 Vol VII/1910-11_Jubilees.pdf,11-12,130-131,jubilee,"Серебряковъ, К. Т.","Serebriakov, K. T.",opera bass (Mariinsky),SP / opera,6 декабря 1911 г.; 25-ти лѣтняя дѣятельность; debut 8 апрѣля 1887; род. 5 іюня 1852,0.9 pp,none,,,,,no,Farewell performance as Сусанинъ.,
section,1910-11,1911 Vol VII/1910-11_Jubilees.pdf,12,131,jubilee,"Ѳедотова, Г. Н.","Fedotova, G. N.",drama actress (Maly),Moscow / drama,8 января 1912 г. (чествованіе); род. 10 мая 1846,0.7 pp,none,,,,,no,Own entry has no ballet content (attended казенная театральная школа); but the Никулина entry (p.127) states both were trained for the ballet - cross-ref. Date Jan 1912 falls outside 1910-11 as printed.,
section,1910-11,1911 Vol VII/1910-11_Jubilees.pdf,13,132,jubilee,"Чириковъ, Е. Н.","Chirikov, E. N.","novelist, playwright",SP+Moscow / literature,6 января 1911 г.; 25-ти лѣтіе,13 lines,none,,,,,no,"Right margin of text slightly cut off in the scan (words at line ends); content still clear. Last entry of Jubilees section (p.132, half blank).",
section,1910-11,1911 Vol VII/1910-11_Obituaries.pdf,1,[no folio; section title page],section_heading_only,НЕКРОЛОГИ (1910—1911),Nekrologi (1910-1911),,,,title page,none,,,,,no,"Section title page; no folio (folios jump 132 -> 135 between the two sections, i.e. title leaf = 133-134).",
section,1910-11,1911 Vol VII/1910-11_Obituaries.pdf,2,135,obituary,"Блюменталь-Тамаринъ, А. Э.","Bliumental'-Tamarin, A. E.","operetta actor, director, entrepreneur, composer of gypsy romances",Moscow / operetta (formerly SP drama),† 1 декабря 1911 г.,14 lines,none,,,,,no,Trained at SPb Theatre School; Alexandrinsky 1871-1880. No ballet mention.,
section,1910-11,1911 Vol VII/1910-11_Obituaries.pdf,2,135,obituary,"Борхардтъ, М. Ф.","Borkhardt, M. F.","ballet artist, character dancer",SP? / ballet (казенная балетная труппа),† 22 февраля 1911 г.,5 lines,core,reader,бывшая артистка казенной балетной трупы ... характерная танцовщица,"Former artist of the Imperial ballet troupe, a character dancer",,no,'трупы' (single п) as printed - apparent print typo. City not stated.,
section,1910-11,1911 Vol VII/1910-11_Obituaries.pdf,3,136,memorial_feature,"Бѣлинскій, В. Г.","Belinskii, V. G.",literary/theatre critic,—,"100 лѣтъ со дня рожденія, 30 мая 1911 г. (род. 1811, † 26 мая 1848)",17 lines,none,,,,,no,,
section,1910-11,1911 Vol VII/1910-11_Obituaries.pdf,3-4,136-137,obituary,"Вержбиловичъ, А. В.","Verzhbilovich, A. V.","cellist, Солистъ Его Величества; professor of the Conservatory",SP / orchestra (Italian opera orchestra from 1876),† 2 марта 1911 г.; род. 27 декабря 1849,0.5 pp,none,,,,,no,No ballet mention in the text (he is known elsewhere for ballet cello solos - not stated here).,
section,1910-11,1911 Vol VII/1910-11_Obituaries.pdf,4,137,obituary,"Гаазе, Фридрихъ","Haase, Friedrich","actor (German troupe SPb 1860-66), theatre director",other (Germany) / drama,въ началѣ этого года [1911],15 lines,none,,,,,no,,
section,1910-11,1911 Vol VII/1910-11_Obituaries.pdf,4-5,137-138,obituary,"Гартманнъ, Эрнстъ","Hartmann, Ernst","actor, Vienna Burgtheater",other (Vienna) / drama,"сентябрь 1911 г., на 67 году",12 lines,none,,,,,no,,
section,1910-11,1911 Vol VII/1910-11_Obituaries.pdf,5,138,obituary,"Главачъ, В. И.","Glavach, V. I.","organist, composer, conductor; Солистъ Его Величества",SP / orchestra (Court orchestra; organist at Mariinsky Italian opera),† 9 марта 1911 г.; род. 1849,18 lines,none,,,,,no,,
section,1910-11,1911 Vol VII/1910-11_Obituaries.pdf,5-6,138-139,memorial_feature,«Ревизоръ» Н. В. Гоголя — 75-ти лѣтіе со дня первой постановки,"Revizor, 75th anniversary of premiere",—,SP / drama (Alexandrinsky),19 апрѣля 1911 г.,14 lines,none,,,,,no,,
section,1910-11,1911 Vol VII/1910-11_Obituaries.pdf,6,139,obituary,"Давыдовъ, А. Д.","Davydov, A. D.","drama/operetta actor, singer of gypsy romances","Moscow / drama (Maly), operetta",† 20 января 1911 г.; род. 4 января 1849,14 lines,none,,,,,no,,
section,1910-11,1911 Vol VII/1910-11_Obituaries.pdf,7,140,memorial_feature,"Добролюбовъ, Н. А.","Dobroliubov, N. A.",critic,—,"50 лѣтъ со смерти, † 17 ноября 1861 г.",15 lines,none,,,,,no,,
section,1910-11,1911 Vol VII/1910-11_Obituaries.pdf,7-8,140-141,obituary,"Жюдикъ, Анна","Judic, Anna","operetta and chansonnette singer, actress",other (Paris) / operetta,† 1 апрѣля 1911 г.; род. 1846,0.6 pp,none,,,,,no,Guest at Mikhailovsky 1870 and 1899.,
section,1910-11,1911 Vol VII/1910-11_Obituaries.pdf,8,141,obituary,"Каваками, Окохиро","Kawakami, Okohiro (Otojirō)",Japanese actor (tragedian),other (Japan) / drama,недавно [1911],10 lines,none,,,,,no,Name as printed «Окохиро» (for Otojirō). Mentions Сада-Якко only as 'японская Дузе'.,
section,1910-11,1911 Vol VII/1910-11_Obituaries.pdf,9,142,obituary,"Ладновскій, Болеславъ","Ladnovskii, Boleslav",Polish tragic actor,other (Warsaw) / drama,"октябрь 1911 г., 68 лѣтъ",7 lines,none,,,,,no,,
section,1910-11,1911 Vol VII/1910-11_Obituaries.pdf,9,142,memorial_feature,"Ломоносовъ, М. В.","Lomonosov, M. V.","scholar, poet, playwright",—,"200-лѣтіе со дня рожденія, 8 ноября 1911 (чествованіе); † 4 апрѣля 1765",15 lines,none,,,,,no,,
section,1910-11,1911 Vol VII/1910-11_Obituaries.pdf,9,142,obituary,"Лукьяновъ, С. И.","Luk'ianov, S. I.","ballet artist (comic/character), retired",SP / ballet,† 23 февраля [1911]; on stage from 1877,5 lines,core,reader,"отставной артистъ казеннаго балета ... комическое дарованіе, соединявшееся съ искусствомъ танцевъ",Retired artist of the Imperial ballet with a comic gift combined with the art of dance,,no,Graduated from the theatre school.,1900-01 jubilee p. 173 (review)
section,1910-11,1911 Vol VII/1910-11_Obituaries.pdf,10,143,obituary,"Малеръ, Густавъ","Mahler, Gustav","conductor, composer",other (Vienna) / opera,апрѣль 1911 г.; род. 1860,0.7 pp,none,,,,,no,,
section,1910-11,1911 Vol VII/1910-11_Obituaries.pdf,10-11,143-144,memorial_feature,"Максимовъ, А. М.","Maksimov, A. M.",drama actor (Alexandrinsky),SP / drama,50 лѣтъ со дня кончины (1861 г.),10 lines,none,,,,,no,'попалъ въ Театральное Училище' - no ballet mention.,
section,1910-11,1911 Vol VII/1910-11_Obituaries.pdf,11-12,144-145,memorial_feature,"Милославскій (Фридебургъ), Н. К.","Miloslavskii (Frideburg), N. K.",provincial drama actor,other (provinces) / drama,"сто лѣтъ со дня рожденія, 8 мая 1911 г. (род. 1811)",0.6 pp,none,,,,,no,,
section,1910-11,1911 Vol VII/1910-11_Obituaries.pdf,12,145,obituary,"Мазуровская, М. В.","Mazurovskaia, M. V.",drama actress,SP+Moscow+Warsaw / drama,май 1911 г.; род. 1858,12 lines,none,,,,,no,По мужу Волкова; taught at Суворинъ theatre school.,
section,1910-11,1911 Vol VII/1910-11_Obituaries.pdf,12-13,145-146,obituary,"Макаровъ-Юневъ, А. Ф.","Makarov-Iunev, A. F.",actor and singer (operetta; Alexandrinsky),"SP / drama, operetta",† 29 января 1911 г.,12 lines,none,,,,,no,Former jeweller; attended Imperial Theatre School as an adult.,
section,1910-11,1911 Vol VII/1910-11_Obituaries.pdf,13,146,obituary,"Моттль, Феликсъ","Mottl, Felix",conductor (Wagner),other (Karlsruhe/Munich),іюнь 1911 г.,12 lines,none,,,,,no,,
section,1910-11,1911 Vol VII/1910-11_Obituaries.pdf,13-14,146-147,obituary,"Мясницкій (Барышевъ), И. И.","Miasnitskii (Baryshev), I. I.",farce playwright,— / literature,іюнь 1911 г.,0.5 pp,none,,,,,no,,
section,1910-11,1911 Vol VII/1910-11_Obituaries.pdf,14,147,memorial_feature,"Островскій, А. Н. — 25-ти-лѣтіе со дня кончины","Ostrovskii, A. N., 25th anniversary of death",playwright,Moscow / drama (Maly),2 іюня 1911 г.,15 lines,none,,,,,no,,
section,1910-11,1911 Vol VII/1910-11_Obituaries.pdf,14-15,147-148,obituary,"Понизовскій, Л. Ѳ.","Ponizovskii, L. F.","prompter (суфлеръ), Maly",Moscow / drama,"† 5 іюня 1911 г., на 67 году",10 lines,none,,,,,no,,
section,1910-11,1911 Vol VII/1910-11_Obituaries.pdf,15,148,obituary,"Сахаръ, Я. Ѳ.","Sakhar, Ia. F.","notary, patron, translator, portrait collector",SP / —,февраль 1911 г.,9 lines,none,,,,,no,Author of theatre memoirs published in the Ежегодникъ Имп. Театр.,
section,1910-11,1911 Vol VII/1910-11_Obituaries.pdf,15,148,obituary,"Свендсенъ, Іоганнъ","Svendsen, Johan","composer, conductor",other (Norway),начало іюня 1911 г.,11 lines,none,,,,,no,"Works named: «Норвежскія рапсодіи», legend «Зорахайда» - no ballet.",
section,1910-11,1911 Vol VII/1910-11_Obituaries.pdf,15-16,148-149,memorial_feature,"Соленикъ, К. Т.","Solenik, K. T.",provincial drama actor (Ukraine),other (South) / drama,"сто лѣтъ со дня рожденія, май 1911; † 7 октября 1851 г.",0.5 pp,none,,,,,no,,
section,1910-11,1911 Vol VII/1910-11_Obituaries.pdf,16,149,obituary,"Стрижевскій, А. И.","Strizhevskii, A. I.",opera bass (Bolshoi),Moscow / opera,† 12 ноября 1911 г.; 23 years' service,7 lines,none,,,,,no,,
section,1910-11,1911 Vol VII/1910-11_Obituaries.pdf,16,149,obituary,"Шарпантье, А. Л.","Sharpant'e, A. L. (Charpentier)","opera tenor (Moscow and SPb Bolshoi), later operetta",Moscow+SP / opera,"† 15 сентября 1911 г., 65 лѣтъ",7 lines,none,,,,,no,,
section,1910-11,1911 Vol VII/1910-11_Obituaries.pdf,17,150,obituary,"Шашкинъ, В. А.","Shashkin, V. A.","ballet artist, mime (retired)",? / ballet (казенная балетная труппа),† 1 января 1911 г.; on stage from 1862,6 lines,core,reader,отставной артистъ казенной балетной труппы ... выдающимся мимистомъ,"Retired artist of the Imperial ballet troupe, considered an outstanding mime",,no,"Best roles: Санхо-Пансо («Донъ-Кихотъ»), Квазимодо («Эсмеральда»), Иванушка-дурачекъ («Конекъ-Горбунокъ»). City not stated.",
section,1910-11,1911 Vol VII/1910-11_Obituaries.pdf,17-18,150-151,memorial_feature,"Шевченко, Т. Г.","Shevchenko, T. G.","Ukrainian poet, playwright",—,"50 лѣтъ со дня кончины, 26 февраля 1911 (род. 25 февраля 1814)",0.9 pp,none,,,,,no,,
section,1910-11,1911 Vol VII/1910-11_Obituaries.pdf,18-19,151-152,obituary,"Щегловъ (Леонтьевъ), И. Л.","Shcheglov (Leont'ev), I. L.","novelist, playwright",SP / literature,† 3 іюня 1911 г.; род. 1856,0.6 pp,none,,,,,no,"Section and issue end p.152 with 'Редакторъ Баронъ Н. В. Дризенъ' - complete, not cut.",
roster,1910-11,musicians_1910-11_SP_p002,,,death_mark,"Михаловскій 2-й, Сигизмундъ Викентьевичъ",,Вторая скрипка,orchestras,† 11 мая 1911 г,death mark in roster,core,roster: ballet or opera-and-ballet orchestra (RG ruling 2026-10-10),Оркестръ оперы и балета / Музыканты:,,,no,Name and date as stored in the database (raw.person_entry); not re-read for this catalogue.,
roster,1910-11,musicians_1910-11_SP_p002,,,death_mark,"Передерій, Иванъ Васельевичъ",,Первая скрипка,orchestras,† 29 августа 1911 г,death mark in roster,core,roster: ballet or opera-and-ballet orchestra (RG ruling 2026-10-10),Оркестръ оперы и балета / Музыканты:,,,no,Name and date as stored in the database (raw.person_entry); not re-read for this catalogue.,
roster,1910-11,musicians_1910-11_SP_p003,,,death_mark,"Широковъ, Гаврилъ Ѳедоровичъ",,Вальдгорнъ,orchestras,† 25 іюня 1911 г,death mark in roster,core,roster: ballet or opera-and-ballet orchestra (RG ruling 2026-10-10),Оркестръ оперы и балета / Музыканты:,,,no,Name and date as stored in the database (raw.person_entry); not re-read for this catalogue.,
review,1910-11,review_1910-11_SP_ballet_p004,block 5,137,jubilee,П. А. Гердтъ,P. A. Gerdt (Pavel),"dancer / mime, St Petersburg",SP,12 Dec 1910,notice in season review,core,reader,"12-го декабря произошло крупное событіе: въ этотъ день справлялъ бенефисъ за 50-лѣтнюю службу неувядаемый П. А. Гердтъ. Онъ родился въ 1844-мъ году, поступилъ на службу въ 1861-мъ.","On 12 December a major event: the indefatigable P. A. Gerdt celebrated his benefit for 50 years of service; born 1844, entered service 1861.",,no,"continues p005 #2: Bluebeard newly staged by Legat, Gerdt as Bluebeard, Kshesinskaia as Isora",1900-01 jubilee p. 161 (review); 1905-06 jubilee p. 135 (review)
review,1910-11,review_1910-11_SP_ballet_p005,block 6,138,jubilee,М. Ф. Кшесинская,M. F. Kshesinskaia (Mathilde),"ballerina (guest), St Petersburg",SP,13 Feb 1911,notice in season review,core,reader,13-го февраля было другое крупное торжество: праздновала свой 20-лѣтній юбилей М. Ф. Кшесинская.,On 13 February another great celebration: M. F. Kshesinskaia celebrated her 20-year jubilee.,,no,"programme in p006 #3 (Don Quixote act 1, Paquita act 3, Fiametta act 2)",1910-11 jubilee p. 126; 1899-00 jubilee p. 111 (review); 1903-04 farewell p. 115 (review); 1912-13 departure p. 142 (review)
review,1910-11,review_1910-11_SP_opera_p002,block 2,113,memorial_feature,Глинки,M. I. Glinka,composer,SP,1907 (50th anniversary of death),notice in season review,none,,пріуроченного къ праздновавшемуся въ 1907 г. 50-лѣтію со дня кончины Глинки.,A Life for the Tsar was given in the production last renewed for the 1907 commemoration of the 50th anniversary of Glinka's death.,,no,normalised name: М. И. Глинка; historical back-reference,1892-93 memorial_feature p. 199 (review)
review,1910-11,review_1910-11_SP_opera_p009,block 3,120,farewell,О. О. Палечека,O. O. Palechek (Josef Paleček),"opera singer / régisseur, honoured artist",SP,14 Feb 1910,notice in season review,none,,"впервые поставленная на Маріинской сценѣ 14 февраля 1910 г. въ прощальный бенефисъ заслуженного артиста Императорскихъ театровъ О. О. Палечека (артистъ этотъ, нынѣ покинувшій сцену, прослужилъ на ней 40 лѣтъ)","The Captain's Daughter was first staged on 14 February 1910 at the farewell benefit of honoured artist O. O. Palechek (who has now left the stage, having served 40 years).",,no,normalised name: О. О. Палечекъ,
review,1910-11,review_1910-11_SP_opera_p013,block 3,124,work_milestone,«Корделія» (25-лѣтіе),"Kordeliia, 25 years on the Mariinsky stage",opera,SP,19 Nov 1910,notice in season review,none,,Представленіе «Корделіи» 19 ноября ознаменовало собой 25-лѣтіе со времени первой постановки этой оперы на Маріинской сценѣ.,The performance marked 25 years since the opera's first production at the Mariinsky.,,no,anniversary of a work,
review,1910-11,review_1910-11_SP_opera_p014,block 4,125,memorial_feature,Верди,Verdi (Giuseppe),composer,SP,10th anniversary of death (d. 14 Jan 1901),notice in season review,none,,"Недавно истекшее 10-лѣтіе со дня смерти Верди († 14 января 1901) заставляетъ съ признательностью вспомнить о заслугахъ этого во всякомъ случаѣ замѣчательнаго композитора,",The recently passed 10th anniversary of Verdi's death (d. 14 January 1901) prompts grateful remembrance of this remarkable composer.,,no,"reviewer's commemorative aside, not a performance",
review,1912-13,review_1912-13_SP_ballet_p002,block 3,142,departure,г-жи Кшесинской,Kshesinskaia,"ballerina, St Petersburg",SP,season 1912-13,notice in season review,core,reader,"отказъ балерины г-жи Кшесинской отъ обычныхъ выступленій. Мы твердо надѣемся на то, что балерина покидаетъ Императорскую сцену лишь на короткій срокъ; ея уходъ былъ бы тягчайшей утратой для нашей балетной труппы.",Kshesinskaya declined her usual appearances; the reviewer hopes she is leaving the Imperial stage only for a short time.,,no,"normalised name: М. Ф. Кшесинская; a withdrawal, not a farewell",1910-11 jubilee p. 126; 1899-00 jubilee p. 111 (review); 1903-04 farewell p. 115 (review); 1910-11 jubilee p. 138 (review)
review,1912-13,review_1912-13_SP_ballet_p003,block 3,143,work_milestone,«Конекъ-Горбунокъ» (пятидесятилѣтіе),"Little Humpbacked Horse, 50 years",ballet,SP,16 Dec 1912,notice in season review,core,reader,Возобновленіе балета приблизительно совпало съ пятидесятилѣтіемъ 1-го представленія балета.,The revival roughly coincided with the 50th anniversary of the ballet's first performance.,,no,"anniversary of a work; given for the corps de ballet benefit, in Горскій's production",
