family_name,first_name,patronymic,graduation_season,school,tenure_start_date,troupe_city,source,note,entry_id,balletartists_link_status,balletartists_seasons_attested,balletartists_link_note
Голубева,Марія,Константиновна,1890-91,St. Petersburg,1891-06-01,St. Petersburg,report_hand_verified,"Own row states no date, but the closing assignment paragraph on the same printed page states: ""съ 1-го іюня 1891 г., въ Императорскую С.-Петербургскую балетную труппу."" Missed by the original extraction (same failure mode as the other report_hand_verified cohorts); read directly off the scanned page.",graduates_1890-91_p002__e001,linked,1891-92–1901-02,Matches this graduate's own Report-stated date (1891-06-01) against a BalletArtists person active 1891-92–1901-02 -- linked on that basis
Горская,Вѣра,Алексѣевна,1890-91,St. Petersburg,1891-06-01,St. Petersburg,report_hand_verified,"Own row states no date, but the closing assignment paragraph on the same printed page states: ""съ 1-го іюня 1891 г., въ Императорскую С.-Петербургскую балетную труппу."" Missed by the original extraction (same failure mode as the other report_hand_verified cohorts); read directly off the scanned page.",graduates_1890-91_p002__e002,linked,1891-92,Matches this graduate's own Report-stated date (1891-06-01) against a BalletArtists person active 1891-92 -- linked on that basis
Давыдова,Марія,Ѳедоровна,1890-91,St. Petersburg,1891-06-01,St. Petersburg,report_hand_verified,"Own row states no date, but the closing assignment paragraph on the same printed page states: ""съ 1-го іюня 1891 г., въ Императорскую С.-Петербургскую балетную труппу."" Missed by the original extraction (same failure mode as the other report_hand_verified cohorts); read directly off the scanned page.",graduates_1890-91_p002__e003,linked,1891-92–1896-97,Matches this graduate's own Report-stated date (1891-06-01) against a BalletArtists person active 1891-92–1896-97 -- linked on that basis
Киль,Ольга,Александровна,1890-91,St. Petersburg,1891-06-01,St. Petersburg,report_hand_verified,"Own row states no date, but the closing assignment paragraph on the same printed page states: ""съ 1-го іюня 1891 г., въ Императорскую С.-Петербургскую балетную труппу."" Missed by the original extraction (same failure mode as the other report_hand_verified cohorts); read directly off the scanned page.",graduates_1890-91_p002__e004,linked,1891-92–1907-08,Matches this graduate's own Report-stated date (1891-06-01) against a BalletArtists person active 1891-92–1907-08 -- linked on that basis
Лобанова,Лидія,Дмитріевна,1890-91,St. Petersburg,1891-06-01,St. Petersburg,report_hand_verified,"Own row states no date, but the closing assignment paragraph on the same printed page states: ""съ 1-го іюня 1891 г., въ Императорскую С.-Петербургскую балетную труппу."" Missed by the original extraction (same failure mode as the other report_hand_verified cohorts); read directly off the scanned page.",graduates_1890-91_p002__e005,linked,1891-92–1907-08,Matches this graduate's own Report-stated date (1891-06-01) against a BalletArtists person active 1891-92–1907-08 -- linked on that basis
Маслова,Марія,Николаевна,1890-91,St. Petersburg,1891-06-01,St. Petersburg,report_hand_verified,"Own row states no date, but the closing assignment paragraph on the same printed page states: ""съ 1-го іюня 1891 г., въ Императорскую С.-Петербургскую балетную труппу."" Missed by the original extraction (same failure mode as the other report_hand_verified cohorts); read directly off the scanned page.",graduates_1890-91_p002__e006,linked,1891-92–1901-02,Matches this graduate's own Report-stated date (1891-06-01) against a BalletArtists person active 1891-92–1901-02 -- linked on that basis
Матвѣева,Наталья,Николаевна,1890-91,St. Petersburg,1891-06-01,St. Petersburg,report_hand_verified,"Own row states no date, but the closing assignment paragraph on the same printed page states: ""съ 1-го іюня 1891 г., въ Императорскую С.-Петербургскую балетную труппу."" Missed by the original extraction (same failure mode as the other report_hand_verified cohorts); read directly off the scanned page.",graduates_1890-91_p002__e007,linked,1894-95–1907-08,Matches this graduate's own Report-stated date (1891-06-01) against a BalletArtists person active 1894-95–1907-08 -- linked on that basis
Уракова,Анна,Петровна,1890-91,St. Petersburg,1891-06-01,St. Petersburg,report_hand_verified,"Own row states no date, but the closing assignment paragraph on the same printed page states: ""съ 1-го іюня 1891 г., въ Императорскую С.-Петербургскую балетную труппу."" Missed by the original extraction (same failure mode as the other report_hand_verified cohorts); read directly off the scanned page.",graduates_1890-91_p002__e008,linked,1891-92–1907-08,Matches this graduate's own Report-stated date (1891-06-01) against a BalletArtists person active 1891-92–1907-08 -- linked on that basis
Эрлеръ,Анна,Александровна,1890-91,St. Petersburg,1891-06-01,St. Petersburg,report_hand_verified,"Own row states no date, but the closing assignment paragraph on the same printed page states: ""съ 1-го іюня 1891 г., въ Императорскую С.-Петербургскую балетную труппу."" Missed by the original extraction (same failure mode as the other report_hand_verified cohorts); read directly off the scanned page.",graduates_1890-91_p002__e009,linked,1891-92–1905-06,Matches this graduate's own Report-stated date (1891-06-01) against a BalletArtists person active 1891-92–1905-06 -- linked on that basis
Кякштъ,Георгій,Георгіевичъ,1890-91,St. Petersburg,1891-06-01,St. Petersburg,report_hand_verified,"Own row states no date, but the closing assignment paragraph on the same printed page states: ""съ 1-го іюня 1891 г., въ Императорскую С.-Петербургскую балетную труппу."" Missed by the original extraction (same failure mode as the other report_hand_verified cohorts); read directly off the scanned page.",graduates_1890-91_p002__e010,linked,1891-92–1907-08,Matches this graduate's own Report-stated date (1891-06-01) against a BalletArtists person active 1891-92–1907-08 -- linked on that basis
Легатъ,Иванъ,Густавовичъ,1890-91,St. Petersburg,1891-10-01,St. Petersburg,report_hand_verified,"Own row states no date, but the closing assignment paragraph on the same printed page states: ""съ 1-го октября 1891 г., въ Императорскую С.-Петербургскую балетную труппу (individually-stated exception date within the cohort)."" Missed by the original extraction (same failure mode as the other report_hand_verified cohorts); read directly off the scanned page.",graduates_1890-91_p002__e011,linked,"1891–1897 (documented via a single retrospective entry, season 1899-00)","Matches this graduate's own Report-stated date (1891-10-01) against a BalletArtists person active 1891–1897 (documented via a single retrospective entry, season 1899-00) -- linked on that basis (this person's own record documents more than one service period -- 1891-10-01, 1897-09-01 -- e.g. a departure and later re-enrollment, not a different person.)"
Новиковъ,Илья,Степановичъ,1890-91,St. Petersburg,1891-06-01,St. Petersburg,report_hand_verified,"Own row states no date, but the closing assignment paragraph on the same printed page states: ""съ 1-го іюня 1891 г., въ Императорскую С.-Петербургскую балетную труппу."" Missed by the original extraction (same failure mode as the other report_hand_verified cohorts); read directly off the scanned page.",graduates_1890-91_p002__e012,linked,1891-92–1907-08,Matches this graduate's own Report-stated date (1891-06-01) against a BalletArtists person active 1891-92–1907-08 -- linked on that basis
Смирновъ,Дмитрій,Дмитріевичъ,1890-91,St. Petersburg,1891-06-01,St. Petersburg,report_hand_verified,"Own row states no date, but the closing assignment paragraph on the same printed page states: ""съ 1-го іюня 1891 г., въ Императорскую С.-Петербургскую балетную труппу."" Missed by the original extraction (same failure mode as the other report_hand_verified cohorts); read directly off the scanned page.",graduates_1890-91_p002__e013,linked,1891-92–1907-08,Matches this graduate's own Report-stated date (1891-06-01) against a BalletArtists person active 1891-92–1907-08 -- linked on that basis
Солянниковъ,Николай,Александровичъ,1890-91,St. Petersburg,1891-06-01,St. Petersburg,report_hand_verified,"Own row states no date, but the closing assignment paragraph on the same printed page states: ""съ 1-го іюня 1891 г., въ Императорскую С.-Петербургскую балетную труппу."" Missed by the original extraction (same failure mode as the other report_hand_verified cohorts); read directly off the scanned page.",graduates_1890-91_p002__e014,linked,1898-99–1904-05,"Matches this graduate's own Report-stated date (1891-06-01) against a BalletArtists person active 1898-99–1904-05 -- linked on that basis, even though 1 other distinct same-named BalletArtists appearance-cluster(s) also exist (dates too far from this graduate's own record to be considered candidates)."
Сосновскій,Сергѣй,Сергѣевичъ,1890-91,St. Petersburg,1891-06-01,St. Petersburg,report_hand_verified,"Own row states no date, but the closing assignment paragraph on the same printed page states: ""съ 1-го іюня 1891 г., въ Императорскую С.-Петербургскую балетную труппу."" Missed by the original extraction (same failure mode as the other report_hand_verified cohorts); read directly off the scanned page.",graduates_1890-91_p002__e015,linked,1891-92–1903-04,Matches this graduate's own Report-stated date (1891-06-01) against a BalletArtists person active 1891-92–1903-04 -- linked on that basis
Берсеньева,Любовь,Ивановна,1890-91,Moscow,1891-09-01,Moscow,report_hand_verified,"Own row states no date, but the closing assignment paragraph on the same printed page states: ""съ 1-го сентября 1891 г., въ Императорскую Московскую балетную труппу (confirmed consistent with the men's continuation of this same cohort on graduates_1890-91_p003, which the extraction did parse correctly)."" Missed by the original extraction (same failure mode as the other report_hand_verified cohorts); read directly off the scanned page.",graduates_1890-91_p002__e016,linked,1891-92–1899-00,Matches this graduate's own Report-stated date (1891-09-01) against a BalletArtists person active 1891-92–1899-00 -- linked on that basis
Иванова,Александра,Ивановна,1890-91,Moscow,1891-09-01,Moscow,report_hand_verified,"Own row states no date, but the closing assignment paragraph on the same printed page states: ""съ 1-го сентября 1891 г., въ Императорскую Московскую балетную труппу (confirmed consistent with the men's continuation of this same cohort on graduates_1890-91_p003, which the extraction did parse correctly)."" Missed by the original extraction (same failure mode as the other report_hand_verified cohorts); read directly off the scanned page.",graduates_1890-91_p002__e017,linked,1896-97–1899-00,Matches this graduate's own Report-stated date (1891-09-01) against a BalletArtists person active 1896-97–1899-00 -- linked on that basis
Кочетовская,Екатерина,Владиміровна,1890-91,Moscow,1891-09-01,Moscow,report_hand_verified,"Own row states no date, but the closing assignment paragraph on the same printed page states: ""съ 1-го сентября 1891 г., въ Императорскую Московскую балетную труппу (confirmed consistent with the men's continuation of this same cohort on graduates_1890-91_p003, which the extraction did parse correctly)."" Missed by the original extraction (same failure mode as the other report_hand_verified cohorts); read directly off the scanned page.",graduates_1890-91_p002__e018,linked,1892-93–1906-07,Matches this graduate's own Report-stated date (1891-09-01) against a BalletArtists person active 1892-93–1906-07 -- linked on that basis
Струкова,Марія,Александровна,1890-91,Moscow,1891-09-01,Moscow,report_hand_verified,"Own row states no date, but the closing assignment paragraph on the same printed page states: ""съ 1-го сентября 1891 г., въ Императорскую Московскую балетную труппу (confirmed consistent with the men's continuation of this same cohort on graduates_1890-91_p003, which the extraction did parse correctly)."" Missed by the original extraction (same failure mode as the other report_hand_verified cohorts); read directly off the scanned page.",graduates_1890-91_p002__e019,linked,1891-92–1898-99,Matches this graduate's own Report-stated date (1891-09-01) against a BalletArtists person active 1891-92–1898-99 -- linked on that basis
Фатова,Любовь,Андреевна,1890-91,Moscow,1891-09-01,Moscow,report_hand_verified,"Own row states no date, but the closing assignment paragraph on the same printed page states: ""съ 1-го сентября 1891 г., въ Императорскую Московскую балетную труппу (confirmed consistent with the men's continuation of this same cohort on graduates_1890-91_p003, which the extraction did parse correctly)."" Missed by the original extraction (same failure mode as the other report_hand_verified cohorts); read directly off the scanned page.",graduates_1890-91_p002__e020,linked,1891-92–1907-08,Matches this graduate's own Report-stated date (1891-09-01) against a BalletArtists person active 1891-92–1907-08 -- linked on that basis
Френева,Ольга,Николаевна,1890-91,Moscow,1891-09-01,Moscow,report_hand_verified,"Own row states no date, but the closing assignment paragraph on the same printed page states: ""съ 1-го сентября 1891 г., въ Императорскую Московскую балетную труппу (confirmed consistent with the men's continuation of this same cohort on graduates_1890-91_p003, which the extraction did parse correctly)."" Missed by the original extraction (same failure mode as the other report_hand_verified cohorts); read directly off the scanned page.",graduates_1890-91_p002__e021,linked,1891-92–1894-95,Matches this graduate's own Report-stated date (1891-09-01) against a BalletArtists person active 1891-92–1894-95 -- linked on that basis
Брыкинъ,Дмитрій,Константиновичъ,1890-91,Moscow,1891-09-01,,report_per_row,,graduates_1890-91_p003__e001,linked,1893-94–1907-08,"Matches this graduate's own Report-stated date (1891-09-01) against a BalletArtists person active 1893-94–1907-08 -- linked on that basis (this person's own record documents more than one service period -- 1891-09-01, 1896-09-01 -- e.g. a departure and later re-enrollment, not a different person.)"
Бѣлоусовъ,Филиппъ,Ивановичъ,1890-91,Moscow,1891-09-01,,report_per_row,,graduates_1890-91_p003__e002,linked,1893-94–1907-08,"Matches this graduate's own Report-stated date (1891-09-01) against a BalletArtists person active 1893-94–1907-08 -- linked on that basis (this person's own record documents more than one service period -- 1891-09-01, 1897-09-16 -- e.g. a departure and later re-enrollment, not a different person.)"
Воронцовъ,Владиміръ,Васильевичъ,1890-91,Moscow,1891-09-01,,report_per_row,,graduates_1890-91_p003__e003,linked,1891-92–1906-07,"Matches this graduate's own Report-stated date (1891-09-01) against a BalletArtists person active 1891-92–1906-07 -- linked on that basis (this person's own record documents more than one service period -- 1891-09-01, 1901-09-01 -- e.g. a departure and later re-enrollment, not a different person.)"
Ефимовъ,Иванъ,Михайловичъ,1890-91,Moscow,1891-09-01,,report_per_row,,graduates_1890-91_p003__e004,linked,1891-92–1906-07,Matches this graduate's own Report-stated date (1891-09-01) against a BalletArtists person active 1891-92–1906-07 -- linked on that basis
Сидоровъ,Иванъ,Емельяновичъ,1890-91,Moscow,1891-09-01,,report_per_row,,graduates_1890-91_p003__e005,linked,1891-92–1907-08,Matches this graduate's own Report-stated date (1891-09-01) against a BalletArtists person active 1891-92–1907-08 -- linked on that basis
Смирновъ,Александръ,Митрофановичъ,1890-91,Moscow,1891-09-01,,report_per_row,,graduates_1890-91_p003__e006,linked,1893-94–1904-05,Matches this graduate's own Report-stated date (1891-09-01) against a BalletArtists person active 1893-94–1904-05 -- linked on that basis
Александрова,Антонина,,1891-92,St. Petersburg,1892-06-01,St. Petersburg,report_hand_verified,"Own row states no date, but the closing assignment paragraph on the same printed page states: ""съ 1-го іюня 1892 г. въ С.-Петербургскую балетную трупу."" Missed by the original extraction (same failure mode as the other report_hand_verified cohorts); read directly off the scanned page.",graduates_1891-92_p000__e001,linked,1900-01–1906-07,Matches this graduate's own Report-stated date (1892-06-01) against a BalletArtists person active 1900-01–1906-07 -- linked on that basis
Васильева,Анна,,1891-92,St. Petersburg,1892-06-01,St. Petersburg,report_hand_verified,"Own row states no date, but the closing assignment paragraph on the same printed page states: ""съ 1-го іюня 1892 г. въ С.-Петербургскую балетную трупу."" Missed by the original extraction (same failure mode as the other report_hand_verified cohorts); read directly off the scanned page.",graduates_1891-92_p000__e002,linked,1892-93,"Matches this graduate's own Report-stated date (1892-06-01) against a BalletArtists person active 1892-93 -- linked on that basis, even though 1 other distinct same-named BalletArtists appearance-cluster(s) also exist (dates too far from this graduate's own record to be considered candidates)."
Ермолаева,Марія,,1891-92,St. Petersburg,1892-06-01,St. Petersburg,report_hand_verified,"Own row states no date, but the closing assignment paragraph on the same printed page states: ""съ 1-го іюня 1892 г. въ С.-Петербургскую балетную трупу."" Missed by the original extraction (same failure mode as the other report_hand_verified cohorts); read directly off the scanned page.",graduates_1891-92_p000__e003,linked,1892-93–1896-97,Matches this graduate's own Report-stated date (1892-06-01) against a BalletArtists person active 1892-93–1896-97 -- linked on that basis
Иванова,Вѣра,,1891-92,St. Petersburg,1892-06-01,St. Petersburg,report_hand_verified,"Own row states no date, but the closing assignment paragraph on the same printed page states: ""съ 1-го іюня 1892 г. въ С.-Петербургскую балетную трупу."" Missed by the original extraction (same failure mode as the other report_hand_verified cohorts); read directly off the scanned page.",graduates_1891-92_p000__e004,linked,1892-93–1896-97,Matches this graduate's own Report-stated date (1892-06-01) against a BalletArtists person active 1892-93–1896-97 -- linked on that basis
Ильина,Елена,,1891-92,St. Petersburg,1892-06-01,St. Petersburg,report_hand_verified,"Own row states no date, but the closing assignment paragraph on the same printed page states: ""съ 1-го іюня 1892 г. въ С.-Петербургскую балетную трупу."" Missed by the original extraction (same failure mode as the other report_hand_verified cohorts); read directly off the scanned page.",graduates_1891-92_p000__e005,linked,1898-99–1906-07,"Matches this graduate's own Report-stated date (1892-06-01) against a BalletArtists person active 1898-99–1906-07 -- linked on that basis, even though 1 other distinct same-named BalletArtists appearance-cluster(s) also exist (dates too far from this graduate's own record to be considered candidates)."
Лаврентьева,Ольга,,1891-92,St. Petersburg,1892-06-01,St. Petersburg,report_hand_verified,"Own row states no date, but the closing assignment paragraph on the same printed page states: ""съ 1-го іюня 1892 г. въ С.-Петербургскую балетную трупу."" Missed by the original extraction (same failure mode as the other report_hand_verified cohorts); read directly off the scanned page.",graduates_1891-92_p000__e006,linked,1892-93–1894-95,Matches this graduate's own Report-stated date (1892-06-01) against a BalletArtists person active 1892-93–1894-95 -- linked on that basis
Ниманъ,Марія,,1891-92,St. Petersburg,1892-06-01,St. Petersburg,report_hand_verified,"Own row states no date, but the closing assignment paragraph on the same printed page states: ""съ 1-го іюня 1892 г. въ С.-Петербургскую балетную трупу."" Missed by the original extraction (same failure mode as the other report_hand_verified cohorts); read directly off the scanned page.",graduates_1891-92_p000__e007,linked,1892-93–1907-08,Matches this graduate's own Report-stated date (1892-06-01) against a BalletArtists person active 1892-93–1907-08 -- linked on that basis
Обухова,Евгенія,,1891-92,St. Petersburg,1892-06-01,St. Petersburg,report_hand_verified,"Own row states no date, but the closing assignment paragraph on the same printed page states: ""съ 1-го іюня 1892 г. въ С.-Петербургскую балетную трупу."" Missed by the original extraction (same failure mode as the other report_hand_verified cohorts); read directly off the scanned page.",graduates_1891-92_p000__e008,linked,1892-93–1907-08,Matches this graduate's own Report-stated date (1892-06-01) against a BalletArtists person active 1892-93–1907-08 -- linked on that basis
Парфентьева,Прасковья,,1891-92,St. Petersburg,1892-06-01,St. Petersburg,report_hand_verified,"Own row states no date, but the closing assignment paragraph on the same printed page states: ""съ 1-го іюня 1892 г. въ С.-Петербургскую балетную трупу."" Missed by the original extraction (same failure mode as the other report_hand_verified cohorts); read directly off the scanned page.",graduates_1891-92_p000__e009,linked,1892-93–1895-96,Matches this graduate's own Report-stated date (1892-06-01) against a BalletArtists person active 1892-93–1895-96 -- linked on that basis
Рыхлякова,Наталья,,1891-92,St. Petersburg,1892-06-01,St. Petersburg,report_hand_verified,"Own row states no date, but the closing assignment paragraph on the same printed page states: ""съ 1-го іюня 1892 г. въ С.-Петербургскую балетную трупу."" Missed by the original extraction (same failure mode as the other report_hand_verified cohorts); read directly off the scanned page.",graduates_1891-92_p000__e010,linked,1893-94–1903-04,Matches this graduate's own Report-stated date (1892-06-01) against a BalletArtists person active 1893-94–1903-04 -- linked on that basis
Цалиссонъ,Полина,,1891-92,St. Petersburg,1892-06-01,St. Petersburg,report_hand_verified,"Own row states no date, but the closing assignment paragraph on the same printed page states: ""съ 1-го іюня 1892 г. въ С.-Петербургскую балетную трупу."" Missed by the original extraction (same failure mode as the other report_hand_verified cohorts); read directly off the scanned page.",graduates_1891-92_p000__e011,linked,1892-93–1897-98,Matches this graduate's own Report-stated date (1892-06-01) against a BalletArtists person active 1892-93–1897-98 -- linked on that basis
Бекъ,Константинъ,,1891-92,St. Petersburg,1892-06-01,Moscow,report_hand_verified,"Own row states no date, but the closing assignment paragraph on the same printed page states: ""съ 1-го іюня 1892 г., кромѣ ученика Бека, который зачисленъ въ Московскую балетную труппу (individually-stated city exception; same date)."" Missed by the original extraction (same failure mode as the other report_hand_verified cohorts); read directly off the scanned page. Cross-checked against BalletArtists: disagrees. BalletArtists shows Konstantin Bek starting 1892-09-01 in the Moscow troupe -- identically, on all 15 seasons he appears in that roster (1892-93 through 1907-08) -- versus the Report's 1892-06-01. Kept the Report's own date per the tenure_start_date rule; this looks like the same genuine official-appointment-vs-actual-start-date pattern documented for the 1896-97/1897-98 cohorts, not a transcription error.",graduates_1891-92_p000__e012,linked,1892-93–1907-08,Matches this graduate's own Report-stated date (1892-06-01) against a BalletArtists person active 1892-93–1907-08 -- linked on that basis
Никитинъ,Михаилъ,,1891-92,St. Petersburg,1892-06-01,St. Petersburg,report_hand_verified,"Own row states no date, but the closing assignment paragraph on the same printed page states: ""съ 1-го іюня 1892 г. въ С.-Петербургскую балетную трупу."" Missed by the original extraction (same failure mode as the other report_hand_verified cohorts); read directly off the scanned page.",graduates_1891-92_p000__e013,linked,1892-93–1907-08,Matches this graduate's own Report-stated date (1892-06-01) against a BalletArtists person active 1892-93–1907-08 -- linked on that basis
Облаковъ,Андрей,,1891-92,St. Petersburg,1892-06-01,St. Petersburg,report_hand_verified,"Own row states no date, but the closing assignment paragraph on the same printed page states: ""съ 1-го іюня 1892 г. въ С.-Петербургскую балетную трупу."" Missed by the original extraction (same failure mode as the other report_hand_verified cohorts); read directly off the scanned page.",graduates_1891-92_p000__e014,linked,1899-00–1907-08,Matches this graduate's own Report-stated date (1892-06-01) against a BalletArtists person active 1899-00–1907-08 -- linked on that basis
Пащенко,Евгеній,,1891-92,St. Petersburg,1892-06-01,St. Petersburg,report_hand_verified,"Own row states no date, but the closing assignment paragraph on the same printed page states: ""съ 1-го іюня 1892 г. въ С.-Петербургскую балетную трупу."" Missed by the original extraction (same failure mode as the other report_hand_verified cohorts); read directly off the scanned page.",graduates_1891-92_p000__e015,linked,1899-00–1907-08,Matches this graduate's own Report-stated date (1892-06-01) against a BalletArtists person active 1899-00–1907-08 -- linked on that basis
Тихомировъ,Владиміръ,,1891-92,St. Petersburg,1892-06-01,St. Petersburg,report_hand_verified,"Own row states no date, but the closing assignment paragraph on the same printed page states: ""съ 1-го іюня 1892 г. въ С.-Петербургскую балетную трупу."" Missed by the original extraction (same failure mode as the other report_hand_verified cohorts); read directly off the scanned page. Cross-checked against BalletArtists: disagrees, and likely a different person. BalletArtists shows a Vladimir Tikhomirov starting 1898-09-01 (consistent across his only 2 seasons on record, 1906-07 and 1907-08) -- a 6-year gap from this graduate's 1892 graduation, too large to plausibly be the same person entering service late. Kept the Report's own date; the BalletArtists match is not used as a correction.",graduates_1891-92_p000__e016,unlikely_match,,"BalletArtists has 1 same-named person(s) on record, but none with a service-start date near this graduate's own Report-stated date (1892-06-01) -- closest is 1898-09-01. Likely a different, same-named person; not linked."
Тихомировъ,Сергѣй,,1891-92,St. Petersburg,1892-06-01,St. Petersburg,report_hand_verified,"Own row states no date, but the closing assignment paragraph on the same printed page states: ""съ 1-го іюня 1892 г. въ С.-Петербургскую балетную трупу."" Missed by the original extraction (same failure mode as the other report_hand_verified cohorts); read directly off the scanned page.",graduates_1891-92_p000__e017,linked,1906-07–1907-08,Matches this graduate's own Report-stated date (1892-06-01) against a BalletArtists person active 1906-07–1907-08 -- linked on that basis
Яковлевъ,Владиміръ,,1891-92,St. Petersburg,1892-06-01,St. Petersburg,report_hand_verified,"Own row states no date, but the closing assignment paragraph on the same printed page states: ""съ 1-го іюня 1892 г. въ С.-Петербургскую балетную трупу."" Missed by the original extraction (same failure mode as the other report_hand_verified cohorts); read directly off the scanned page.",graduates_1891-92_p000__e018,no_record,,"No BalletArtists record found under this name -- may not have entered Imperial service, or entered under a form this dataset does not capture."
Воронова,Варвара,,1891-92,Moscow,1892-09-01,Moscow,report_per_row,,graduates_1891-92_p002__e001,linked,1892-93–1894-95,Matches this graduate's own Report-stated date (1892-09-01) against a BalletArtists person active 1892-93–1894-95 -- linked on that basis
Грачевская,Екатерина,,1891-92,Moscow,1892-09-01,Moscow,report_per_row,,graduates_1891-92_p002__e002,linked,1897-98–1907-08,Matches this graduate's own Report-stated date (1892-09-01) against a BalletArtists person active 1897-98–1907-08 -- linked on that basis
Дьякъ,Марія,,1891-92,Moscow,1892-09-01,Moscow,report_per_row,,graduates_1891-92_p002__e003,linked,1892-93–1907-08,Matches this graduate's own Report-stated date (1892-09-01) against a BalletArtists person active 1892-93–1907-08 -- linked on that basis
Копьева,Евдокія,,1891-92,Moscow,1892-09-01,Moscow,report_per_row,,graduates_1891-92_p002__e004,linked,1893-94–1907-08,Matches this graduate's own Report-stated date (1892-09-01) against a BalletArtists person active 1893-94–1907-08 -- linked on that basis
Милютина,Александра,,1891-92,Moscow,1892-09-01,Moscow,report_per_row,,graduates_1891-92_p002__e005,linked,1893-94–1907-08,Matches this graduate's own Report-stated date (1892-09-01) against a BalletArtists person active 1893-94–1907-08 -- linked on that basis
Новикова,Екатерина,,1891-92,Moscow,1892-09-01,Moscow,report_per_row,,graduates_1891-92_p002__e006,linked,1892-93–1902-03,"Matches this graduate's own Report-stated date (1892-09-01) exactly against a BalletArtists person (patronymic ""Александровна"") active 1892-93 through 1902-03 -- linked on that basis. A second, unrelated same-named BalletArtists person (patronymic ""Дмитріевна"", starting 1900-09-01) also exists, but her date is 8 years after this graduate's own Report date and belongs instead to a different Новикова, Екатерина who graduated in 1899-00."
Рославлева,Любовь,,1891-92,Moscow,1892-09-01,Moscow,report_per_row,,graduates_1891-92_p002__e007,linked,1892-93–1904-05,Matches this graduate's own Report-stated date (1892-09-01) against a BalletArtists person active 1892-93–1904-05 -- linked on that basis
Бакинъ,Сергѣй,,1891-92,Moscow,1892-09-01,Moscow,report_per_row,,graduates_1891-92_p002__e008,linked,1893-94–1905-06,Matches this graduate's own Report-stated date (1892-09-01) against a BalletArtists person active 1893-94–1905-06 -- linked on that basis
Ивановъ,Евгеній,,1891-92,Moscow,1892-09-01,Moscow,report_per_row,,graduates_1891-92_p002__e009,linked,1898-99–1906-07,Matches this graduate's own Report-stated date (1892-09-01) against a BalletArtists person active 1898-99–1906-07 -- linked on that basis
Кульгинъ,Георгій,,1891-92,Moscow,1892-09-01,Moscow,report_per_row,,graduates_1891-92_p002__e010,no_record,,"No BalletArtists record found under this name -- may not have entered Imperial service, or entered under a form this dataset does not capture."
Лѣсновскій,Александръ,,1891-92,Moscow,1892-09-01,Moscow,report_per_row,,graduates_1891-92_p002__e011,linked,1892-93–1907-08,Matches this graduate's own Report-stated date (1892-09-01) against a BalletArtists person active 1892-93–1907-08 -- linked on that basis
Перешивкинъ,Михаилъ,,1891-92,Moscow,1892-09-01,Moscow,report_per_row,,graduates_1891-92_p002__e012,linked,1892-93–1907-08,"Matches this graduate's own Report-stated date (1892-09-01) against a BalletArtists person active 1892-93–1907-08 -- linked on that basis (this person's own record documents more than one service period -- 1892-09-01, 1892-09-04, 1899-09-01 -- e.g. a departure and later re-enrollment, not a different person.)"
Терпиловскій,Александръ,,1891-92,Moscow,1892-09-01,Moscow,report_per_row,,graduates_1891-92_p002__e013,linked,1892-93–1905-06,Matches this graduate's own Report-stated date (1892-09-01) against a BalletArtists person active 1892-93–1905-06 -- linked on that basis
Чумаковъ,Александръ,,1891-92,Moscow,1892-09-01,Moscow,report_per_row,,graduates_1891-92_p002__e014,linked,1892-93–1907-08,Matches this graduate's own Report-stated date (1892-09-01) against a BalletArtists person active 1892-93–1907-08 -- linked on that basis
Шокоревъ,Дмитрій,,1891-92,Moscow,1892-09-01,Moscow,report_per_row,,graduates_1891-92_p002__e015,no_record,,"No BalletArtists record found under this name -- may not have entered Imperial service, or entered under a form this dataset does not capture."
Бастманъ,Марія,,1892-93,St. Petersburg,1893-06-01,St. Petersburg,report_hand_verified,"Own row states no date, but the closing assignment paragraph on the same printed page states: ""съ 1-го іюня 1893 года въ С.-Петербургскую балетную труппу (this exact sentence was captured, but only attached to Тихомирова's own row as the exception clause -- the other 13 rows on this page never got it)."" Missed by the original extraction (same failure mode as the other report_hand_verified cohorts); read directly off the scanned page.",graduates_1892-93_p001__e001,linked,1893-94–1907-08,"Matches this graduate's own Report-stated date (1893-06-01) against a BalletArtists person active 1893-94–1907-08 -- linked on that basis, even though 1 other distinct same-named BalletArtists appearance-cluster(s) also exist (dates too far from this graduate's own record to be considered candidates)."
Васильева,Анна,,1892-93,St. Petersburg,1893-06-01,St. Petersburg,report_hand_verified,"Own row states no date, but the closing assignment paragraph on the same printed page states: ""съ 1-го іюня 1893 года въ С.-Петербургскую балетную труппу (this exact sentence was captured, but only attached to Тихомирова's own row as the exception clause -- the other 13 rows on this page never got it)."" Missed by the original extraction (same failure mode as the other report_hand_verified cohorts); read directly off the scanned page.",graduates_1892-93_p001__e002,linked,1893-94–1907-08,"Matches this graduate's own Report-stated date (1893-06-01) against a BalletArtists person active 1893-94–1907-08 -- linked on that basis, even though 1 other distinct same-named BalletArtists appearance-cluster(s) also exist (dates too far from this graduate's own record to be considered candidates)."
Голубева,Антонина,,1892-93,St. Petersburg,1893-06-01,St. Petersburg,report_hand_verified,"Own row states no date, but the closing assignment paragraph on the same printed page states: ""съ 1-го іюня 1893 года въ С.-Петербургскую балетную труппу (this exact sentence was captured, but only attached to Тихомирова's own row as the exception clause -- the other 13 rows on this page never got it)."" Missed by the original extraction (same failure mode as the other report_hand_verified cohorts); read directly off the scanned page.",graduates_1892-93_p001__e003,linked,1900-01–1907-08,Matches this graduate's own Report-stated date (1893-06-01) against a BalletArtists person active 1900-01–1907-08 -- linked on that basis
Конецкая,Матрена,,1892-93,St. Petersburg,1893-06-01,St. Petersburg,report_hand_verified,"Own row states no date, but the closing assignment paragraph on the same printed page states: ""съ 1-го іюня 1893 года въ С.-Петербургскую балетную труппу (this exact sentence was captured, but only attached to Тихомирова's own row as the exception clause -- the other 13 rows on this page never got it)."" Missed by the original extraction (same failure mode as the other report_hand_verified cohorts); read directly off the scanned page.",graduates_1892-93_p001__e004,linked,1894-95–1907-08,Matches this graduate's own Report-stated date (1893-06-01) against a BalletArtists person active 1894-95–1907-08 -- linked on that basis
Левина,Таисія,,1892-93,St. Petersburg,1893-06-01,St. Petersburg,report_hand_verified,"Own row states no date, but the closing assignment paragraph on the same printed page states: ""съ 1-го іюня 1893 года въ С.-Петербургскую балетную труппу (this exact sentence was captured, but only attached to Тихомирова's own row as the exception clause -- the other 13 rows on this page never got it)."" Missed by the original extraction (same failure mode as the other report_hand_verified cohorts); read directly off the scanned page.",graduates_1892-93_p001__e005,linked,1894-95–1900-01,Matches this graduate's own Report-stated date (1893-06-01) against a BalletArtists person active 1894-95–1900-01 -- linked on that basis
Леонова,Ольга,,1892-93,St. Petersburg,1893-06-01,St. Petersburg,report_hand_verified,"Own row states no date, but the closing assignment paragraph on the same printed page states: ""съ 1-го іюня 1893 года въ С.-Петербургскую балетную труппу (this exact sentence was captured, but only attached to Тихомирова's own row as the exception clause -- the other 13 rows on this page never got it)."" Missed by the original extraction (same failure mode as the other report_hand_verified cohorts); read directly off the scanned page.",graduates_1892-93_p001__e006,linked,1894-95–1907-08,Matches this graduate's own Report-stated date (1893-06-01) against a BalletArtists person active 1894-95–1907-08 -- linked on that basis
Пахомова,Ольга,,1892-93,St. Petersburg,1893-06-01,St. Petersburg,report_hand_verified,"Own row states no date, but the closing assignment paragraph on the same printed page states: ""съ 1-го іюня 1893 года въ С.-Петербургскую балетную труппу (this exact sentence was captured, but only attached to Тихомирова's own row as the exception clause -- the other 13 rows on this page never got it)."" Missed by the original extraction (same failure mode as the other report_hand_verified cohorts); read directly off the scanned page.",graduates_1892-93_p001__e007,linked,1893-94–1907-08,"Matches this graduate's own Report-stated date (1893-06-01) against a BalletArtists person active 1893-94–1907-08 -- linked on that basis, even though 1 other distinct same-named BalletArtists appearance-cluster(s) also exist (dates too far from this graduate's own record to be considered candidates)."
Штихлингъ,Марія,,1892-93,St. Petersburg,1893-06-01,St. Petersburg,report_hand_verified,"Own row states no date, but the closing assignment paragraph on the same printed page states: ""съ 1-го іюня 1893 года въ С.-Петербургскую балетную труппу (this exact sentence was captured, but only attached to Тихомирова's own row as the exception clause -- the other 13 rows on this page never got it)."" Missed by the original extraction (same failure mode as the other report_hand_verified cohorts); read directly off the scanned page.",graduates_1892-93_p001__e008,linked,1893-94–1907-08,Matches this graduate's own Report-stated date (1893-06-01) against a BalletArtists person active 1893-94–1907-08 -- linked on that basis
Эрлеръ,Марія,,1892-93,St. Petersburg,1893-06-01,St. Petersburg,report_hand_verified,"Own row states no date, but the closing assignment paragraph on the same printed page states: ""съ 1-го іюня 1893 года въ С.-Петербургскую балетную труппу (this exact sentence was captured, but only attached to Тихомирова's own row as the exception clause -- the other 13 rows on this page never got it)."" Missed by the original extraction (same failure mode as the other report_hand_verified cohorts); read directly off the scanned page.",graduates_1892-93_p001__e009,linked,1898-99–1905-06,Matches this graduate's own Report-stated date (1893-06-01) against a BalletArtists person active 1898-99–1905-06 -- linked on that basis
Левинсонъ,Василій,,1892-93,St. Petersburg,1893-06-01,St. Petersburg,report_hand_verified,"Own row states no date, but the closing assignment paragraph on the same printed page states: ""съ 1-го іюня 1893 года въ С.-Петербургскую балетную труппу (this exact sentence was captured, but only attached to Тихомирова's own row as the exception clause -- the other 13 rows on this page never got it)."" Missed by the original extraction (same failure mode as the other report_hand_verified cohorts); read directly off the scanned page.",graduates_1892-93_p001__e010,linked,1893-94–1903-04,Matches this graduate's own Report-stated date (1893-06-01) against a BalletArtists person active 1893-94–1903-04 -- linked on that basis
Мартьяновъ,Александръ,,1892-93,St. Petersburg,1893-06-01,St. Petersburg,report_hand_verified,"Own row states no date, but the closing assignment paragraph on the same printed page states: ""съ 1-го іюня 1893 года въ С.-Петербургскую балетную труппу (this exact sentence was captured, but only attached to Тихомирова's own row as the exception clause -- the other 13 rows on this page never got it)."" Missed by the original extraction (same failure mode as the other report_hand_verified cohorts); read directly off the scanned page.",graduates_1892-93_p001__e011,linked,1895-96–1901-02,Matches this graduate's own Report-stated date (1893-06-01) against a BalletArtists person active 1895-96–1901-02 -- linked on that basis
Романовъ,Михаилъ,,1892-93,St. Petersburg,1893-06-01,St. Petersburg,report_hand_verified,"Own row states no date, but the closing assignment paragraph on the same printed page states: ""съ 1-го іюня 1893 года въ С.-Петербургскую балетную труппу (this exact sentence was captured, but only attached to Тихомирова's own row as the exception clause -- the other 13 rows on this page never got it)."" Missed by the original extraction (same failure mode as the other report_hand_verified cohorts); read directly off the scanned page.",graduates_1892-93_p001__e012,linked,1893-94–1902-03,"Matches this graduate's own Report-stated date (1893-06-01) against a BalletArtists person active 1893-94–1902-03 -- linked on that basis, even though 1 other distinct same-named BalletArtists appearance-cluster(s) also exist (dates too far from this graduate's own record to be considered candidates)."
Рыхляковъ,Георгій,,1892-93,St. Petersburg,1893-06-01,St. Petersburg,report_hand_verified,"Own row states no date, but the closing assignment paragraph on the same printed page states: ""съ 1-го іюня 1893 года въ С.-Петербургскую балетную труппу (this exact sentence was captured, but only attached to Тихомирова's own row as the exception clause -- the other 13 rows on this page never got it)."" Missed by the original extraction (same failure mode as the other report_hand_verified cohorts); read directly off the scanned page.",graduates_1892-93_p001__e013,linked,1893-94–1907-08,Matches this graduate's own Report-stated date (1893-06-01) against a BalletArtists person active 1893-94–1907-08 -- linked on that basis
Тихомировъ,Василій,,1892-93,St. Petersburg,1893-09-01,Moscow,report_per_row_exception,"Corrected: this row's own tenure_note_text is a single sentence covering both the cohort default AND a named individual exception for this exact graduate -- ""...кромѣ ученика Тихомирова, который зачисленъ съ 1-го сентября 1893 года въ Московскую балетную труппу"" (""except student Tikhomirov, who was enrolled from 1 September 1893 in the Moscow ballet troupe""). The date-parsing logic took the first date in the sentence (the cohort default, 1893-06-01 St. Petersburg, which correctly applies to the other 13 people on this page) instead of the individually-named exception clause that applies to this row. Once corrected, this is NOT a Report-vs-BalletArtists disagreement at all -- BalletArtists independently shows the same date, 1893-09-01, in the Moscow troupe, identically across every season on record. Previously miscategorized as a same-pattern disagreement; that was wrong, this was a parsing bug, now fixed.",graduates_1892-93_p001__e014,linked,1893-94–1907-08,Matches this graduate's own Report-stated date (1893-09-01) against a BalletArtists person active 1893-94–1907-08 -- linked on that basis
Берсъ,Екатерина,,1892-93,Moscow,1893-09-01,Moscow,report_per_row,"School/city corrected: the raw institution field on this page reads ""Императорское С.-Петербургское Театральное Училище"" (a stale/mislabeled value carried over from elsewhere), but the page itself is headed ""Московское Театральное Училище / Балетное отдѣленіе"" and its closing paragraph states ""...опредѣлены на службу съ 1-го сентября 1893 г. въ Московскую балетную труппу."" Confirmed by reading the scanned page directly.",graduates_1892-93_p003__e001,linked,1893-94–1895-96,Matches this graduate's own Report-stated date (1893-09-01) against a BalletArtists person active 1893-94–1895-96 -- linked on that basis
Божановская,Елена,,1892-93,Moscow,1893-09-01,Moscow,report_per_row,"School/city corrected: the raw institution field on this page reads ""Императорское С.-Петербургское Театральное Училище"" (a stale/mislabeled value carried over from elsewhere), but the page itself is headed ""Московское Театральное Училище / Балетное отдѣленіе"" and its closing paragraph states ""...опредѣлены на службу съ 1-го сентября 1893 г. въ Московскую балетную труппу."" Confirmed by reading the scanned page directly.",graduates_1892-93_p003__e002,linked,1893-94–1897-98,Matches this graduate's own Report-stated date (1893-09-01) against a BalletArtists person active 1893-94–1897-98 -- linked on that basis
Давыдченко,Анастасія,,1892-93,Moscow,1893-09-01,Moscow,report_per_row,"School/city corrected: the raw institution field on this page reads ""Императорское С.-Петербургское Театральное Училище"" (a stale/mislabeled value carried over from elsewhere), but the page itself is headed ""Московское Театральное Училище / Балетное отдѣленіе"" and its closing paragraph states ""...опредѣлены на службу съ 1-го сентября 1893 г. въ Московскую балетную труппу."" Confirmed by reading the scanned page directly.",graduates_1892-93_p003__e003,linked,1893-94–1897-98,Matches this graduate's own Report-stated date (1893-09-01) against a BalletArtists person active 1893-94–1897-98 -- linked on that basis
Живокини,Надежда,,1892-93,Moscow,1893-09-01,Moscow,report_per_row,"School/city corrected: the raw institution field on this page reads ""Императорское С.-Петербургское Театральное Училище"" (a stale/mislabeled value carried over from elsewhere), but the page itself is headed ""Московское Театральное Училище / Балетное отдѣленіе"" and its closing paragraph states ""...опредѣлены на службу съ 1-го сентября 1893 г. въ Московскую балетную труппу."" Confirmed by reading the scanned page directly.",graduates_1892-93_p003__e004,linked,1893-94–1897-98,Matches this graduate's own Report-stated date (1893-09-01) against a BalletArtists person active 1893-94–1897-98 -- linked on that basis
Мосолова,Вѣра,,1892-93,Moscow,1893-09-01,Moscow,report_per_row,"School/city corrected: the raw institution field on this page reads ""Императорское С.-Петербургское Театральное Училище"" (a stale/mislabeled value carried over from elsewhere), but the page itself is headed ""Московское Театральное Училище / Балетное отдѣленіе"" and its closing paragraph states ""...опредѣлены на службу съ 1-го сентября 1893 г. въ Московскую балетную труппу."" Confirmed by reading the scanned page directly.",graduates_1892-93_p003__e005,linked,1893-94–1905-06,"Matches this graduate's own Report-stated date (1893-09-01) against a BalletArtists person active 1893-94–1905-06 -- linked on that basis (10/13 of this person's dated appearances agree on 1893-09-01; the rest show nearby variant dates 1893-09-05, most likely print-run wobble across yearbook editions, not a different person.)"
Панова,Ольга,,1892-93,Moscow,1893-09-01,Moscow,report_per_row,"School/city corrected: the raw institution field on this page reads ""Императорское С.-Петербургское Театральное Училище"" (a stale/mislabeled value carried over from elsewhere), but the page itself is headed ""Московское Театральное Училище / Балетное отдѣленіе"" and its closing paragraph states ""...опредѣлены на службу съ 1-го сентября 1893 г. въ Московскую балетную труппу."" Confirmed by reading the scanned page directly.",graduates_1892-93_p003__e006,linked,1897-98–1900-01,Matches this graduate's own Report-stated date (1893-09-01) against a BalletArtists person active 1897-98–1900-01 -- linked on that basis
Рагузина,Валентина,,1892-93,Moscow,1893-09-01,Moscow,report_per_row,"School/city corrected: the raw institution field on this page reads ""Императорское С.-Петербургское Театральное Училище"" (a stale/mislabeled value carried over from elsewhere), but the page itself is headed ""Московское Театральное Училище / Балетное отдѣленіе"" and its closing paragraph states ""...опредѣлены на службу съ 1-го сентября 1893 г. въ Московскую балетную труппу."" Confirmed by reading the scanned page directly.",graduates_1892-93_p003__e007,linked,1893-94–1907-08,Matches this graduate's own Report-stated date (1893-09-01) against a BalletArtists person active 1893-94–1907-08 -- linked on that basis
Тренинская,Анна,,1892-93,Moscow,1893-09-01,Moscow,report_per_row,"School/city corrected: the raw institution field on this page reads ""Императорское С.-Петербургское Театральное Училище"" (a stale/mislabeled value carried over from elsewhere), but the page itself is headed ""Московское Театральное Училище / Балетное отдѣленіе"" and its closing paragraph states ""...опредѣлены на службу съ 1-го сентября 1893 г. въ Московскую балетную труппу."" Confirmed by reading the scanned page directly.",graduates_1892-93_p003__e008,linked,1893-94–1906-07,Matches this graduate's own Report-stated date (1893-09-01) against a BalletArtists person active 1893-94–1906-07 -- linked on that basis
Центерова,Ольга,,1892-93,Moscow,1893-09-01,Moscow,report_per_row,"School/city corrected: the raw institution field on this page reads ""Императорское С.-Петербургское Театральное Училище"" (a stale/mislabeled value carried over from elsewhere), but the page itself is headed ""Московское Театральное Училище / Балетное отдѣленіе"" and its closing paragraph states ""...опредѣлены на службу съ 1-го сентября 1893 г. въ Московскую балетную труппу."" Confirmed by reading the scanned page directly.",graduates_1892-93_p003__e009,linked,1893-94–1898-99,Matches this graduate's own Report-stated date (1893-09-01) against a BalletArtists person active 1893-94–1898-99 -- linked on that basis
Чумакова,Ольга,,1892-93,Moscow,1893-09-01,Moscow,report_per_row,"School/city corrected: the raw institution field on this page reads ""Императорское С.-Петербургское Театральное Училище"" (a stale/mislabeled value carried over from elsewhere), but the page itself is headed ""Московское Театральное Училище / Балетное отдѣленіе"" and its closing paragraph states ""...опредѣлены на службу съ 1-го сентября 1893 г. въ Московскую балетную труппу."" Confirmed by reading the scanned page directly.",graduates_1892-93_p003__e010,linked,1893-94–1905-06,"Matches this graduate's own Report-stated date (1893-09-01) against a BalletArtists person active 1893-94–1905-06 -- linked on that basis, even though 1 other distinct same-named BalletArtists appearance-cluster(s) also exist (dates too far from this graduate's own record to be considered candidates)."
Гавриловъ,Александръ,,1892-93,Moscow,1893-09-01,Moscow,report_per_row,"School/city corrected: the raw institution field on this page reads ""Императорское С.-Петербургское Театральное Училище"" (a stale/mislabeled value carried over from elsewhere), but the page itself is headed ""Московское Театральное Училище / Балетное отдѣленіе"" and its closing paragraph states ""...опредѣлены на службу съ 1-го сентября 1893 г. въ Московскую балетную труппу."" Confirmed by reading the scanned page directly.",graduates_1892-93_p003__e011,linked,1893-94–1907-08,Matches this graduate's own Report-stated date (1893-09-01) against a BalletArtists person active 1893-94–1907-08 -- linked on that basis
Гулинъ,Александръ,,1892-93,Moscow,1893-09-01,Moscow,report_per_row,"School/city corrected: the raw institution field on this page reads ""Императорское С.-Петербургское Театральное Училище"" (a stale/mislabeled value carried over from elsewhere), but the page itself is headed ""Московское Театральное Училище / Балетное отдѣленіе"" and its closing paragraph states ""...опредѣлены на службу съ 1-го сентября 1893 г. въ Московскую балетную труппу."" Confirmed by reading the scanned page directly.",graduates_1892-93_p003__e012,linked,1894-95–1906-07,Matches this graduate's own Report-stated date (1893-09-01) against a BalletArtists person active 1894-95–1906-07 -- linked on that basis
Борхардтъ,Луиза,,1893-94,St. Petersburg,1894-06-01,St. Petersburg,report_per_row,,graduates_1893-94_p001__e001,linked,1894-95–1902-03,Matches this graduate's own Report-stated date (1894-06-01) against a BalletArtists person active 1894-95–1902-03 -- linked on that basis
Горячова,Елена,,1893-94,St. Petersburg,1894-06-01,St. Petersburg,report_per_row,,graduates_1893-94_p001__e002,no_record,,"No BalletArtists record found under this name -- may not have entered Imperial service, or entered under a form this dataset does not capture."
Ильина,Елена,,1893-94,St. Petersburg,1894-06-01,St. Petersburg,report_per_row,,graduates_1893-94_p001__e003,linked,1898-99–1907-08,"Matches this graduate's own Report-stated date (1894-06-01) against a BalletArtists person active 1898-99–1907-08 -- linked on that basis, even though 1 other distinct same-named BalletArtists appearance-cluster(s) also exist (dates too far from this graduate's own record to be considered candidates)."
Исаева,Татьяна,,1893-94,St. Petersburg,1894-06-01,St. Petersburg,report_per_row,,graduates_1893-94_p001__e004,linked,1898-99–1907-08,Matches this graduate's own Report-stated date (1894-06-01) against a BalletArtists person active 1898-99–1907-08 -- linked on that basis
Кузьмина,Антонина,,1893-94,St. Petersburg,1894-06-01,St. Petersburg,report_per_row,,graduates_1893-94_p001__e005,linked,1894-95–1907-08,Matches this graduate's own Report-stated date (1894-06-01) against a BalletArtists person active 1894-95–1907-08 -- linked on that basis
Офицерова,Екатерина,,1893-94,St. Petersburg,1894-06-01,St. Petersburg,report_per_row,,graduates_1893-94_p001__e006,linked,1894-95–1907-08,Matches this graduate's own Report-stated date (1894-06-01) against a BalletArtists person active 1894-95–1907-08 -- linked on that basis
Рахманова,Евгенія,,1893-94,St. Petersburg,1894-06-01,St. Petersburg,report_per_row,,graduates_1893-94_p001__e007,linked,1894-95–1903-04,Matches this graduate's own Report-stated date (1894-06-01) against a BalletArtists person active 1894-95–1903-04 -- linked on that basis
Рихартова,Ольга,,1893-94,St. Petersburg,1894-06-01,St. Petersburg,report_per_row,,graduates_1893-94_p001__e008,linked,1894-95–1901-02,Matches this graduate's own Report-stated date (1894-06-01) against a BalletArtists person active 1894-95–1901-02 -- linked on that basis
Трефилова,Вѣра,,1893-94,St. Petersburg,1894-06-01,St. Petersburg,report_per_row,,graduates_1893-94_p001__e009,linked,1894-95–1904-05,"Matches this graduate's own Report-stated date (1894-06-01) against a BalletArtists person active 1894-95–1904-05 -- linked on that basis, even though 1 other distinct same-named BalletArtists appearance-cluster(s) also exist (dates too far from this graduate's own record to be considered candidates)."
Фонарева,Александра,,1893-94,St. Petersburg,1894-06-01,St. Petersburg,report_per_row,,graduates_1893-94_p001__e010,linked,1894-95–1907-08,Matches this graduate's own Report-stated date (1894-06-01) against a BalletArtists person active 1894-95–1907-08 -- linked on that basis
Чумакова,Ольга,,1893-94,St. Petersburg,1894-06-01,St. Petersburg,report_per_row,,graduates_1893-94_p001__e011,linked,1894-95–1906-07,"Matches this graduate's own Report-stated date (1894-06-01) against a BalletArtists person active 1894-95–1906-07 -- linked on that basis, even though 1 other distinct same-named BalletArtists appearance-cluster(s) also exist (dates too far from this graduate's own record to be considered candidates)."
Яковлева,Александра,,1893-94,St. Petersburg,1894-06-01,St. Petersburg,report_per_row,,graduates_1893-94_p001__e012,linked,1898-99–1906-07,Matches this graduate's own Report-stated date (1894-06-01) against a BalletArtists person active 1898-99–1906-07 -- linked on that basis
Алексѣевъ,Алексѣй,,1893-94,St. Petersburg,1894-06-01,St. Petersburg,report_per_row,,graduates_1893-94_p001__e013,linked,1894-95–1907-08,Matches this graduate's own Report-stated date (1894-06-01) against a BalletArtists person active 1894-95–1907-08 -- linked on that basis
Васильевъ,Ѳедоръ,,1893-94,St. Petersburg,1894-06-01,St. Petersburg,report_per_row,,graduates_1893-94_p001__e014,linked,1894-95–1907-08,Matches this graduate's own Report-stated date (1894-06-01) against a BalletArtists person active 1894-95–1907-08 -- linked on that basis
Кусовъ,Иванъ,,1893-94,St. Petersburg,1894-06-01,St. Petersburg,report_per_row,,graduates_1893-94_p001__e015,linked,1894-95–1907-08,Matches this graduate's own Report-stated date (1894-06-01) against a BalletArtists person active 1894-95–1907-08 -- linked on that basis
Легатъ,Сергѣй,,1893-94,St. Petersburg,1894-06-01,St. Petersburg,report_per_row,,graduates_1893-94_p001__e016,linked,1899-00–1905-06,Matches this graduate's own Report-stated date (1894-06-01) against a BalletArtists person active 1899-00–1905-06 -- linked on that basis
Сергѣевъ,Николай,,1893-94,St. Petersburg,1894-06-01,St. Petersburg,report_per_row,,graduates_1893-94_p001__e017,linked,1894-95–1906-07,"Matches this graduate's own Report-stated date (1894-06-01) against a BalletArtists person active 1894-95–1906-07 -- linked on that basis, even though 1 other distinct same-named BalletArtists appearance-cluster(s) also exist (dates too far from this graduate's own record to be considered candidates)."
Галать,Надежда,,1893-94,Moscow,1894-09-01,Moscow,report_per_row,,graduates_1893-94_p002__e001,linked,1894-95–1906-07,Matches this graduate's own Report-stated date (1894-09-01) against a BalletArtists person active 1894-95–1906-07 -- linked on that basis
Гельцеръ,Екатерина,,1893-94,Moscow,1894-09-01,Moscow,report_per_row,,graduates_1893-94_p002__e002,linked,1894-95–1907-08,Matches this graduate's own Report-stated date (1894-09-01) against a BalletArtists person active 1894-95–1907-08 -- linked on that basis
Михайлова,Любовь,,1893-94,Moscow,1894-09-01,Moscow,report_per_row,,graduates_1893-94_p002__e003,linked,1896-97–1900-01,Matches this graduate's own Report-stated date (1894-09-01) against a BalletArtists person active 1896-97–1900-01 -- linked on that basis
Нарышкина,Александра,,1893-94,Moscow,1894-09-01,Moscow,report_per_row,,graduates_1893-94_p002__e004,linked,1894-95–1902-03,Matches this graduate's own Report-stated date (1894-09-01) against a BalletArtists person active 1894-95–1902-03 -- linked on that basis
Петрова,Вѣра,,1893-94,Moscow,1894-09-01,Moscow,report_per_row,,graduates_1893-94_p002__e005,linked,1897-98–1900-01,Matches this graduate's own Report-stated date (1894-09-01) against a BalletArtists person active 1897-98–1900-01 -- linked on that basis
Симонова,Антонина,,1893-94,Moscow,1894-09-01,Moscow,report_per_row,,graduates_1893-94_p002__e006,linked,1897-98–1907-08,"Matches this graduate's own Report-stated date (1894-09-01) against a BalletArtists person active 1897-98–1907-08 -- linked on that basis, even though 1 other distinct same-named BalletArtists appearance-cluster(s) also exist (dates too far from this graduate's own record to be considered candidates)."
Смирнова,Марія,,1893-94,Moscow,1894-09-01,Moscow,report_per_row,,graduates_1893-94_p002__e007,linked,1897-98–1907-08,"Matches this graduate's own Report-stated date (1894-09-01) against a BalletArtists person active 1897-98–1907-08 -- linked on that basis, even though 1 other distinct same-named BalletArtists appearance-cluster(s) also exist (dates too far from this graduate's own record to be considered candidates)."
Бычковъ,Александръ,,1893-94,Moscow,1894-09-01,Moscow,report_per_row,,graduates_1893-94_p002__e008,linked,1894-95–1907-08,Matches this graduate's own Report-stated date (1894-09-01) against a BalletArtists person active 1894-95–1907-08 -- linked on that basis
Степановъ,Сергѣй,,1893-94,Moscow,1894-09-01,Moscow,report_per_row,,graduates_1893-94_p002__e009,linked,1898-99–1907-08,Matches this graduate's own Report-stated date (1894-09-01) against a BalletArtists person active 1898-99–1907-08 -- linked on that basis
Тройниковъ,Константинъ,,1893-94,Moscow,1894-09-01,Moscow,report_per_row,,graduates_1893-94_p002__e010,linked,1896-97–1904-05,"Matches this graduate's own Report-stated date (1894-09-01) against a BalletArtists person active 1896-97–1904-05 -- linked on that basis (this person's own record documents more than one service period -- 1894-09-01, 1897-02-01, 1897-02-16 -- e.g. a departure and later re-enrollment, not a different person.)"
Астафьева,Серафима,,1894-95,St. Petersburg,1895-06-01,,report_per_row,,graduates_1894-95_p001__e001,linked,1895-96–1904-05,Matches this graduate's own Report-stated date (1895-06-01) against a BalletArtists person active 1895-96–1904-05 -- linked on that basis
Махотина,Евгенія,,1894-95,St. Petersburg,1895-06-01,,report_per_row,,graduates_1894-95_p001__e002,linked,1895-96–1907-08,Matches this graduate's own Report-stated date (1895-06-01) against a BalletArtists person active 1895-96–1907-08 -- linked on that basis
Мессарошъ,Марія,,1894-95,St. Petersburg,1895-06-01,,report_per_row,,graduates_1894-95_p001__e003,linked,1895-96,Matches this graduate's own Report-stated date (1895-06-01) against a BalletArtists person active 1895-96 -- linked on that basis
Сазонова,Евгенія,,1894-95,St. Petersburg,1895-06-01,,report_per_row,,graduates_1894-95_p001__e004,linked,1895-96–1907-08,Matches this graduate's own Report-stated date (1895-06-01) against a BalletArtists person active 1895-96–1907-08 -- linked on that basis
Аслинъ,Иванъ,,1894-95,St. Petersburg,1895-06-01,,report_per_row,,graduates_1894-95_p001__e005,linked,1896-97–1907-08,"Matches this graduate's own Report-stated date (1895-06-01) against a BalletArtists person active 1896-97–1907-08 -- linked on that basis, even though 1 other distinct same-named BalletArtists appearance-cluster(s) also exist (dates too far from this graduate's own record to be considered candidates)."
Прѣсняковъ,Валентинъ,,1894-95,St. Petersburg,1895-06-01,,report_per_row,,graduates_1894-95_p001__e006,linked,1895-96–1907-08,Matches this graduate's own Report-stated date (1895-06-01) against a BalletArtists person active 1895-96–1907-08 -- linked on that basis
Аѳанасьева,Вѣра,,1894-95,Moscow,1895-09-01,Moscow,report_per_row,,graduates_1894-95_p002__e001,linked,1895-96–1906-07,Matches this graduate's own Report-stated date (1895-09-01) against a BalletArtists person active 1895-96–1906-07 -- linked on that basis
Боткина,Варвара,,1894-95,Moscow,1895-09-01,Moscow,report_per_row,,graduates_1894-95_p002__e002,linked,1895-96–1907-08,Matches this graduate's own Report-stated date (1895-09-01) against a BalletArtists person active 1895-96–1907-08 -- linked on that basis
Васильева,Александра,,1894-95,Moscow,1895-09-01,Moscow,report_per_row,,graduates_1894-95_p002__e003,linked,1895-96–1901-02,"Matches this graduate's own Report-stated date (1895-09-01) against a BalletArtists person active 1895-96–1901-02 -- linked on that basis, even though 1 other distinct same-named BalletArtists appearance-cluster(s) also exist (dates too far from this graduate's own record to be considered candidates)."
Крылова,Марія,,1894-95,Moscow,1895-09-01,Moscow,report_per_row,,graduates_1894-95_p002__e004,linked,1896-97–1900-01,Matches this graduate's own Report-stated date (1895-09-01) against a BalletArtists person active 1896-97–1900-01 -- linked on that basis
Никитина,Анна,,1894-95,Moscow,1895-09-01,Moscow,report_per_row,,graduates_1894-95_p002__e005,linked,1895-96–1905-06,Matches this graduate's own Report-stated date (1895-09-01) against a BalletArtists person active 1895-96–1905-06 -- linked on that basis
Тривчикъ,Анна,,1894-95,Moscow,1895-09-01,Moscow,report_per_row,,graduates_1894-95_p002__e006,linked,1897-98–1900-01,Matches this graduate's own Report-stated date (1895-09-01) against a BalletArtists person active 1897-98–1900-01 -- linked on that basis
Ячменева,Надежда,,1894-95,Moscow,1895-09-01,Moscow,report_per_row,,graduates_1894-95_p002__e007,linked,1898-99–1901-02,"Matches this graduate's own Report-stated date (1895-09-01) against a BalletArtists person active 1898-99–1901-02 -- linked on that basis (3/4 of this person's dated appearances agree on 1895-10-01; the rest show nearby variant dates 1895-09-01, most likely print-run wobble across yearbook editions, not a different person.)"
Бакинъ,Александръ,,1894-95,Moscow,1895-09-01,Moscow,report_per_row,,graduates_1894-95_p002__e008,linked,1898-99–1905-06,Matches this graduate's own Report-stated date (1895-09-01) against a BalletArtists person active 1898-99–1905-06 -- linked on that basis
Никитинъ,Владиміръ,,1894-95,Moscow,1895-09-01,Moscow,report_per_row,,graduates_1894-95_p002__e009,linked,1896-97–1905-06,Matches this graduate's own Report-stated date (1895-09-01) against a BalletArtists person active 1896-97–1905-06 -- linked on that basis
Пановъ,Александръ,,1894-95,Moscow,1895-09-01,Moscow,report_per_row,,graduates_1894-95_p002__e010,linked,1898-99–1907-08,"Matches this graduate's own Report-stated date (1895-09-01) against a BalletArtists person active 1898-99–1907-08 -- linked on that basis (this person's own record documents more than one service period -- 1895-09-01, 1895-10-01, 1899-10-01, 1901-09-01, 1901-10-01 -- e.g. a departure and later re-enrollment, not a different person.)"
Гончарова,Елена,,1895-96,St. Petersburg,1896-05-01,,report_per_row,,graduates_1895-96_p001__e001,linked,1895-96–1907-08,Matches this graduate's own Report-stated date (1896-05-01) against a BalletArtists person active 1895-96–1907-08 -- linked on that basis
Дюжикова,Римма,,1895-96,St. Petersburg,1896-05-01,,report_per_row,,graduates_1895-96_p001__e002,linked,1899-00–1900-01,Matches this graduate's own Report-stated date (1896-05-01) against a BalletArtists person active 1899-00–1900-01 -- linked on that basis
Леонова,Анна,,1895-96,St. Petersburg,1896-05-01,,report_per_row,,graduates_1895-96_p001__e003,linked,1896-97–1907-08,"Matches this graduate's own Report-stated date (1896-05-01) against a BalletArtists person active 1896-97–1907-08 -- linked on that basis (7/8 of this person's dated appearances agree on 1896-05-01; the rest show nearby variant dates 1896-06-01, most likely print-run wobble across yearbook editions, not a different person.)"
Николаидесъ,Вѣра,,1895-96,St. Petersburg,1896-05-01,,report_per_row,,graduates_1895-96_p001__e004,linked,1896-97–1897-98,Matches this graduate's own Report-stated date (1896-05-01) against a BalletArtists person active 1896-97–1897-98 -- linked on that basis
Тимирева,Любовь,,1895-96,St. Petersburg,1896-05-01,,report_per_row,,graduates_1895-96_p001__e005,linked,1895-96–1907-08,Matches this graduate's own Report-stated date (1896-05-01) against a BalletArtists person active 1895-96–1907-08 -- linked on that basis
Франкъ,Вѣра,,1895-96,St. Petersburg,1896-05-01,,report_per_row,,graduates_1895-96_p001__e006,linked,1896-97–1907-08,Matches this graduate's own Report-stated date (1896-05-01) against a BalletArtists person active 1896-97–1907-08 -- linked on that basis
Ивановъ,Александръ,,1895-96,St. Petersburg,1896-05-01,,report_per_row,,graduates_1895-96_p001__e007,linked,1905-06,Matches this graduate's own Report-stated date (1896-05-01) against a BalletArtists person active 1905-06 -- linked on that basis
Кристерсонъ,Христіанъ,,1895-96,St. Petersburg,1896-05-01,,report_per_row,,graduates_1895-96_p001__e008,linked,1895-96–1906-07,Matches this graduate's own Report-stated date (1896-05-01) against a BalletArtists person active 1895-96–1906-07 -- linked on that basis
Масловъ,Александръ,,1895-96,St. Petersburg,1896-05-01,,report_per_row,,graduates_1895-96_p001__e009,linked,1895-96–1907-08,Matches this graduate's own Report-stated date (1896-05-01) against a BalletArtists person active 1895-96–1907-08 -- linked on that basis
Михайловъ,Леонидъ,,1895-96,St. Petersburg,1896-05-01,,report_per_row,,graduates_1895-96_p001__e010,linked,1895-96–1907-08,Matches this graduate's own Report-stated date (1896-05-01) against a BalletArtists person active 1895-96–1907-08 -- linked on that basis
Другашева,Марія,,1895-96,Moscow,1896-09-01,Moscow,report_hand_verified,"Own row states no date, but the closing paragraph on the same printed page (graduates_1895-96_p003) does: 'Все перечисленные окончившіе курсъ ученицы и ученики опредѣлены на службу, съ 1-го сентября 1896 года, въ Московскую балетную труппу.' Missed by the original extraction, same pattern as the 1899/1902 report_hand_verified cohorts; read directly off the scanned page.",graduates_1895-96_p003__e001,linked,1896-97–1907-08,Matches this graduate's own Report-stated date (1896-09-01) against a BalletArtists person active 1896-97–1907-08 -- linked on that basis
Левенсонъ,Евгенія,,1895-96,Moscow,1896-09-01,Moscow,report_hand_verified,"Own row states no date, but the closing paragraph on the same printed page (graduates_1895-96_p003) does: 'Все перечисленные окончившіе курсъ ученицы и ученики опредѣлены на службу, съ 1-го сентября 1896 года, въ Московскую балетную труппу.' Missed by the original extraction, same pattern as the 1899/1902 report_hand_verified cohorts; read directly off the scanned page.",graduates_1895-96_p003__e002,linked,1896-97–1900-01,Matches this graduate's own Report-stated date (1896-09-01) against a BalletArtists person active 1896-97–1900-01 -- linked on that basis
Лѣсновская,Ираида,,1895-96,Moscow,1896-09-01,Moscow,report_hand_verified,"Own row states no date, but the closing paragraph on the same printed page (graduates_1895-96_p003) does: 'Все перечисленные окончившіе курсъ ученицы и ученики опредѣлены на службу, съ 1-го сентября 1896 года, въ Московскую балетную труппу.' Missed by the original extraction, same pattern as the 1899/1902 report_hand_verified cohorts; read directly off the scanned page.",graduates_1895-96_p003__e003,linked,1896-97–1899-00,Matches this graduate's own Report-stated date (1896-09-01) against a BalletArtists person active 1896-97–1899-00 -- linked on that basis
Михайлова,Елизавета,,1895-96,Moscow,1896-09-01,Moscow,report_hand_verified,"Own row states no date, but the closing paragraph on the same printed page (graduates_1895-96_p003) does: 'Все перечисленные окончившіе курсъ ученицы и ученики опредѣлены на службу, съ 1-го сентября 1896 года, въ Московскую балетную труппу.' Missed by the original extraction, same pattern as the 1899/1902 report_hand_verified cohorts; read directly off the scanned page.",graduates_1895-96_p003__e004,linked,1898-99–1907-08,"Matches this graduate's own Report-stated date (1896-09-01) against a BalletArtists person active 1898-99–1907-08 -- linked on that basis, even though 1 other distinct same-named BalletArtists appearance-cluster(s) also exist (dates too far from this graduate's own record to be considered candidates)."
Панова,Елизавета,,1895-96,Moscow,1896-09-01,Moscow,report_hand_verified,"Own row states no date, but the closing paragraph on the same printed page (graduates_1895-96_p003) does: 'Все перечисленные окончившіе курсъ ученицы и ученики опредѣлены на службу, съ 1-го сентября 1896 года, въ Московскую балетную труппу.' Missed by the original extraction, same pattern as the 1899/1902 report_hand_verified cohorts; read directly off the scanned page.",graduates_1895-96_p003__e005,linked,1897-98–1898-99,Matches this graduate's own Report-stated date (1896-09-01) against a BalletArtists person active 1897-98–1898-99 -- linked on that basis
Полякова,Надежда,,1895-96,Moscow,1896-09-01,Moscow,report_hand_verified,"Own row states no date, but the closing paragraph on the same printed page (graduates_1895-96_p003) does: 'Все перечисленные окончившіе курсъ ученицы и ученики опредѣлены на службу, съ 1-го сентября 1896 года, въ Московскую балетную труппу.' Missed by the original extraction, same pattern as the 1899/1902 report_hand_verified cohorts; read directly off the scanned page.",graduates_1895-96_p003__e006,linked,1897-98–1900-01,Matches this graduate's own Report-stated date (1896-09-01) against a BalletArtists person active 1897-98–1900-01 -- linked on that basis
Шарпантье,Елизавета,,1895-96,Moscow,1896-09-01,Moscow,report_hand_verified,"Own row states no date, but the closing paragraph on the same printed page (graduates_1895-96_p003) does: 'Все перечисленные окончившіе курсъ ученицы и ученики опредѣлены на службу, съ 1-го сентября 1896 года, въ Московскую балетную труппу.' Missed by the original extraction, same pattern as the 1899/1902 report_hand_verified cohorts; read directly off the scanned page.",graduates_1895-96_p003__e007,linked,1897-98–1902-03,Matches this graduate's own Report-stated date (1896-09-01) against a BalletArtists person active 1897-98–1902-03 -- linked on that basis
Ефимовъ,Семенъ,,1895-96,Moscow,1896-09-01,Moscow,report_hand_verified,"Own row states no date, but the closing paragraph on the same printed page (graduates_1895-96_p003) does: 'Все перечисленные окончившіе курсъ ученицы и ученики опредѣлены на службу, съ 1-го сентября 1896 года, въ Московскую балетную труппу.' Missed by the original extraction, same pattern as the 1899/1902 report_hand_verified cohorts; read directly off the scanned page.",graduates_1895-96_p003__e008,linked,1897-98–1906-07,Matches this graduate's own Report-stated date (1896-09-01) against a BalletArtists person active 1897-98–1906-07 -- linked on that basis
Ивановъ,Василій,,1895-96,Moscow,1896-09-01,Moscow,report_hand_verified,"Own row states no date, but the closing paragraph on the same printed page (graduates_1895-96_p003) does: 'Все перечисленные окончившіе курсъ ученицы и ученики опредѣлены на службу, съ 1-го сентября 1896 года, въ Московскую балетную труппу.' Missed by the original extraction, same pattern as the 1899/1902 report_hand_verified cohorts; read directly off the scanned page.",graduates_1895-96_p003__e009,linked,1898-99–1906-07,"Matches this graduate's own Report-stated date (1896-09-01) against a BalletArtists person active 1898-99–1906-07 -- linked on that basis (this person's own record documents more than one service period -- 1896-09-01, 1903-09-09 -- e.g. a departure and later re-enrollment, not a different person.)"
Никольскій,Валентинъ,,1895-96,Moscow,1896-09-01,Moscow,report_hand_verified,"Own row states no date, but the closing paragraph on the same printed page (graduates_1895-96_p003) does: 'Все перечисленные окончившіе курсъ ученицы и ученики опредѣлены на службу, съ 1-го сентября 1896 года, въ Московскую балетную труппу.' Missed by the original extraction, same pattern as the 1899/1902 report_hand_verified cohorts; read directly off the scanned page.",graduates_1895-96_p003__e010,linked,1896-97–1907-08,"Matches this graduate's own Report-stated date (1896-09-01) against a BalletArtists person active 1896-97–1907-08 -- linked on that basis, even though 1 other distinct same-named BalletArtists appearance-cluster(s) also exist (dates too far from this graduate's own record to be considered candidates)."
Симоновъ,Александръ,,1895-96,Moscow,1896-09-01,Moscow,report_hand_verified,"Own row states no date, but the closing paragraph on the same printed page (graduates_1895-96_p003) does: 'Все перечисленные окончившіе курсъ ученицы и ученики опредѣлены на службу, съ 1-го сентября 1896 года, въ Московскую балетную труппу.' Missed by the original extraction, same pattern as the 1899/1902 report_hand_verified cohorts; read directly off the scanned page.",graduates_1895-96_p003__e011,linked,1896-97–1907-08,Matches this graduate's own Report-stated date (1896-09-01) against a BalletArtists person active 1896-97–1907-08 -- linked on that basis
Хасперъ,Михаилъ,,1895-96,Moscow,1896-09-01,Moscow,report_hand_verified,"Own row states no date, but the closing paragraph on the same printed page (graduates_1895-96_p003) does: 'Все перечисленные окончившіе курсъ ученицы и ученики опредѣлены на службу, съ 1-го сентября 1896 года, въ Московскую балетную труппу.' Missed by the original extraction, same pattern as the 1899/1902 report_hand_verified cohorts; read directly off the scanned page.",graduates_1895-96_p003__e012,linked,1896-97–1907-08,Matches this graduate's own Report-stated date (1896-09-01) against a BalletArtists person active 1896-97–1907-08 -- linked on that basis
Щегловъ,Василій,,1895-96,Moscow,1896-09-01,Moscow,report_hand_verified,"Own row states no date, but the closing paragraph on the same printed page (graduates_1895-96_p003) does: 'Все перечисленные окончившіе курсъ ученицы и ученики опредѣлены на службу, съ 1-го сентября 1896 года, въ Московскую балетную труппу.' Missed by the original extraction, same pattern as the 1899/1902 report_hand_verified cohorts; read directly off the scanned page.",graduates_1895-96_p003__e013,linked,1896-97–1907-08,"Matches this graduate's own Report-stated date (1896-09-01) against a BalletArtists person active 1896-97–1907-08 -- linked on that basis (this person's own record documents more than one service period -- 1896-09-01, 1901-11-16 -- e.g. a departure and later re-enrollment, not a different person.)"
Ваганова,Агриппина,,1896-97,St. Petersburg,1897-05-01,St. Petersburg,report_per_row,BalletArtists roster consistently shows ['1897-06-01'] instead of the Report's 1897-05-01 -- verified against the scanned page image directly. See docs/eval/source_document_anomalies.md.,graduates_1896-97_p001__e001,linked,1898-99–1907-08,Matches this graduate's own Report-stated date (1897-05-01) against a BalletArtists person active 1898-99–1907-08 -- linked on that basis
Матятина,Вѣра,,1896-97,St. Petersburg,1897-05-01,St. Petersburg,report_per_row,BalletArtists roster consistently shows ['1897-06-01'] instead of the Report's 1897-05-01 -- verified against the scanned page image directly. See docs/eval/source_document_anomalies.md.,graduates_1896-97_p001__e002,linked,1897-98–1907-08,Matches this graduate's own Report-stated date (1897-05-01) against a BalletArtists person active 1897-98–1907-08 -- linked on that basis
Пржебылецкая,Анна,,1896-97,St. Petersburg,1897-05-01,St. Petersburg,report_per_row,BalletArtists roster consistently shows ['1897-06-01'] instead of the Report's 1897-05-01 -- verified against the scanned page image directly. See docs/eval/source_document_anomalies.md.,graduates_1896-97_p001__e003,linked,1897-98–1903-04,Matches this graduate's own Report-stated date (1897-05-01) against a BalletArtists person active 1897-98–1903-04 -- linked on that basis
Рѣпина,Софія,,1896-97,St. Petersburg,1897-05-01,St. Petersburg,report_per_row,BalletArtists roster consistently shows ['1897-06-01'] instead of the Report's 1897-05-01 -- verified against the scanned page image directly. See docs/eval/source_document_anomalies.md.,graduates_1896-97_p001__e004,linked,1897-98–1907-08,Matches this graduate's own Report-stated date (1897-05-01) against a BalletArtists person active 1897-98–1907-08 -- linked on that basis
Дмитріевъ,Михаилъ,,1896-97,St. Petersburg,1897-05-01,St. Petersburg,report_per_row,BalletArtists roster consistently shows ['1897-06-01'] instead of the Report's 1897-05-01 -- verified against the scanned page image directly. See docs/eval/source_document_anomalies.md.,graduates_1896-97_p001__e005,linked,1897-98,Matches this graduate's own Report-stated date (1897-05-01) against a BalletArtists person active 1897-98 -- linked on that basis
Медалинскій,Александръ,,1896-97,St. Petersburg,1897-05-01,St. Petersburg,report_per_row,BalletArtists roster consistently shows ['1897-06-01'] instead of the Report's 1897-05-01 -- verified against the scanned page image directly. See docs/eval/source_document_anomalies.md.,graduates_1896-97_p001__e006,linked,1897-98–1907-08,Matches this graduate's own Report-stated date (1897-05-01) against a BalletArtists person active 1897-98–1907-08 -- linked on that basis
Печатниковъ,Николай,,1896-97,St. Petersburg,1897-05-01,St. Petersburg,report_per_row,"BalletArtists roster consistently shows ['1897-06-01', '1897-09-01'] instead of the Report's 1897-05-01 -- verified against the scanned page image directly. See docs/eval/source_document_anomalies.md.",graduates_1896-97_p001__e007,linked,1897-98–1907-08,"Matches this graduate's own Report-stated date (1897-05-01) closely enough: 10 of this person's 11 attested BalletArtists seasons agree on service-start 1897-09-01 (continuous, unbroken 1897-98 through 1907-08); a single 1904-05 record shows 1897-06-01 instead, an isolated outlier -- same pattern as the confirmed Мосолова/Грабовская print-variance cases, not a second person. An initial automated pass split this into two candidates because the outlier's date fell outside a fixed proximity window; corrected on manual review."
Чекрыгинъ,Иванъ,,1896-97,St. Petersburg,1897-05-01,St. Petersburg,report_per_row,BalletArtists roster consistently shows ['1897-06-01'] instead of the Report's 1897-05-01 -- verified against the scanned page image directly. See docs/eval/source_document_anomalies.md.,graduates_1896-97_p001__e008,linked,1898-99–1906-07,Matches this graduate's own Report-stated date (1897-05-01) against a BalletArtists person active 1898-99–1906-07 -- linked on that basis
Иванова,Наталья,,1896-97,Moscow,1897-09-01,Moscow,report_per_row,"School corrected: the raw institution field on this page reads ""Императорское С.-Петербургское Театральное Училище"" (stale/mislabeled), but this graduate's own tenure_note_text explicitly states ""...въ Московскую балетную труппу"" -- confirmed against the scanned page directly.",graduates_1896-97_p003__e001,linked,1897-98–1902-03,Matches this graduate's own Report-stated date (1897-09-01) against a BalletArtists person active 1897-98–1902-03 -- linked on that basis
Ильина,Вѣра,,1896-97,Moscow,1897-09-01,Moscow,report_per_row,"School corrected: the raw institution field on this page reads ""Императорское С.-Петербургское Театральное Училище"" (stale/mislabeled), but this graduate's own tenure_note_text explicitly states ""...въ Московскую балетную труппу"" -- confirmed against the scanned page directly.",graduates_1896-97_p003__e002,linked,1897-98–1907-08,Matches this graduate's own Report-stated date (1897-09-01) against a BalletArtists person active 1897-98–1907-08 -- linked on that basis
Куршинская,Александра,,1896-97,Moscow,1897-09-01,Moscow,report_per_row,"School corrected: the raw institution field on this page reads ""Императорское С.-Петербургское Театральное Училище"" (stale/mislabeled), but this graduate's own tenure_note_text explicitly states ""...въ Московскую балетную труппу"" -- confirmed against the scanned page directly.",graduates_1896-97_p003__e003,linked,1897-98–1907-08,Matches this graduate's own Report-stated date (1897-09-01) against a BalletArtists person active 1897-98–1907-08 -- linked on that basis
Молчанова,Любовь,,1896-97,Moscow,1897-09-01,Moscow,report_per_row,"School corrected: the raw institution field on this page reads ""Императорское С.-Петербургское Театральное Училище"" (stale/mislabeled), but this graduate's own tenure_note_text explicitly states ""...въ Московскую балетную труппу"" -- confirmed against the scanned page directly.",graduates_1896-97_p003__e004,linked,1897-98–1907-08,Matches this graduate's own Report-stated date (1897-09-01) against a BalletArtists person active 1897-98–1907-08 -- linked on that basis
Никитина,Екатерина,,1896-97,Moscow,1897-09-01,Moscow,report_per_row,"School corrected: the raw institution field on this page reads ""Императорское С.-Петербургское Театральное Училище"" (stale/mislabeled), but this graduate's own tenure_note_text explicitly states ""...въ Московскую балетную труппу"" -- confirmed against the scanned page directly.",graduates_1896-97_p003__e005,linked,1898-99–1905-06,Matches this graduate's own Report-stated date (1897-09-01) against a BalletArtists person active 1898-99–1905-06 -- linked on that basis
Николаева,Анна,,1896-97,Moscow,1897-09-01,Moscow,report_per_row,"School corrected: the raw institution field on this page reads ""Императорское С.-Петербургское Театральное Училище"" (stale/mislabeled), but this graduate's own tenure_note_text explicitly states ""...въ Московскую балетную труппу"" -- confirmed against the scanned page directly.",graduates_1896-97_p003__e006,linked,1898-99–1905-06,Matches this graduate's own Report-stated date (1897-09-01) against a BalletArtists person active 1898-99–1905-06 -- linked on that basis
Токарева,Анна,,1896-97,Moscow,1897-09-01,Moscow,report_per_row,"School corrected: the raw institution field on this page reads ""Императорское С.-Петербургское Театральное Училище"" (stale/mislabeled), but this graduate's own tenure_note_text explicitly states ""...въ Московскую балетную труппу"" -- confirmed against the scanned page directly.",graduates_1896-97_p003__e007,linked,1897-98–1907-08,Matches this graduate's own Report-stated date (1897-09-01) against a BalletArtists person active 1897-98–1907-08 -- linked on that basis
Шишко,Евгенія,,1896-97,Moscow,1897-09-01,Moscow,report_per_row,"School corrected: the raw institution field on this page reads ""Императорское С.-Петербургское Театральное Училище"" (stale/mislabeled), but this graduate's own tenure_note_text explicitly states ""...въ Московскую балетную труппу"" -- confirmed against the scanned page directly.",graduates_1896-97_p003__e008,linked,1897-98–1901-02,Matches this graduate's own Report-stated date (1897-09-01) against a BalletArtists person active 1897-98–1901-02 -- linked on that basis
Барановъ,Константинъ,,1896-97,Moscow,1897-09-01,Moscow,report_per_row,"School corrected: the raw institution field on this page reads ""Императорское С.-Петербургское Театральное Училище"" (stale/mislabeled), but this graduate's own tenure_note_text explicitly states ""...въ Московскую балетную труппу"" -- confirmed against the scanned page directly.",graduates_1896-97_p003__e009,linked,1897-98–1907-08,Matches this graduate's own Report-stated date (1897-09-01) against a BalletArtists person active 1897-98–1907-08 -- linked on that basis
Ивановъ,Сергѣй,,1896-97,Moscow,1897-09-01,Moscow,report_per_row,"School corrected: the raw institution field on this page reads ""Императорское С.-Петербургское Театральное Училище"" (stale/mislabeled), but this graduate's own tenure_note_text explicitly states ""...въ Московскую балетную труппу"" -- confirmed against the scanned page directly.",graduates_1896-97_p003__e010,linked,1898-99–1905-06,Matches this graduate's own Report-stated date (1897-09-01) against a BalletArtists person active 1898-99–1905-06 -- linked on that basis
Шипановъ,Михаилъ,,1896-97,Moscow,1897-09-01,Moscow,report_per_row,"School corrected: the raw institution field on this page reads ""Императорское С.-Петербургское Театральное Училище"" (stale/mislabeled), but this graduate's own tenure_note_text explicitly states ""...въ Московскую балетную труппу"" -- confirmed against the scanned page directly.",graduates_1896-97_p003__e011,no_record,,"No BalletArtists record found under this name -- may not have entered Imperial service, or entered under a form this dataset does not capture."
Ѳедоровъ,Павелъ,,1896-97,Moscow,1897-09-01,Moscow,report_per_row,"School corrected: the raw institution field on this page reads ""Императорское С.-Петербургское Театральное Училище"" (stale/mislabeled), but this graduate's own tenure_note_text explicitly states ""...въ Московскую балетную труппу"" -- confirmed against the scanned page directly.",graduates_1896-97_p003__e012,linked,1897-98–1907-08,"Matches this graduate's own Report-stated date (1897-09-01) against a BalletArtists person active 1897-98–1907-08 -- linked on that basis (this person's own record documents more than one service period -- 1897-09-01, 1903-09-09 -- e.g. a departure and later re-enrollment, not a different person.)"
Галка,Ольга,,1897-98,St. Petersburg,1898-05-01,,report_per_row,BalletArtists roster consistently shows ['1898-06-01'] instead of the Report's 1898-05-01 -- text-level match to the same May-vs-June pattern confirmed on the 1896-97 cohort's page; this specific page image not independently re-viewed. See docs/eval/source_document_anomalies.md.,graduates_1897-98_p001__e001,linked,1898-99–1907-08,Matches this graduate's own Report-stated date (1898-05-01) against a BalletArtists person active 1898-99–1907-08 -- linked on that basis
Гордова,Аполлинарія,,1897-98,St. Petersburg,1898-05-01,,report_per_row,BalletArtists roster consistently shows ['1898-06-01'] instead of the Report's 1898-05-01 -- text-level match to the same May-vs-June pattern confirmed on the 1896-97 cohort's page; this specific page image not independently re-viewed. See docs/eval/source_document_anomalies.md.,graduates_1897-98_p001__e002,linked,1898-99–1907-08,Matches this graduate's own Report-stated date (1898-05-01) against a BalletArtists person active 1898-99–1907-08 -- linked on that basis
Групильонъ,Нина,,1897-98,St. Petersburg,1898-05-01,,report_per_row,BalletArtists roster consistently shows ['1898-06-01'] instead of the Report's 1898-05-01 -- text-level match to the same May-vs-June pattern confirmed on the 1896-97 cohort's page; this specific page image not independently re-viewed. See docs/eval/source_document_anomalies.md.,graduates_1897-98_p001__e003,linked,1898-99–1899-00,Matches this graduate's own Report-stated date (1898-05-01) against a BalletArtists person active 1898-99–1899-00 -- linked on that basis
Егорова,Любовь,,1897-98,St. Petersburg,1898-05-01,,report_per_row,BalletArtists roster consistently shows ['1898-06-01'] instead of the Report's 1898-05-01 -- text-level match to the same May-vs-June pattern confirmed on the 1896-97 cohort's page; this specific page image not independently re-viewed. See docs/eval/source_document_anomalies.md.,graduates_1897-98_p001__e004,linked,1898-99–1904-05,Matches this graduate's own Report-stated date (1898-05-01) against a BalletArtists person active 1898-99–1904-05 -- linked on that basis
Пороховникова,Марія,,1897-98,St. Petersburg,1898-05-01,,report_per_row,"BalletArtists roster consistently shows ['1890-06-01', '1898-06-01'] instead of the Report's 1898-05-01 -- text-level match to the same May-vs-June pattern confirmed on the 1896-97 cohort's page; this specific page image not independently re-viewed. See docs/eval/source_document_anomalies.md.",graduates_1897-98_p001__e005,linked,1898-99–1906-07,"Matches this graduate's own Report-stated date (1898-05-01) against a BalletArtists person active 1898-99–1906-07 -- linked on that basis, even though 1 other distinct same-named BalletArtists appearance-cluster(s) also exist (dates too far from this graduate's own record to be considered candidates)."
Симонова,Антонина,,1897-98,St. Petersburg,1898-05-01,,report_per_row,"BalletArtists roster consistently shows ['1894-09-01', '1898-06-01'] instead of the Report's 1898-05-01 -- text-level match to the same May-vs-June pattern confirmed on the 1896-97 cohort's page; this specific page image not independently re-viewed. See docs/eval/source_document_anomalies.md.",graduates_1897-98_p001__e006,linked,1898-99–1902-03,"Matches this graduate's own Report-stated date (1898-05-01) against a BalletArtists person active 1898-99–1902-03 -- linked on that basis, even though 1 other distinct same-named BalletArtists appearance-cluster(s) also exist (dates too far from this graduate's own record to be considered candidates)."
Степанова,Лидія,,1897-98,St. Petersburg,1898-05-01,,report_per_row,BalletArtists roster consistently shows ['1898-06-01'] instead of the Report's 1898-05-01 -- text-level match to the same May-vs-June pattern confirmed on the 1896-97 cohort's page; this specific page image not independently re-viewed. See docs/eval/source_document_anomalies.md.,graduates_1897-98_p001__e007,linked,1900-01–1907-08,Matches this graduate's own Report-stated date (1898-05-01) against a BalletArtists person active 1900-01–1907-08 -- linked on that basis
Сѣдова,Юлія,,1897-98,St. Petersburg,1898-05-01,,report_per_row,BalletArtists roster consistently shows ['1898-06-01'] instead of the Report's 1898-05-01 -- text-level match to the same May-vs-June pattern confirmed on the 1896-97 cohort's page; this specific page image not independently re-viewed. See docs/eval/source_document_anomalies.md.,graduates_1897-98_p001__e008,linked,1898-99–1907-08,Matches this graduate's own Report-stated date (1898-05-01) against a BalletArtists person active 1898-99–1907-08 -- linked on that basis
Чернецкая,Ольга,,1897-98,St. Petersburg,1898-05-01,,report_per_row,BalletArtists roster consistently shows ['1898-06-01'] instead of the Report's 1898-05-01 -- text-level match to the same May-vs-June pattern confirmed on the 1896-97 cohort's page; this specific page image not independently re-viewed. See docs/eval/source_document_anomalies.md.,graduates_1897-98_p001__e009,linked,1898-99–1907-08,Matches this graduate's own Report-stated date (1898-05-01) against a BalletArtists person active 1898-99–1907-08 -- linked on that basis
Ивановъ,Николай,,1897-98,St. Petersburg,1898-05-01,,report_per_row,"BalletArtists roster consistently shows ['1879-11-09', '1898-06-01'] instead of the Report's 1898-05-01 -- text-level match to the same May-vs-June pattern confirmed on the 1896-97 cohort's page; this specific page image not independently re-viewed. See docs/eval/source_document_anomalies.md.",graduates_1897-98_p001__e010,linked,1905-06,"Matches this graduate's own Report-stated date (1898-05-01) against a BalletArtists person active 1905-06 -- linked on that basis, even though 1 other distinct same-named BalletArtists appearance-cluster(s) also exist (dates too far from this graduate's own record to be considered candidates)."
Киселевъ,Василій,,1897-98,St. Petersburg,1898-05-01,,report_per_row,BalletArtists roster consistently shows ['1898-06-01'] instead of the Report's 1898-05-01 -- text-level match to the same May-vs-June pattern confirmed on the 1896-97 cohort's page; this specific page image not independently re-viewed. See docs/eval/source_document_anomalies.md.,graduates_1897-98_p001__e011,linked,1898-99–1907-08,Matches this graduate's own Report-stated date (1898-05-01) against a BalletArtists person active 1898-99–1907-08 -- linked on that basis
Максимовъ,Александръ,,1897-98,St. Petersburg,1898-05-01,,report_per_row,BalletArtists roster consistently shows ['1898-06-01'] instead of the Report's 1898-05-01 -- text-level match to the same May-vs-June pattern confirmed on the 1896-97 cohort's page; this specific page image not independently re-viewed. See docs/eval/source_document_anomalies.md.,graduates_1897-98_p001__e012,linked,1898-99–1899-00,Matches this graduate's own Report-stated date (1898-05-01) against a BalletArtists person active 1898-99–1899-00 -- linked on that basis
Обуховъ,Михаилъ,,1897-98,St. Petersburg,1898-05-01,,report_per_row,BalletArtists roster consistently shows ['1898-06-01'] instead of the Report's 1898-05-01 -- text-level match to the same May-vs-June pattern confirmed on the 1896-97 cohort's page; this specific page image not independently re-viewed. See docs/eval/source_document_anomalies.md.,graduates_1897-98_p001__e013,linked,1898-99–1907-08,Matches this graduate's own Report-stated date (1898-05-01) against a BalletArtists person active 1898-99–1907-08 -- linked on that basis
Огневъ,Сергѣй,,1897-98,St. Petersburg,1898-05-01,,report_per_row,BalletArtists roster consistently shows ['1898-06-01'] instead of the Report's 1898-05-01 -- text-level match to the same May-vs-June pattern confirmed on the 1896-97 cohort's page; this specific page image not independently re-viewed. See docs/eval/source_document_anomalies.md.,graduates_1897-98_p001__e014,linked,1898-99–1907-08,Matches this graduate's own Report-stated date (1898-05-01) against a BalletArtists person active 1898-99–1907-08 -- linked on that basis
Осиповъ,Сергѣй,,1897-98,St. Petersburg,1898-05-01,,report_per_row,BalletArtists roster consistently shows ['1898-06-01'] instead of the Report's 1898-05-01 -- text-level match to the same May-vs-June pattern confirmed on the 1896-97 cohort's page; this specific page image not independently re-viewed. See docs/eval/source_document_anomalies.md.,graduates_1897-98_p001__e015,linked,1898-99–1903-04,Matches this graduate's own Report-stated date (1898-05-01) against a BalletArtists person active 1898-99–1903-04 -- linked on that basis
Смирновъ,Павелъ,,1897-98,St. Petersburg,1898-05-01,,report_per_row,BalletArtists roster consistently shows ['1898-06-01'] instead of the Report's 1898-05-01 -- text-level match to the same May-vs-June pattern confirmed on the 1896-97 cohort's page; this specific page image not independently re-viewed. See docs/eval/source_document_anomalies.md.,graduates_1897-98_p001__e016,linked,1898-99–1907-08,Matches this graduate's own Report-stated date (1898-05-01) against a BalletArtists person active 1898-99–1907-08 -- linked on that basis
Ѳокинъ,Михаилъ,,1897-98,St. Petersburg,1898-05-01,,report_per_row,,graduates_1897-98_p001__e017,no_record,,"No BalletArtists record found under this name -- may not have entered Imperial service, or entered under a form this dataset does not capture."
Денисова,Вѣра,,1897-98,Moscow,1898-09-01,Moscow,report_per_row,,graduates_1897-98_p002__e001,linked,1898-99–1907-08,Matches this graduate's own Report-stated date (1898-09-01) against a BalletArtists person active 1898-99–1907-08 -- linked on that basis
Домашева,Анна,,1897-98,Moscow,1898-09-01,Moscow,report_per_row,,graduates_1897-98_p002__e002,linked,1898-99–1899-00,Matches this graduate's own Report-stated date (1898-09-01) against a BalletArtists person active 1898-99–1899-00 -- linked on that basis
Клинникова,Анастасія,,1897-98,Moscow,1898-09-01,Moscow,report_per_row,,graduates_1897-98_p002__e003,linked,1904-05–1905-06,Matches this graduate's own Report-stated date (1898-09-01) against a BalletArtists person active 1904-05–1905-06 -- linked on that basis
Лебедева,Клавдія,,1897-98,Moscow,1898-09-01,Moscow,report_per_row,,graduates_1897-98_p002__e004,linked,1898-99–1907-08,Matches this graduate's own Report-stated date (1898-09-01) against a BalletArtists person active 1898-99–1907-08 -- linked on that basis
Некрасова,Анна,,1897-98,Moscow,1898-09-01,Moscow,report_per_row,,graduates_1897-98_p002__e005,linked,1898-99–1905-06,Matches this graduate's own Report-stated date (1898-09-01) against a BalletArtists person active 1898-99–1905-06 -- linked on that basis
Парикова,Зинаида,,1897-98,Moscow,1898-09-01,Moscow,report_per_row,,graduates_1897-98_p002__e006,linked,1898-99–1907-08,Matches this graduate's own Report-stated date (1898-09-01) against a BalletArtists person active 1898-99–1907-08 -- linked on that basis
Ѳедорова,Екатерина,,1897-98,Moscow,1898-09-01,Moscow,report_per_row,,graduates_1897-98_p002__e007,linked,1898-99–1905-06,Matches this graduate's own Report-stated date (1898-09-01) against a BalletArtists person active 1898-99–1905-06 -- linked on that basis
Голубинъ,Дмитрій,,1897-98,Moscow,1898-09-01,Moscow,report_per_row,,graduates_1897-98_p002__e008,linked,1898-99–1906-07,Matches this graduate's own Report-stated date (1898-09-01) against a BalletArtists person active 1898-99–1906-07 -- linked on that basis
Дмитріевъ,Дмитрій,,1897-98,Moscow,1898-09-01,Moscow,report_per_row,,graduates_1897-98_p002__e009,linked,1898-99–1901-02,Matches this graduate's own Report-stated date (1898-09-01) against a BalletArtists person active 1898-99–1901-02 -- linked on that basis
Дьякъ,Иванъ,,1897-98,Moscow,1898-09-01,Moscow,report_per_row,,graduates_1897-98_p002__e010,linked,1898-99–1907-08,"Matches this graduate's own Report-stated date (1898-09-01) against a BalletArtists person active 1898-99–1907-08 -- linked on that basis (this person's own record documents more than one service period -- 1898-09-01, 1903-09-23 -- e.g. a departure and later re-enrollment, not a different person.)"
Кузнецовъ,Владиміръ,,1897-98,Moscow,1898-09-01,Moscow,report_per_row,,graduates_1897-98_p002__e011,linked,1898-99–1906-07,"Matches this graduate's own Report-stated date (1898-09-01) against a BalletArtists person active 1898-99–1906-07 -- linked on that basis, even though 1 other distinct same-named BalletArtists appearance-cluster(s) also exist (dates too far from this graduate's own record to be considered candidates)."
Лукьяновъ,Николай,,1897-98,Moscow,1898-09-01,Moscow,report_per_row,,graduates_1897-98_p002__e012,linked,1899-00–1907-08,"Matches this graduate's own Report-stated date (1898-09-01) against a BalletArtists person active 1899-00–1907-08 -- linked on that basis, even though 1 other distinct same-named BalletArtists appearance-cluster(s) also exist (dates too far from this graduate's own record to be considered candidates)."
Никитинъ,Анатолій,,1897-98,Moscow,1898-09-01,Moscow,report_per_row,,graduates_1897-98_p002__e013,linked,1898-99–1905-06,Matches this graduate's own Report-stated date (1898-09-01) against a BalletArtists person active 1898-99–1905-06 -- linked on that basis
Николаевъ,Борисъ,,1897-98,Moscow,1898-09-01,Moscow,report_per_row,,graduates_1897-98_p002__e014,linked,1898-99–1907-08,"Matches this graduate's own Report-stated date (1898-09-01) against a BalletArtists person active 1898-99–1907-08 -- linked on that basis (this person's own record documents more than one service period -- 1898-09-01, 1902-03-16 -- e.g. a departure and later re-enrollment, not a different person.)"
Рябцовъ,Владиміръ,,1897-98,Moscow,1898-09-01,Moscow,report_per_row,,graduates_1897-98_p002__e015,linked,1898-99–1905-06,Matches this graduate's own Report-stated date (1898-09-01) against a BalletArtists person active 1898-99–1905-06 -- linked on that basis
Андріанова,Лариса,,1898-99,St. Petersburg,1899-06-01,St. Petersburg,report_hand_verified,"Own row states no date, but the closing assignment paragraph on the same printed page states: ""съ 1-го іюня 1899 года въ С.-Петербургскую балетную труппу."" Missed by the original extraction (same failure mode as the other report_hand_verified cohorts); read directly off the scanned page.",graduates_1898-99_p000__e001,linked,1900-01–1901-02,Matches this graduate's own Report-stated date (1899-06-01) against a BalletArtists person active 1900-01–1901-02 -- linked on that basis
Берестовская,Ольга,,1898-99,St. Petersburg,1899-06-01,St. Petersburg,report_hand_verified,"Own row states no date, but the closing assignment paragraph on the same printed page states: ""съ 1-го іюня 1899 года въ С.-Петербургскую балетную труппу."" Missed by the original extraction (same failure mode as the other report_hand_verified cohorts); read directly off the scanned page.",graduates_1898-99_p000__e002,linked,1899-00–1902-03,Matches this graduate's own Report-stated date (1899-06-01) against a BalletArtists person active 1899-00–1902-03 -- linked on that basis
Бурмистрова,Екатерина,,1898-99,St. Petersburg,1899-06-01,St. Petersburg,report_hand_verified,"Own row states no date, but the closing assignment paragraph on the same printed page states: ""съ 1-го іюня 1899 года въ С.-Петербургскую балетную труппу."" Missed by the original extraction (same failure mode as the other report_hand_verified cohorts); read directly off the scanned page.",graduates_1898-99_p000__e003,linked,1899-00–1907-08,Matches this graduate's own Report-stated date (1899-06-01) against a BalletArtists person active 1899-00–1907-08 -- linked on that basis
Бѣлинская,Станислава,,1898-99,St. Petersburg,1899-06-01,St. Petersburg,report_hand_verified,"Own row states no date, but the closing assignment paragraph on the same printed page states: ""съ 1-го іюня 1899 года въ С.-Петербургскую балетную труппу."" Missed by the original extraction (same failure mode as the other report_hand_verified cohorts); read directly off the scanned page.",graduates_1898-99_p000__e004,linked,1899-00–1904-05,Matches this graduate's own Report-stated date (1899-06-01) against a BalletArtists person active 1899-00–1904-05 -- linked on that basis
Локтіонова,Татьяна,,1898-99,St. Petersburg,1899-06-01,St. Petersburg,report_hand_verified,"Own row states no date, but the closing assignment paragraph on the same printed page states: ""съ 1-го іюня 1899 года въ С.-Петербургскую балетную труппу."" Missed by the original extraction (same failure mode as the other report_hand_verified cohorts); read directly off the scanned page.",graduates_1898-99_p000__e005,linked,1899-00–1903-04,Matches this graduate's own Report-stated date (1899-06-01) against a BalletArtists person active 1899-00–1903-04 -- linked on that basis
Макарова,Елена,,1898-99,St. Petersburg,1899-06-01,St. Petersburg,report_hand_verified,"Own row states no date, but the closing assignment paragraph on the same printed page states: ""съ 1-го іюня 1899 года въ С.-Петербургскую балетную труппу."" Missed by the original extraction (same failure mode as the other report_hand_verified cohorts); read directly off the scanned page.",graduates_1898-99_p000__e006,linked,1899-00–1906-07,Matches this graduate's own Report-stated date (1899-06-01) against a BalletArtists person active 1899-00–1906-07 -- linked on that basis
Павлова,Анна,,1898-99,St. Petersburg,1899-06-01,St. Petersburg,report_hand_verified,"Own row states no date, but the closing assignment paragraph on the same printed page states: ""съ 1-го іюня 1899 года въ С.-Петербургскую балетную труппу."" Missed by the original extraction (same failure mode as the other report_hand_verified cohorts); read directly off the scanned page.",graduates_1898-99_p000__e007,linked,1900-01–1906-07,"Matches this graduate's own Report-stated date (1899-06-01) against a BalletArtists person active 1900-01–1906-07 -- linked on that basis, even though 1 other distinct same-named BalletArtists appearance-cluster(s) also exist (dates too far from this graduate's own record to be considered candidates)."
Петипа,Любовь,,1898-99,St. Petersburg,1899-06-01,St. Petersburg,report_hand_verified,"Own row states no date, but the closing assignment paragraph on the same printed page states: ""съ 1-го іюня 1899 года въ С.-Петербургскую балетную труппу."" Missed by the original extraction (same failure mode as the other report_hand_verified cohorts); read directly off the scanned page.",graduates_1898-99_p000__e008,linked,1900-01,Matches this graduate's own Report-stated date (1899-06-01) against a BalletArtists person active 1900-01 -- linked on that basis
Петропавловская,Людмила,,1898-99,St. Petersburg,1899-06-01,St. Petersburg,report_hand_verified,"Own row states no date, but the closing assignment paragraph on the same printed page states: ""съ 1-го іюня 1899 года въ С.-Петербургскую балетную труппу."" Missed by the original extraction (same failure mode as the other report_hand_verified cohorts); read directly off the scanned page.",graduates_1898-99_p000__e009,no_record,,"No BalletArtists record found under this name -- may not have entered Imperial service, or entered under a form this dataset does not capture."
Барышистовъ,Александръ,,1898-99,St. Petersburg,1899-06-01,St. Petersburg,report_hand_verified,"Own row states no date, but the closing assignment paragraph on the same printed page states: ""съ 1-го іюня 1899 года въ С.-Петербургскую балетную труппу."" Missed by the original extraction (same failure mode as the other report_hand_verified cohorts); read directly off the scanned page.",graduates_1898-99_p000__e010,linked,1899-00–1903-04,"Matches this graduate's own Report-stated date (1899-06-01) against a BalletArtists person active 1899-00–1903-04 -- linked on that basis, even though 1 other distinct same-named BalletArtists appearance-cluster(s) also exist (dates too far from this graduate's own record to be considered candidates)."
Ивановъ,Иванъ,,1898-99,St. Petersburg,1899-06-01,St. Petersburg,report_hand_verified,"Own row states no date, but the closing assignment paragraph on the same printed page states: ""съ 1-го іюня 1899 года въ С.-Петербургскую балетную труппу."" Missed by the original extraction (same failure mode as the other report_hand_verified cohorts); read directly off the scanned page.",graduates_1898-99_p000__e011,linked,1903-04,"Matches this graduate's own Report-stated date (1899-06-01) against a BalletArtists person active 1903-04 -- linked on that basis, even though 2 other distinct same-named BalletArtists appearance-cluster(s) also exist (dates too far from this graduate's own record to be considered candidates)."
Ивановъ,Константинъ,,1898-99,St. Petersburg,1899-06-01,St. Petersburg,report_hand_verified,"Own row states no date, but the closing assignment paragraph on the same printed page states: ""съ 1-го іюня 1899 года въ С.-Петербургскую балетную труппу."" Missed by the original extraction (same failure mode as the other report_hand_verified cohorts); read directly off the scanned page.",graduates_1898-99_p000__e012,linked,1903-04,"Matches this graduate's own Report-stated date (1899-06-01) against a BalletArtists person active 1903-04 -- linked on that basis, even though 1 other distinct same-named BalletArtists appearance-cluster(s) also exist (dates too far from this graduate's own record to be considered candidates)."
Стуколкинъ,Василій,,1898-99,St. Petersburg,1899-06-01,St. Petersburg,report_hand_verified,"Own row states no date, but the closing assignment paragraph on the same printed page states: ""съ 1-го іюня 1899 года въ С.-Петербургскую балетную труппу."" Missed by the original extraction (same failure mode as the other report_hand_verified cohorts); read directly off the scanned page.",graduates_1898-99_p000__e013,linked,1899-00–1907-08,Matches this graduate's own Report-stated date (1899-06-01) against a BalletArtists person active 1899-00–1907-08 -- linked on that basis
Улановъ,Сергѣй,,1898-99,St. Petersburg,1899-06-01,St. Petersburg,report_hand_verified,"Own row states no date, but the closing assignment paragraph on the same printed page states: ""съ 1-го іюня 1899 года въ С.-Петербургскую балетную труппу."" Missed by the original extraction (same failure mode as the other report_hand_verified cohorts); read directly off the scanned page.",graduates_1898-99_p000__e014,linked,1899-00–1907-08,Matches this graduate's own Report-stated date (1899-06-01) against a BalletArtists person active 1899-00–1907-08 -- linked on that basis
Бурина,Клавдія,,1898-99,Moscow,1899-09-01,Moscow,report_hand_verified,"School corrected: the raw institution field on this page reads ""Императорское С.-Петербургское Театральное Училище"" (stale/mislabeled), but this graduate's own tenure_note_text explicitly states ""...въ Московскую балетную труппу"" -- confirmed against the scanned page directly.",graduates_1898-99_p002__e001,linked,1899-00–1901-02,Matches this graduate's own Report-stated date (1899-09-01) against a BalletArtists person active 1899-00–1901-02 -- linked on that basis
Голубина,Марія,,1898-99,Moscow,1899-09-01,Moscow,report_hand_verified,"School corrected: the raw institution field on this page reads ""Императорское С.-Петербургское Театральное Училище"" (stale/mislabeled), but this graduate's own tenure_note_text explicitly states ""...въ Московскую балетную труппу"" -- confirmed against the scanned page directly.",graduates_1898-99_p002__e002,linked,1899-00–1906-07,"Matches this graduate's own Report-stated date (1899-09-01) against a BalletArtists person active 1899-00–1906-07 -- linked on that basis, even though 2 other distinct same-named BalletArtists appearance-cluster(s) also exist (dates too far from this graduate's own record to be considered candidates)."
Токарева,Фелисата,,1898-99,Moscow,1899-09-01,Moscow,report_hand_verified,"School corrected: the raw institution field on this page reads ""Императорское С.-Петербургское Театральное Училище"" (stale/mislabeled), but this graduate's own tenure_note_text explicitly states ""...въ Московскую балетную труппу"" -- confirmed against the scanned page directly.",graduates_1898-99_p002__e003,linked,1900-01–1904-05,Matches this graduate's own Report-stated date (1899-09-01) against a BalletArtists person active 1900-01–1904-05 -- linked on that basis
Хоцевичъ,Елена,,1898-99,Moscow,1899-09-01,Moscow,report_hand_verified,"School corrected: the raw institution field on this page reads ""Императорское С.-Петербургское Театральное Училище"" (stale/mislabeled), but this graduate's own tenure_note_text explicitly states ""...въ Московскую балетную труппу"" -- confirmed against the scanned page directly.",graduates_1898-99_p002__e004,linked,1899-00–1907-08,Matches this graduate's own Report-stated date (1899-09-01) against a BalletArtists person active 1899-00–1907-08 -- linked on that basis
Чичелева,Елизавета,,1898-99,Moscow,1899-09-01,Moscow,report_hand_verified,"School corrected: the raw institution field on this page reads ""Императорское С.-Петербургское Театральное Училище"" (stale/mislabeled), but this graduate's own tenure_note_text explicitly states ""...въ Московскую балетную труппу"" -- confirmed against the scanned page directly.",graduates_1898-99_p002__e005,linked,1899-00–1907-08,Matches this graduate's own Report-stated date (1899-09-01) against a BalletArtists person active 1899-00–1907-08 -- linked on that basis
Ѳедорова,Софья,,1898-99,Moscow,1899-09-01,Moscow,report_hand_verified,"School corrected: the raw institution field on this page reads ""Императорское С.-Петербургское Театральное Училище"" (stale/mislabeled), but this graduate's own tenure_note_text explicitly states ""...въ Московскую балетную труппу"" -- confirmed against the scanned page directly.",graduates_1898-99_p002__e006,no_record,,"No BalletArtists record found under this name -- may not have entered Imperial service, or entered under a form this dataset does not capture."
Костровской,Михаилъ,,1898-99,Moscow,1899-09-01,Moscow,report_hand_verified,"School corrected: the raw institution field on this page reads ""Императорское С.-Петербургское Театральное Училище"" (stale/mislabeled), but this graduate's own tenure_note_text explicitly states ""...въ Московскую балетную труппу"" -- confirmed against the scanned page directly.",graduates_1898-99_p002__e007,no_record,,"No BalletArtists record found under this name -- may not have entered Imperial service, or entered under a form this dataset does not capture."
Морозовъ,Сергѣй,,1898-99,Moscow,1899-09-01,Moscow,report_hand_verified,"School corrected: the raw institution field on this page reads ""Императорское С.-Петербургское Театральное Училище"" (stale/mislabeled), but this graduate's own tenure_note_text explicitly states ""...въ Московскую балетную труппу"" -- confirmed against the scanned page directly.",graduates_1898-99_p002__e008,linked,1899-00–1904-05,Matches this graduate's own Report-stated date (1899-09-01) against a BalletArtists person active 1899-00–1904-05 -- linked on that basis
Семеновъ,Николай,,1898-99,Moscow,1899-09-01,Moscow,report_hand_verified,"School corrected: the raw institution field on this page reads ""Императорское С.-Петербургское Театральное Училище"" (stale/mislabeled), but this graduate's own tenure_note_text explicitly states ""...въ Московскую балетную труппу"" -- confirmed against the scanned page directly.",graduates_1898-99_p002__e009,linked,1899-00–1907-08,Matches this graduate's own Report-stated date (1899-09-01) against a BalletArtists person active 1899-00–1907-08 -- linked on that basis
Тарасовъ,Иванъ,,1898-99,Moscow,1899-09-01,Moscow,report_hand_verified,"School corrected: the raw institution field on this page reads ""Императорское С.-Петербургское Театральное Училище"" (stale/mislabeled), but this graduate's own tenure_note_text explicitly states ""...въ Московскую балетную труппу"" -- confirmed against the scanned page directly.",graduates_1898-99_p002__e010,linked,1899-00–1907-08,Matches this graduate's own Report-stated date (1899-09-01) against a BalletArtists person active 1899-00–1907-08 -- linked on that basis
Сигуля,Александръ,,1898-99,Moscow,1899-09-01,Moscow,report_hand_verified,"School corrected: the raw institution field on this page reads ""Императорское С.-Петербургское Театральное Училище"" (stale/mislabeled), but this graduate's own tenure_note_text explicitly states ""...въ Московскую балетную труппу"" -- confirmed against the scanned page directly.",graduates_1898-99_p002__e011,linked,1899-00–1907-08,"Matches this graduate's own Report-stated date (1899-09-01) against a BalletArtists person active 1899-00–1907-08 -- linked on that basis, even though 1 other distinct same-named BalletArtists appearance-cluster(s) also exist (dates too far from this graduate's own record to be considered candidates)."
Тихоміровъ,Алексѣй,,1898-99,Moscow,1899-09-01,Moscow,report_hand_verified,"School corrected: the raw institution field on this page reads ""Императорское С.-Петербургское Театральное Училище"" (stale/mislabeled), but this graduate's own tenure_note_text explicitly states ""...въ Московскую балетную труппу"" -- confirmed against the scanned page directly.",graduates_1898-99_p002__e012,linked,1899-00–1907-08,"Matches this graduate's own Report-stated date (1899-09-01) against a BalletArtists person active 1899-00–1907-08 -- linked on that basis (this person's own record documents more than one service period -- 1899-09-01, 1904-01-15 -- e.g. a departure and later re-enrollment, not a different person.)"
Вилль,Елизавета,,1899-00,St. Petersburg,1900-06-01,St. Petersburg,report_per_row,,graduates_1899-00_p000__e001,no_record,,"No BalletArtists record found under this name -- may not have entered Imperial service, or entered under a form this dataset does not capture."
Георгіевская,Зинаида,,1899-00,St. Petersburg,1900-06-01,St. Petersburg,report_per_row,,graduates_1899-00_p000__e002,linked,1900-01–1907-08,Matches this graduate's own Report-stated date (1900-06-01) against a BalletArtists person active 1900-01–1907-08 -- linked on that basis
Нестеровская,Лидія,,1899-00,St. Petersburg,1900-06-01,St. Petersburg,report_per_row,,graduates_1899-00_p000__e003,linked,1900-01–1906-07,Matches this graduate's own Report-stated date (1900-06-01) against a BalletArtists person active 1900-01–1906-07 -- linked on that basis
Григорьевъ,Сергѣй,,1899-00,St. Petersburg,1900-06-01,St. Petersburg,report_per_row,,graduates_1899-00_p000__e004,linked,1900-01–1907-08,Matches this graduate's own Report-stated date (1900-06-01) against a BalletArtists person active 1900-01–1907-08 -- linked on that basis
Петровъ,Павелъ,,1899-00,St. Petersburg,1900-06-01,St. Petersburg,report_per_row,,graduates_1899-00_p000__e005,linked,1900-01–1907-08,Matches this graduate's own Report-stated date (1900-06-01) against a BalletArtists person active 1900-01–1907-08 -- linked on that basis
Прохорова,Александра,,1899-00,St. Petersburg,1900-06-01,St. Petersburg,report_per_row,,graduates_1899-00_p000__e006,linked,1900-01–1907-08,Matches this graduate's own Report-stated date (1900-06-01) against a BalletArtists person active 1900-01–1907-08 -- linked on that basis
Снѣткова,Евгенія,,1899-00,St. Petersburg,1900-06-01,St. Petersburg,report_per_row,,graduates_1899-00_p000__e007,linked,1900-01–1907-08,Matches this graduate's own Report-stated date (1900-06-01) against a BalletArtists person active 1900-01–1907-08 -- linked on that basis
Спрышинская,Целина,,1899-00,St. Petersburg,1900-06-01,St. Petersburg,report_per_row,,graduates_1899-00_p000__e008,linked,1900-01–1902-03,Matches this graduate's own Report-stated date (1900-06-01) against a BalletArtists person active 1900-01–1902-03 -- linked on that basis
Дольстъ,Владиміръ,,1899-00,St. Petersburg,1900-06-01,St. Petersburg,report_per_row,,graduates_1899-00_p000__e009,no_record,,"No BalletArtists record found under this name -- may not have entered Imperial service, or entered under a form this dataset does not capture."
Адамовичъ,Екатерина,,1899-00,Moscow,,,not_stated_in_report,Not stated in the Theater School Report. For reference only (not used): BalletArtists roster shows service starting 1900-09-01.,graduates_1899-00_p001__e001,linked,1900-01–1907-08,"No Report-stated date for this graduate, but exactly one same-named person is on record in BalletArtists (service-start 1900-09-01, active 1900-01–1907-08), plausibly close to this graduate's 1899-00 graduation -- linked at moderate confidence."
Гостемилова,Александра,,1899-00,Moscow,,,not_stated_in_report,Not stated in the Theater School Report. For reference only (not used): BalletArtists roster shows service starting 1900-09-01.,graduates_1899-00_p001__e002,linked,1900-01–1907-08,"No Report-stated date for this graduate, but exactly one same-named person is on record in BalletArtists (service-start 1900-09-01, active 1900-01–1907-08), plausibly close to this graduate's 1899-00 graduation -- linked at moderate confidence."
Грекова,Евгенія,,1899-00,Moscow,,,not_stated_in_report,Not stated in the Theater School Report. For reference only (not used): BalletArtists roster shows service starting 1900-09-01.,graduates_1899-00_p001__e003,linked,1900-01–1902-03,"No Report-stated date for this graduate, but exactly one same-named person is on record in BalletArtists (service-start 1900-09-01, active 1900-01–1902-03), plausibly close to this graduate's 1899-00 graduation -- linked at moderate confidence."
Егорова,Ольга,,1899-00,Moscow,,,not_stated_in_report,Not stated in the Theater School Report. For reference only (not used): BalletArtists roster shows service starting 1900-09-01.,graduates_1899-00_p001__e004,linked,1900-01–1907-08,"No Report-stated date for this graduate, but exactly one same-named person is on record in BalletArtists (service-start 1900-09-01, active 1900-01–1907-08), plausibly close to this graduate's 1899-00 graduation -- linked at moderate confidence."
Иванова,Надежда,,1899-00,Moscow,,,not_stated_in_report,Not stated in the Theater School Report. For reference only (not used): BalletArtists roster shows service starting 1900-09-01.,graduates_1899-00_p001__e005,linked,1900-01–1902-03,"No Report-stated date for this graduate, but exactly one same-named person is on record in BalletArtists (service-start 1900-09-01, active 1900-01–1902-03), plausibly close to this graduate's 1899-00 graduation -- linked at moderate confidence."
Крутицкая,Надежда,,1899-00,Moscow,,,not_stated_in_report,Not stated in the Theater School Report. For reference only (not used): BalletArtists roster shows service starting 1900-09-01.,graduates_1899-00_p001__e006,linked,1900-01–1907-08,"No Report-stated date for this graduate, but exactly one same-named person is on record in BalletArtists (service-start 1900-09-01, active 1900-01–1907-08), plausibly close to this graduate's 1899-00 graduation -- linked at moderate confidence."
Крочевская,Владислава,,1899-00,Moscow,,,not_stated_in_report,Not stated in the Theater School Report. For reference only (not used): BalletArtists roster shows service starting 1900-09-01.,graduates_1899-00_p001__e007,linked,1902-03–1907-08,"No Report-stated date for this graduate, but exactly one same-named person is on record in BalletArtists (service-start 1900-09-01, active 1902-03–1907-08), plausibly close to this graduate's 1899-00 graduation -- linked at moderate confidence."
Новикова,Екатерина,,1899-00,Moscow,,,not_stated_in_report,Not stated in the Theater School Report. For reference only (not used): BalletArtists roster shows service starting 1900-09-01.,graduates_1899-00_p001__e008,linked,1900-01–1907-08,"Two same-named people are on record in BalletArtists: one patronymic ""Александровна"" starting 1892-09-01 -- 8 years before this graduate's own 1899-00 graduation, chronologically impossible for her -- and one patronymic ""Дмитріевна"" starting 1900-09-01, matching this graduate's graduation year. Only the second is possible; linked to her on that basis."
Поржицкая,Бронислава,,1899-00,Moscow,,,not_stated_in_report,Not stated in the Theater School Report. For reference only (not used): BalletArtists roster shows service starting 1900-09-01.,graduates_1899-00_p001__e009,linked,1900-01–1905-06,"No Report-stated date for this graduate, but exactly one same-named person is on record in BalletArtists (service-start 1900-09-01, active 1900-01–1905-06), plausibly close to this graduate's 1899-00 graduation -- linked at moderate confidence."
Сидорова,Наталья,,1899-00,Moscow,,,not_stated_in_report,Not stated in the Theater School Report. For reference only (not used): BalletArtists roster shows service starting 1900-09-01.,graduates_1899-00_p001__e010,linked,1900-01–1907-08,"No Report-stated date for this graduate, but exactly one same-named person is on record in BalletArtists (service-start 1900-09-01, active 1900-01–1907-08), plausibly close to this graduate's 1899-00 graduation -- linked at moderate confidence."
Тарасенко,Валентина,,1899-00,Moscow,,,not_stated_in_report,Not stated in the Theater School Report. For reference only (not used): BalletArtists roster shows service starting 1900-09-01.,graduates_1899-00_p001__e011,linked,1900-01–1907-08,"No Report-stated date for this graduate, but exactly one same-named person is on record in BalletArtists (service-start 1900-09-01, active 1900-01–1907-08), plausibly close to this graduate's 1899-00 graduation -- linked at moderate confidence."
Турчанинова,Марія,,1899-00,Moscow,,,not_stated_in_report,Not stated in the Theater School Report. For reference only (not used): BalletArtists roster shows service starting 1900-09-01.,graduates_1899-00_p001__e012,linked,1900-01–1902-03,"No Report-stated date for this graduate, but exactly one same-named person is on record in BalletArtists (service-start 1900-09-01, active 1900-01–1902-03), plausibly close to this graduate's 1899-00 graduation -- linked at moderate confidence."
Чумакова,Александра,,1899-00,Moscow,,,not_stated_in_report,"Not stated in the Theater School Report, and no BalletArtists record found -- may not have entered Imperial service.",graduates_1899-00_p001__e013,no_record,,"No BalletArtists record found under this name -- may not have entered Imperial service, or entered under a form this dataset does not capture."
Ѳедорова,Ольга,,1899-00,Moscow,,,not_stated_in_report,Not stated in the Theater School Report. For reference only (not used): BalletArtists roster shows service starting 1900-09-01.,graduates_1899-00_p001__e014,linked,1900-01–1905-06,"Multiple same-named people are on record in BalletArtists: one patronymic ""Николаевна"" starting 1876-08-12 -- 23 years before this graduate's 1899-00 graduation, chronologically impossible -- and one patronymic ""Васильевна"" starting 1900-09-01, matching this graduate's graduation year. Only the second is possible; linked to her on that basis."
Блохинъ,Иванъ,,1899-00,Moscow,,,not_stated_in_report,Not stated in the Theater School Report. For reference only (not used): BalletArtists roster shows service starting 1900-09-01.,graduates_1899-00_p001__e015,linked,1900-01–1907-08,"No Report-stated date for this graduate, but exactly one same-named person is on record in BalletArtists (service-start 1900-09-01, active 1900-01–1907-08), plausibly close to this graduate's 1899-00 graduation -- linked at moderate confidence."
Козловъ,Ѳедоръ,,1899-00,Moscow,,,not_stated_in_report,"Not stated in the Theater School Report. For reference only (not used): BalletArtists shows multiple plausible dates ['1900-09-01', '1901-09-01'], ambiguous.",graduates_1899-00_p001__e016,ambiguous,,"2 distinct people appear to share this exact name in BalletArtists, and this graduate has no Report-stated date to disambiguate against -- not linked."
Михайловскій,Александръ,,1899-00,Moscow,,,not_stated_in_report,Not stated in the Theater School Report. For reference only (not used): BalletArtists roster shows service starting 1900-09-01.,graduates_1899-00_p001__e017,linked,1900-01–1907-08,"No Report-stated date for this graduate, but exactly one same-named person is on record in BalletArtists (service-start 1900-09-01, active 1900-01–1907-08), plausibly close to this graduate's 1899-00 graduation -- linked at moderate confidence."
Мордкинъ,Михаилъ,,1899-00,Moscow,,,not_stated_in_report,Not stated in the Theater School Report. For reference only (not used): BalletArtists roster shows service starting 1900-09-01.,graduates_1899-00_p001__e018,linked,1900-01–1907-08,"No Report-stated date for this graduate, but exactly one same-named person is on record in BalletArtists (service-start 1900-09-01, active 1900-01–1907-08), plausibly close to this graduate's 1899-00 graduation -- linked at moderate confidence."
Остроградскій,Ѳедоръ,,1899-00,Moscow,,,not_stated_in_report,Not stated in the Theater School Report. For reference only (not used): BalletArtists roster shows service starting 1900-09-01.,graduates_1899-00_p001__e019,linked,1900-01–1907-08,"No Report-stated date for this graduate, but exactly one same-named person is on record in BalletArtists (service-start 1900-09-01, active 1900-01–1907-08), plausibly close to this graduate's 1899-00 graduation -- linked at moderate confidence."
Ѳеоктистовъ,Сергій,,1899-00,Moscow,,,not_stated_in_report,"Not stated in the Theater School Report, and no BalletArtists record found -- may not have entered Imperial service.",graduates_1899-00_p001__e020,no_record,,"No BalletArtists record found under this name -- may not have entered Imperial service, or entered under a form this dataset does not capture."
Алексне,Наталія,,1900-01,St. Petersburg,1901-06-01,,report_per_row,,graduates_1900-01_p000__e001,linked,1901-02–1906-07,Matches this graduate's own Report-stated date (1901-06-01) against a BalletArtists person active 1901-02–1906-07 -- linked on that basis
Карлсонъ,Евгенія,,1900-01,St. Petersburg,1901-06-01,,report_per_row,,graduates_1900-01_p000__e002,linked,1901-02–1907-08,Matches this graduate's own Report-stated date (1901-06-01) against a BalletArtists person active 1901-02–1907-08 -- linked on that basis
Эдуардова,Евгенія,,1900-01,St. Petersburg,1901-06-01,,report_per_row,,graduates_1900-01_p000__e003,linked,1902-03–1907-08,Matches this graduate's own Report-stated date (1901-06-01) against a BalletArtists person active 1902-03–1907-08 -- linked on that basis
Берестовскій,Михаилъ,,1900-01,St. Petersburg,1901-06-01,,report_per_row,,graduates_1900-01_p000__e004,linked,1901-02–1907-08,Matches this graduate's own Report-stated date (1901-06-01) against a BalletArtists person active 1901-02–1907-08 -- linked on that basis
Гольде,Юліусъ,,1900-01,St. Petersburg,1901-06-01,,report_per_row,,graduates_1900-01_p000__e005,no_record,,"No BalletArtists record found under this name -- may not have entered Imperial service, or entered under a form this dataset does not capture."
Михайловъ,Петръ,,1900-01,St. Petersburg,1901-06-01,,report_per_row,,graduates_1900-01_p000__e006,linked,1901-02–1907-08,Matches this graduate's own Report-stated date (1901-06-01) against a BalletArtists person active 1901-02–1907-08 -- linked on that basis
Пономаревъ,Сергѣй,,1900-01,St. Petersburg,1901-06-01,,report_per_row,,graduates_1900-01_p000__e007,linked,1901-02–1907-08,"Matches this graduate's own Report-stated date (1901-06-01) against a BalletArtists person active 1901-02–1907-08 -- linked on that basis, even though 1 other distinct same-named BalletArtists appearance-cluster(s) also exist (dates too far from this graduate's own record to be considered candidates)."
Прѣсняковъ,Евгеній,,1900-01,St. Petersburg,1901-06-01,,report_per_row,,graduates_1900-01_p000__e008,linked,1901-02–1907-08,Matches this graduate's own Report-stated date (1901-06-01) against a BalletArtists person active 1901-02–1907-08 -- linked on that basis
Бурина,Марія,,1900-01,Moscow,,,not_stated_in_report,"Not stated in the Theater School Report, and no BalletArtists record found -- may not have entered Imperial service.",graduates_1900-01_p001__e001,no_record,,"No BalletArtists record found under this name -- may not have entered Imperial service, or entered under a form this dataset does not capture."
Грекова,Елена,,1900-01,Moscow,,,not_stated_in_report,"Not stated in the Theater School Report, and no BalletArtists record found -- may not have entered Imperial service.",graduates_1900-01_p001__e002,no_record,,"No BalletArtists record found under this name -- may not have entered Imperial service, or entered under a form this dataset does not capture."
Грабовская,Ольга,,1900-01,Moscow,,,not_stated_in_report,"Not stated in the Theater School Report. For reference only (not used): BalletArtists shows multiple plausible dates ['1901-09-01', '1901-10-01'], ambiguous.",graduates_1900-01_p001__e003,linked,1902-03–1907-08,"No Report-stated date for this graduate, but exactly one same-named person is on record in BalletArtists (service-start 1901-09-01, active 1902-03–1907-08), plausibly close to this graduate's 1900-01 graduation -- linked at moderate confidence."
Дмитріева,Надежда,,1900-01,Moscow,,,not_stated_in_report,Not stated in the Theater School Report. For reference only (not used): BalletArtists roster shows service starting 1901-09-01.,graduates_1900-01_p001__e004,linked,1902-03–1907-08,"No Report-stated date for this graduate, but exactly one same-named person is on record in BalletArtists (service-start 1901-09-01, active 1902-03–1907-08), plausibly close to this graduate's 1900-01 graduation -- linked at moderate confidence."
Домашева,Евдокія,,1900-01,Moscow,,,not_stated_in_report,Not stated in the Theater School Report. For reference only (not used): BalletArtists roster shows service starting 1901-09-01.,graduates_1900-01_p001__e005,linked,1902-03–1907-08,"No Report-stated date for this graduate, but exactly one same-named person is on record in BalletArtists (service-start 1901-09-01, active 1902-03–1907-08), plausibly close to this graduate's 1900-01 graduation -- linked at moderate confidence."
Дьяченко-Краткая,Елизавета,,1900-01,Moscow,,,not_stated_in_report,Not stated in the Theater School Report. For reference only (not used): BalletArtists roster shows service starting 1901-09-01.,graduates_1900-01_p001__e006,linked,1902-03–1907-08,"No Report-stated date for this graduate, but exactly one same-named person is on record in BalletArtists (service-start 1901-09-01, active 1902-03–1907-08), plausibly close to this graduate's 1900-01 graduation -- linked at moderate confidence."
Жвирблисъ,Марія,,1900-01,Moscow,,,not_stated_in_report,Not stated in the Theater School Report. For reference only (not used): BalletArtists roster shows service starting 1901-09-01.,graduates_1900-01_p001__e007,linked,1901-02,"No Report-stated date for this graduate, but exactly one same-named person is on record in BalletArtists (service-start 1901-09-01, active 1901-02), plausibly close to this graduate's 1900-01 graduation -- linked at moderate confidence."
Ленская,Лидія,,1900-01,Moscow,,,not_stated_in_report,Not stated in the Theater School Report. For reference only (not used): BalletArtists roster shows service starting 1901-09-01.,graduates_1900-01_p001__e008,linked,1902-03,"No Report-stated date for this graduate, but exactly one same-named person is on record in BalletArtists (service-start 1901-09-01, active 1902-03), plausibly close to this graduate's 1900-01 graduation -- linked at moderate confidence."
Николаева,Зинаида,,1900-01,Moscow,,,not_stated_in_report,Not stated in the Theater School Report. For reference only (not used): BalletArtists roster shows service starting 1901-09-01.,graduates_1900-01_p001__e009,linked,1902-03–1905-06,"No Report-stated date for this graduate, but exactly one same-named person is on record in BalletArtists (service-start 1901-09-01, active 1902-03–1905-06), plausibly close to this graduate's 1900-01 graduation -- linked at moderate confidence."
Павлова,Евгенія,,1900-01,Moscow,,,not_stated_in_report,Not stated in the Theater School Report. For reference only (not used): BalletArtists roster shows service starting 1901-09-01.,graduates_1900-01_p001__e010,linked,1902-03–1906-07,"No Report-stated date for this graduate, but exactly one same-named person is on record in BalletArtists (service-start 1901-09-01, active 1902-03–1906-07), plausibly close to this graduate's 1900-01 graduation -- linked at moderate confidence."
Соколова,Татьяна,,1900-01,Moscow,,,not_stated_in_report,Not stated in the Theater School Report. For reference only (not used): BalletArtists roster shows service starting 1901-09-01.,graduates_1900-01_p001__e011,linked,1902-03–1907-08,"No Report-stated date for this graduate, but exactly one same-named person is on record in BalletArtists (service-start 1901-09-01, active 1902-03–1907-08), plausibly close to this graduate's 1900-01 graduation -- linked at moderate confidence."
Шаломытова,Антонина,,1900-01,Moscow,,,not_stated_in_report,Not stated in the Theater School Report. For reference only (not used): BalletArtists roster shows service starting 1901-09-01.,graduates_1900-01_p001__e012,linked,1902-03–1907-08,"No Report-stated date for this graduate, but exactly one same-named person is on record in BalletArtists (service-start 1901-09-01, active 1902-03–1907-08), plausibly close to this graduate's 1900-01 graduation -- linked at moderate confidence."
Ѳеоктистова,Лидія,,1900-01,Moscow,,,not_stated_in_report,Not stated in the Theater School Report. For reference only (not used): BalletArtists roster shows service starting 1901-09-01.,graduates_1900-01_p001__e013,linked,1905-06–1906-07,"No Report-stated date for this graduate, but exactly one same-named person is on record in BalletArtists (service-start 1901-09-01, active 1905-06–1906-07), plausibly close to this graduate's 1900-01 graduation -- linked at moderate confidence."
Волининъ,Александръ,,1900-01,Moscow,,,not_stated_in_report,Not stated in the Theater School Report. For reference only (not used): BalletArtists roster shows service starting 1901-09-01.,graduates_1900-01_p001__e014,linked,1904-05–1907-08,"No Report-stated date for this graduate, but exactly one same-named person is on record in BalletArtists (service-start 1901-09-01, active 1904-05–1907-08), plausibly close to this graduate's 1900-01 graduation -- linked at moderate confidence."
Коноваловъ,Владиміръ,,1900-01,Moscow,,,not_stated_in_report,Not stated in the Theater School Report. For reference only (not used): BalletArtists roster shows service starting 1901-09-01.,graduates_1900-01_p001__e015,linked,1902-03–1906-07,"No Report-stated date for this graduate, but exactly one same-named person is on record in BalletArtists (service-start 1901-09-01, active 1902-03–1906-07), plausibly close to this graduate's 1900-01 graduation -- linked at moderate confidence."
Карцевъ,Александръ,,1900-01,Moscow,,,not_stated_in_report,Not stated in the Theater School Report. For reference only (not used): BalletArtists roster shows service starting 1901-09-01.,graduates_1900-01_p001__e016,linked,1902-03–1907-08,"No Report-stated date for this graduate, but exactly one same-named person is on record in BalletArtists (service-start 1901-09-01, active 1902-03–1907-08), plausibly close to this graduate's 1900-01 graduation -- linked at moderate confidence."
Орловъ,Алексѣй,,1900-01,Moscow,,,not_stated_in_report,Not stated in the Theater School Report. For reference only (not used): BalletArtists roster shows service starting 1901-09-01.,graduates_1900-01_p001__e017,linked,1902-03–1907-08,"All 6 BalletArtists records under this name share the same patronymic (""Владиміровичъ""). 5 of 6 seasons agree on service-start 1901-09-01, matching this graduate's 1900-01 graduation reasonably well; a single 1902-03 record shows 1900-09-01 instead, an isolated outlier -- same print-variance pattern as Печатниковъ above, not a second person. Corrected on manual review (missed in the same automated pass as Печатниковъ, same underlying cause)."
Фроловъ,Сергѣй,,1900-01,Moscow,,,not_stated_in_report,Not stated in the Theater School Report. For reference only (not used): BalletArtists roster shows service starting 1901-09-01.,graduates_1900-01_p001__e018,linked,1902-03–1907-08,"No Report-stated date for this graduate, but exactly one same-named person is on record in BalletArtists (service-start 1901-09-01, active 1902-03–1907-08), plausibly close to this graduate's 1900-01 graduation -- linked at moderate confidence."
Царманъ,Владиміръ,,1900-01,Moscow,,,not_stated_in_report,Not stated in the Theater School Report. For reference only (not used): BalletArtists roster shows service starting 1901-09-01.,graduates_1900-01_p001__e019,linked,1903-04–1904-05,"No Report-stated date for this graduate, but exactly one same-named person is on record in BalletArtists (service-start 1901-09-01, active 1903-04–1904-05), plausibly close to this graduate's 1900-01 graduation -- linked at moderate confidence."
Карсаѣина,Тамара,,1901-02,St. Petersburg,1902-06-01,St. Petersburg,report_hand_verified,,graduates_1901-02_p000__e001,no_record,,"No BalletArtists record found under this name -- may not have entered Imperial service, or entered under a form this dataset does not capture."
Кляштъ,Лидія,,1901-02,St. Petersburg,1902-06-01,St. Petersburg,report_hand_verified,,graduates_1901-02_p000__e002,no_record,,"No BalletArtists record found under this name -- may not have entered Imperial service, or entered under a form this dataset does not capture."
Лопухова,Евгенія,,1901-02,St. Petersburg,1902-06-01,St. Petersburg,report_hand_verified,,graduates_1901-02_p000__e003,linked,1902-03–1907-08,Matches this graduate's own Report-stated date (1902-06-01) against a BalletArtists person active 1902-03–1907-08 -- linked on that basis
Полякова,Елена,,1901-02,St. Petersburg,1902-06-01,St. Petersburg,report_hand_verified,,graduates_1901-02_p000__e004,linked,1902-03–1907-08,Matches this graduate's own Report-stated date (1902-06-01) against a BalletArtists person active 1902-03–1907-08 -- linked on that basis
Федорова,Александра,,1901-02,St. Petersburg,1902-06-01,St. Petersburg,report_hand_verified,,graduates_1901-02_p000__e005,linked,1904-05,Matches this graduate's own Report-stated date (1902-06-01) against a BalletArtists person active 1904-05 -- linked on that basis
Прудникова,Екатерина,,1901-02,St. Petersburg,1902-06-01,St. Petersburg,report_hand_verified,,graduates_1901-02_p000__e006,linked,1902-03–1907-08,Matches this graduate's own Report-stated date (1902-06-01) against a BalletArtists person active 1902-03–1907-08 -- linked on that basis
Чернятина,Александра,,1901-02,St. Petersburg,1902-06-01,St. Petersburg,report_hand_verified,,graduates_1901-02_p000__e007,linked,1904-05,Matches this graduate's own Report-stated date (1902-06-01) against a BalletArtists person active 1904-05 -- linked on that basis
Адріановъ,Самуилъ,,1901-02,St. Petersburg,1902-06-01,St. Petersburg,report_hand_verified,,graduates_1901-02_p000__e008,no_record,,"No BalletArtists record found under this name -- may not have entered Imperial service, or entered under a form this dataset does not capture."
Баклановъ,Петръ,,1901-02,St. Petersburg,1902-06-01,St. Petersburg,report_hand_verified,,graduates_1901-02_p000__e009,linked,1902-03–1907-08,Matches this graduate's own Report-stated date (1902-06-01) against a BalletArtists person active 1902-03–1907-08 -- linked on that basis
Іосафовъ,Николай,,1901-02,St. Petersburg,1902-06-01,St. Petersburg,report_hand_verified,,graduates_1901-02_p000__e010,linked,1902-03–1907-08,Matches this graduate's own Report-stated date (1902-06-01) against a BalletArtists person active 1902-03–1907-08 -- linked on that basis
Лазуко,Петръ,,1901-02,St. Petersburg,1902-06-01,St. Petersburg,report_hand_verified,,graduates_1901-02_p000__e011,linked,1902-03–1905-06,Matches this graduate's own Report-stated date (1902-06-01) against a BalletArtists person active 1902-03–1905-06 -- linked on that basis
Монаховъ,Александръ,,1901-02,St. Petersburg,1902-06-01,St. Petersburg,report_hand_verified,,graduates_1901-02_p000__e012,linked,1902-03–1907-08,Matches this graduate's own Report-stated date (1902-06-01) against a BalletArtists person active 1902-03–1907-08 -- linked on that basis
Чекрыгинъ,Александръ,,1901-02,St. Petersburg,1902-06-01,St. Petersburg,report_hand_verified,,graduates_1901-02_p000__e013,linked,1903-04,Matches this graduate's own Report-stated date (1902-06-01) against a BalletArtists person active 1903-04 -- linked on that basis
Станиславская,Вѣра,,1901-02,Moscow,,,not_stated_in_report,Not stated in the Theater School Report. For reference only (not used): BalletArtists roster shows service starting 1902-09-01.,graduates_1901-02_p001__e001,linked,1902-03–1907-08,"No Report-stated date for this graduate, but exactly one same-named person is on record in BalletArtists (service-start 1902-09-01, active 1902-03–1907-08), plausibly close to this graduate's 1901-02 graduation -- linked at moderate confidence."
Хомякова,Александра,,1901-02,Moscow,,,not_stated_in_report,Not stated in the Theater School Report. For reference only (not used): BalletArtists roster shows service starting 1902-09-01.,graduates_1901-02_p001__e002,linked,1902-03–1907-08,"No Report-stated date for this graduate, but exactly one same-named person is on record in BalletArtists (service-start 1902-09-01, active 1902-03–1907-08), plausibly close to this graduate's 1901-02 graduation -- linked at moderate confidence."
Ячменева,Елизавета,,1901-02,Moscow,,,not_stated_in_report,"Not stated in the Theater School Report, and no BalletArtists record found -- may not have entered Imperial service.",graduates_1901-02_p001__e003,no_record,,"No BalletArtists record found under this name -- may not have entered Imperial service, or entered under a form this dataset does not capture."
Балдина,Александра,,1902-03,St. Petersburg,1903-06-01,St. Petersburg,report_hand_verified,"Own row states no date, but the closing assignment paragraph on the same printed page states: ""съ 1-го іюня 1903 г., въ С.-Петербургскую балетную труппу."" Missed by the original extraction (same failure mode as the other report_hand_verified cohorts); read directly off the scanned page.",graduates_1902-03_p000__e001,linked,1903-04–1906-07,Matches this graduate's own Report-stated date (1903-06-01) against a BalletArtists person active 1903-04–1906-07 -- linked on that basis
Макарова,Марія,,1902-03,St. Petersburg,1903-06-01,St. Petersburg,report_hand_verified,"Own row states no date, but the closing assignment paragraph on the same printed page states: ""съ 1-го іюня 1903 г., въ С.-Петербургскую балетную труппу."" Missed by the original extraction (same failure mode as the other report_hand_verified cohorts); read directly off the scanned page.",graduates_1902-03_p000__e002,linked,1903-04–1907-08,Matches this graduate's own Report-stated date (1903-06-01) against a BalletArtists person active 1903-04–1907-08 -- linked on that basis
Петипа,Вѣра,,1902-03,St. Petersburg,1903-06-01,St. Petersburg,report_hand_verified,"Own row states no date, but the closing assignment paragraph on the same printed page states: ""съ 1-го іюня 1903 г., въ С.-Петербургскую балетную труппу."" Missed by the original extraction (same failure mode as the other report_hand_verified cohorts); read directly off the scanned page.",graduates_1902-03_p000__e003,linked,1904-05–1905-06,Matches this graduate's own Report-stated date (1903-06-01) against a BalletArtists person active 1904-05–1905-06 -- linked on that basis
Пуни,Леонтина,,1902-03,St. Petersburg,1903-06-01,St. Petersburg,report_hand_verified,"Own row states no date, but the closing assignment paragraph on the same printed page states: ""съ 1-го іюня 1903 г., въ С.-Петербургскую балетную труппу."" Missed by the original extraction (same failure mode as the other report_hand_verified cohorts); read directly off the scanned page.",graduates_1902-03_p000__e004,linked,1904-05–1907-08,Matches this graduate's own Report-stated date (1903-06-01) against a BalletArtists person active 1904-05–1907-08 -- linked on that basis
Раманова,Марія,,1902-03,St. Petersburg,1903-06-01,St. Petersburg,report_hand_verified,"Own row states no date, but the closing assignment paragraph on the same printed page states: ""съ 1-го іюня 1903 г., въ С.-Петербургскую балетную труппу."" Missed by the original extraction (same failure mode as the other report_hand_verified cohorts); read directly off the scanned page.",graduates_1902-03_p000__e005,no_record,,"No BalletArtists record found under this name -- may not have entered Imperial service, or entered under a form this dataset does not capture."
Тупицына,Ксенія,,1902-03,St. Petersburg,1903-06-01,St. Petersburg,report_hand_verified,"Own row states no date, but the closing assignment paragraph on the same printed page states: ""съ 1-го іюня 1903 г., въ С.-Петербургскую балетную труппу."" Missed by the original extraction (same failure mode as the other report_hand_verified cohorts); read directly off the scanned page.",graduates_1902-03_p000__e006,linked,1904-05–1907-08,Matches this graduate's own Report-stated date (1903-06-01) against a BalletArtists person active 1904-05–1907-08 -- linked on that basis
Яковлева,Ольга,,1902-03,St. Petersburg,1903-06-01,St. Petersburg,report_hand_verified,"Own row states no date, but the closing assignment paragraph on the same printed page states: ""съ 1-го іюня 1903 г., въ С.-Петербургскую балетную труппу."" Missed by the original extraction (same failure mode as the other report_hand_verified cohorts); read directly off the scanned page.",graduates_1902-03_p000__e007,linked,1904-05–1906-07,Matches this graduate's own Report-stated date (1903-06-01) against a BalletArtists person active 1904-05–1906-07 -- linked on that basis
Бальму,Адольфъ,,1902-03,St. Petersburg,1903-06-01,St. Petersburg,report_hand_verified,"Own row states no date, but the closing assignment paragraph on the same printed page states: ""съ 1-го іюня 1903 г., въ С.-Петербургскую балетную труппу."" Missed by the original extraction (same failure mode as the other report_hand_verified cohorts); read directly off the scanned page.",graduates_1902-03_p000__e008,no_record,,"No BalletArtists record found under this name -- may not have entered Imperial service, or entered under a form this dataset does not capture."
Кобелевъ,Константинъ,,1902-03,St. Petersburg,1903-06-01,St. Petersburg,report_hand_verified,"Own row states no date, but the closing assignment paragraph on the same printed page states: ""съ 1-го іюня 1903 г., въ С.-Петербургскую балетную труппу."" Missed by the original extraction (same failure mode as the other report_hand_verified cohorts); read directly off the scanned page.",graduates_1902-03_p000__e009,linked,1903-04–1907-08,Matches this graduate's own Report-stated date (1903-06-01) against a BalletArtists person active 1903-04–1907-08 -- linked on that basis
Кремневъ,Николай,,1902-03,St. Petersburg,1903-06-01,St. Petersburg,report_hand_verified,"Own row states no date, but the closing assignment paragraph on the same printed page states: ""съ 1-го іюня 1903 г., въ С.-Петербургскую балетную труппу."" Missed by the original extraction (same failure mode as the other report_hand_verified cohorts); read directly off the scanned page.",graduates_1902-03_p000__e010,linked,1903-04–1907-08,Matches this graduate's own Report-stated date (1903-06-01) against a BalletArtists person active 1903-04–1907-08 -- linked on that basis
Кузнецовъ,Михаилъ,,1902-03,St. Petersburg,1903-06-01,St. Petersburg,report_hand_verified,"Own row states no date, but the closing assignment paragraph on the same printed page states: ""съ 1-го іюня 1903 г., въ С.-Петербургскую балетную труппу."" Missed by the original extraction (same failure mode as the other report_hand_verified cohorts); read directly off the scanned page.",graduates_1902-03_p000__e011,linked,1903-04–1904-05,Matches this graduate's own Report-stated date (1903-06-01) against a BalletArtists person active 1903-04–1904-05 -- linked on that basis
Леонтъевъ,Леонидъ,,1902-03,St. Petersburg,1903-06-01,St. Petersburg,report_hand_verified,"Own row states no date, but the closing assignment paragraph on the same printed page states: ""съ 1-го іюня 1903 г., въ С.-Петербургскую балетную труппу."" Missed by the original extraction (same failure mode as the other report_hand_verified cohorts); read directly off the scanned page.",graduates_1902-03_p000__e012,no_record,,"No BalletArtists record found under this name -- may not have entered Imperial service, or entered under a form this dataset does not capture."
Рахмановъ,Викторъ,,1902-03,St. Petersburg,1903-06-01,St. Petersburg,report_hand_verified,"Own row states no date, but the closing assignment paragraph on the same printed page states: ""съ 1-го іюня 1903 г., въ С.-Петербургскую балетную труппу."" Missed by the original extraction (same failure mode as the other report_hand_verified cohorts); read directly off the scanned page.",graduates_1902-03_p000__e013,linked,1903-04–1906-07,Matches this graduate's own Report-stated date (1903-06-01) against a BalletArtists person active 1903-04–1906-07 -- linked on that basis
Эрлеръ,Александръ,,1902-03,St. Petersburg,1903-06-01,St. Petersburg,report_hand_verified,"Own row states no date, but the closing assignment paragraph on the same printed page states: ""съ 1-го іюня 1903 г., въ С.-Петербургскую балетную труппу."" Missed by the original extraction (same failure mode as the other report_hand_verified cohorts); read directly off the scanned page.",graduates_1902-03_p000__e014,linked,1903-04–1907-08,Matches this graduate's own Report-stated date (1903-06-01) against a BalletArtists person active 1903-04–1907-08 -- linked on that basis
Александрова,Александра,,1903-04,St. Petersburg,1904-06-01,,report_per_row,,graduates_1903-04_p000__e001,no_record,,"No BalletArtists record found under this name -- may not have entered Imperial service, or entered under a form this dataset does not capture."
Болдырева,Елизавета,,1903-04,St. Petersburg,1904-06-01,,report_per_row,,graduates_1903-04_p000__e002,linked,1904-05–1907-08,Matches this graduate's own Report-stated date (1904-06-01) against a BalletArtists person active 1904-05–1907-08 -- linked on that basis
Антонова,Вѣра,,1903-04,St. Petersburg,1904-06-01,,report_per_row,,graduates_1903-04_p000__e003,linked,1904-05,Matches this graduate's own Report-stated date (1904-06-01) against a BalletArtists person active 1904-05 -- linked on that basis
Иванова,Ираида,,1903-04,St. Petersburg,1904-06-01,,report_per_row,,graduates_1903-04_p000__e004,linked,1904-05–1907-08,Matches this graduate's own Report-stated date (1904-06-01) against a BalletArtists person active 1904-05–1907-08 -- linked on that basis
Карпова,Лидія,,1903-04,St. Petersburg,1904-06-01,,report_per_row,,graduates_1903-04_p000__e005,linked,1905-06–1907-08,Matches this graduate's own Report-stated date (1904-06-01) against a BalletArtists person active 1905-06–1907-08 -- linked on that basis
Лушкина,Евгенія,,1903-04,St. Petersburg,1904-06-01,,report_per_row,,graduates_1903-04_p000__e006,linked,1906-07–1907-08,Matches this graduate's own Report-stated date (1904-06-01) against a BalletArtists person active 1906-07–1907-08 -- linked on that basis
Людоговская,Софія,,1903-04,St. Petersburg,1904-06-01,,report_per_row,,graduates_1903-04_p000__e007,linked,1904-05,Matches this graduate's own Report-stated date (1904-06-01) against a BalletArtists person active 1904-05 -- linked on that basis
Зейфартъ,Поликсенія,,1903-04,St. Petersburg,1904-06-01,,report_per_row,,graduates_1903-04_p000__e008,no_record,,"No BalletArtists record found under this name -- may not have entered Imperial service, or entered under a form this dataset does not capture."
Потапенко,Діонисія,,1903-04,St. Petersburg,1904-06-01,,report_per_row,,graduates_1903-04_p000__e009,linked,1904-05–1906-07,Matches this graduate's own Report-stated date (1904-06-01) against a BalletArtists person active 1904-05–1906-07 -- linked on that basis
Черноруцкая,Викторія,,1903-04,St. Petersburg,1904-06-01,,report_per_row,,graduates_1903-04_p000__e010,linked,1904-05–1907-08,Matches this graduate's own Report-stated date (1904-06-01) against a BalletArtists person active 1904-05–1907-08 -- linked on that basis
Бочаровъ,Александръ,,1903-04,St. Petersburg,1904-06-01,,report_per_row,,graduates_1903-04_p000__e011,linked,1904-05–1907-08,Matches this graduate's own Report-stated date (1904-06-01) against a BalletArtists person active 1904-05–1907-08 -- linked on that basis
Гончаровъ,Павелъ,,1903-04,St. Petersburg,1904-06-01,,report_per_row,,graduates_1903-04_p000__e012,linked,1904-05–1906-07,Matches this graduate's own Report-stated date (1904-06-01) against a BalletArtists person active 1904-05–1906-07 -- linked on that basis
Дмитріевъ,Николай,,1903-04,St. Petersburg,1904-06-01,,report_per_row,,graduates_1903-04_p000__e013,linked,1904-05–1907-08,Matches this graduate's own Report-stated date (1904-06-01) against a BalletArtists person active 1904-05–1907-08 -- linked on that basis
Матятинъ,Александръ,,1903-04,St. Petersburg,1904-06-01,,report_per_row,,graduates_1903-04_p000__e014,linked,1905-06–1907-08,Matches this graduate's own Report-stated date (1904-06-01) against a BalletArtists person active 1905-06–1907-08 -- linked on that basis
Полянскій,Илья,,1903-04,St. Petersburg,1904-06-01,,report_per_row,,graduates_1903-04_p000__e015,linked,1904-05–1907-08,Matches this graduate's own Report-stated date (1904-06-01) against a BalletArtists person active 1904-05–1907-08 -- linked on that basis
Александровъ,Михаилъ,,1903-04,St. Petersburg,1904-06-01,,report_per_row,,graduates_1903-04_p000__e016,linked,1904-05,"Matches this graduate's own Report-stated date (1904-06-01) against a BalletArtists person active 1904-05 -- linked on that basis, even though 1 other distinct same-named BalletArtists appearance-cluster(s) also exist (dates too far from this graduate's own record to be considered candidates)."
Балдина,Екатерина,,1904-05,St. Petersburg,1905-06-01,,report_per_row,,graduates_1904-05_p000__e001,no_record,,"No BalletArtists record found under this name -- may not have entered Imperial service, or entered under a form this dataset does not capture."
Барашъ,Людмила,,1904-05,St. Petersburg,1905-06-01,,report_per_row,,graduates_1904-05_p000__e002,linked,1905-06–1907-08,"Matches this graduate's own Report-stated date (1905-06-01) against a BalletArtists person active 1905-06–1907-08 -- linked on that basis, even though 1 other distinct same-named BalletArtists appearance-cluster(s) also exist (dates too far from this graduate's own record to be considered candidates)."
Вельсъ,Екатерина,,1904-05,St. Petersburg,1905-06-01,,report_per_row,,graduates_1904-05_p000__e003,no_record,,"No BalletArtists record found under this name -- may not have entered Imperial service, or entered under a form this dataset does not capture."
Гиммельманъ,Анна,,1904-05,St. Petersburg,1905-06-01,,report_per_row,,graduates_1904-05_p000__e004,linked,1904-05–1907-08,Matches this graduate's own Report-stated date (1905-06-01) against a BalletArtists person active 1904-05–1907-08 -- linked on that basis
Горшкова,Марія,,1904-05,St. Petersburg,1905-06-01,,report_per_row,,graduates_1904-05_p000__e005,linked,1904-05–1907-08,Matches this graduate's own Report-stated date (1905-06-01) against a BalletArtists person active 1904-05–1907-08 -- linked on that basis
Константинова,Александра,,1904-05,St. Petersburg,1905-06-01,,report_per_row,,graduates_1904-05_p000__e006,linked,1904-05–1907-08,Matches this graduate's own Report-stated date (1905-06-01) against a BalletArtists person active 1904-05–1907-08 -- linked on that basis
Мацкевичъ,Раиса,,1904-05,St. Petersburg,1905-06-01,,report_per_row,,graduates_1904-05_p000__e007,linked,1904-05,"Matches this graduate's own Report-stated date (1905-06-01) against a BalletArtists person active 1904-05 -- linked on that basis, even though 1 other distinct same-named BalletArtists appearance-cluster(s) also exist (dates too far from this graduate's own record to be considered candidates)."
Соболева,Надежда,,1904-05,St. Petersburg,1905-06-01,,report_per_row,,graduates_1904-05_p000__e008,linked,1904-05–1905-06,Matches this graduate's own Report-stated date (1905-06-01) against a BalletArtists person active 1904-05–1905-06 -- linked on that basis
Федорова,Анна,,1904-05,St. Petersburg,1905-06-01,,report_per_row,,graduates_1904-05_p000__e009,no_record,,"No BalletArtists record found under this name -- may not have entered Imperial service, or entered under a form this dataset does not capture."
Алексѣевъ,Александръ,,1904-05,St. Petersburg,1905-06-01,,report_per_row,,graduates_1904-05_p000__e010,linked,1904-05–1907-08,Matches this graduate's own Report-stated date (1905-06-01) against a BalletArtists person active 1904-05–1907-08 -- linked on that basis
Богдановъ,Георгій,,1904-05,St. Petersburg,1905-06-01,,report_per_row,,graduates_1904-05_p000__e011,linked,1904-05–1907-08,Matches this graduate's own Report-stated date (1905-06-01) against a BalletArtists person active 1904-05–1907-08 -- linked on that basis
Лопуховъ,Федоръ,,1904-05,St. Petersburg,1905-06-01,,report_per_row,,graduates_1904-05_p000__e012,linked,1904-05,Matches this graduate's own Report-stated date (1905-06-01) against a BalletArtists person active 1904-05 -- linked on that basis
Лукьяновъ,Іліодоръ,,1904-05,St. Petersburg,1905-06-01,,report_per_row,,graduates_1904-05_p000__e013,no_record,,"No BalletArtists record found under this name -- may not have entered Imperial service, or entered under a form this dataset does not capture."
Петровъ,Михаилъ,,1904-05,St. Petersburg,1905-06-01,,report_per_row,,graduates_1904-05_p000__e014,linked,1905-06–1907-08,Matches this graduate's own Report-stated date (1905-06-01) against a BalletArtists person active 1905-06–1907-08 -- linked on that basis
Облаковъ,Николай,,1904-05,St. Petersburg,1905-06-01,,report_per_row,,graduates_1904-05_p000__e015,no_record,,"No BalletArtists record found under this name -- may not have entered Imperial service, or entered under a form this dataset does not capture."
Балашова,Александра,,1904-05,Moscow,,,not_stated_in_report,Not stated in the Theater School Report. For reference only (not used): BalletArtists roster shows service starting 1905-08-01.,graduates_1904-05_p001__e001,linked,1906-07,"No Report-stated date for this graduate, but exactly one same-named person is on record in BalletArtists (service-start 1905-08-01, active 1906-07), plausibly close to this graduate's 1904-05 graduation -- linked at moderate confidence."
Волкова,Александра,,1904-05,Moscow,,,not_stated_in_report,"Not stated in the Theater School Report, and no BalletArtists record found -- may not have entered Imperial service.",graduates_1904-05_p001__e002,no_record,,"No BalletArtists record found under this name -- may not have entered Imperial service, or entered under a form this dataset does not capture."
Долинская,Евгенія,,1904-05,Moscow,,,not_stated_in_report,"Not stated in the Theater School Report. For reference only (not used): BalletArtists shows multiple plausible dates ['1905-08-01', '1906-03-01'], ambiguous.",graduates_1904-05_p001__e003,ambiguous,,"2 distinct people appear to share this exact name in BalletArtists, and this graduate has no Report-stated date to disambiguate against -- not linked."
Мыльникова,Марія,,1904-05,Moscow,,,not_stated_in_report,Not stated in the Theater School Report. For reference only (not used): BalletArtists roster shows service starting 1905-08-01.,graduates_1904-05_p001__e004,linked,1905-06–1907-08,"No Report-stated date for this graduate, but exactly one same-named person is on record in BalletArtists (service-start 1905-08-01, active 1905-06–1907-08), plausibly close to this graduate's 1904-05 graduation -- linked at moderate confidence."
Черепанова,Анна,,1904-05,Moscow,,,not_stated_in_report,Not stated in the Theater School Report. For reference only (not used): BalletArtists roster shows service starting 1905-08-01.,graduates_1904-05_p001__e005,linked,1904-05–1907-08,"No Report-stated date for this graduate, but exactly one same-named person is on record in BalletArtists (service-start 1905-08-01, active 1904-05–1907-08), plausibly close to this graduate's 1904-05 graduation -- linked at moderate confidence."
Шелепина,Вѣра,,1904-05,Moscow,,,not_stated_in_report,Not stated in the Theater School Report. For reference only (not used): BalletArtists roster shows service starting 1905-08-01.,graduates_1904-05_p001__e006,linked,1904-05–1906-07,"No Report-stated date for this graduate, but exactly one same-named person is on record in BalletArtists (service-start 1905-08-01, active 1904-05–1906-07), plausibly close to this graduate's 1904-05 graduation -- linked at moderate confidence."
Козловъ,Алексѣй,,1904-05,Moscow,,,not_stated_in_report,Not stated in the Theater School Report. For reference only (not used): BalletArtists roster shows service starting 1905-08-01.,graduates_1904-05_p001__e007,linked,1905-06,"No Report-stated date for this graduate, but exactly one same-named person is on record in BalletArtists (service-start 1905-08-01, active 1905-06), plausibly close to this graduate's 1904-05 graduation -- linked at moderate confidence."
Костровской,Дмитрій,,1904-05,Moscow,,,not_stated_in_report,"Not stated in the Theater School Report, and no BalletArtists record found -- may not have entered Imperial service.",graduates_1904-05_p001__e008,no_record,,"No BalletArtists record found under this name -- may not have entered Imperial service, or entered under a form this dataset does not capture."
Смирновъ,Викторъ,,1904-05,Moscow,,,not_stated_in_report,Not stated in the Theater School Report. For reference only (not used): BalletArtists roster shows service starting 1905-08-01.,graduates_1904-05_p001__e009,linked,1904-05,"No Report-stated date for this graduate, but exactly one same-named person is on record in BalletArtists (service-start 1905-08-01, active 1904-05), plausibly close to this graduate's 1904-05 graduation -- linked at moderate confidence."
Федоровъ,Михаилъ,,1904-05,Moscow,,,not_stated_in_report,Not stated in the Theater School Report. For reference only (not used): BalletArtists roster shows service starting 1905-08-01.,graduates_1904-05_p001__e010,linked,1904-05–1904-05,"Two same-named people are on record in BalletArtists: one patronymic ""Викторовичъ"" whose own record documents two service periods, both starting in 1897 and 1903 -- before this graduate's 1904-05 graduation, chronologically impossible -- and one record with no patronymic given, starting 1905-08-01, matching this graduate's graduation year. Only the second is possible; linked to that record on that basis."
Домерщикова,Анна,,1905-06,St. Petersburg,1906-06-01,St. Petersburg,report_hand_verified,"Own row states no date, but the closing assignment paragraph on the same printed page states: ""съ 1-го іюня 1906 г. въ С.-Петербургскую балетную труппу."" Missed by the original extraction (same failure mode as the other report_hand_verified cohorts); read directly off the scanned page.",graduates_1905-06_p000__e001,linked,1906-07–1907-08,Matches this graduate's own Report-stated date (1906-06-01) against a BalletArtists person active 1906-07–1907-08 -- linked on that basis
Кандина,Антонина,,1905-06,St. Petersburg,1906-06-01,St. Petersburg,report_hand_verified,"Own row states no date, but the closing assignment paragraph on the same printed page states: ""съ 1-го іюня 1906 г. въ С.-Петербургскую балетную труппу."" Missed by the original extraction (same failure mode as the other report_hand_verified cohorts); read directly off the scanned page.",graduates_1905-06_p000__e002,linked,1906-07,Matches this graduate's own Report-stated date (1906-06-01) against a BalletArtists person active 1906-07 -- linked on that basis
Клечковская,Лилія,,1905-06,St. Petersburg,1906-06-01,St. Petersburg,report_hand_verified,"Own row states no date, but the closing assignment paragraph on the same printed page states: ""съ 1-го іюня 1906 г. въ С.-Петербургскую балетную труппу."" Missed by the original extraction (same failure mode as the other report_hand_verified cohorts); read directly off the scanned page.",graduates_1905-06_p000__e003,no_record,,"No BalletArtists record found under this name -- may not have entered Imperial service, or entered under a form this dataset does not capture."
Лукашевичъ,Вѣра,,1905-06,St. Petersburg,1906-06-01,St. Petersburg,report_hand_verified,"Own row states no date, but the closing assignment paragraph on the same printed page states: ""съ 1-го іюня 1906 г. въ С.-Петербургскую балетную труппу."" Missed by the original extraction (same failure mode as the other report_hand_verified cohorts); read directly off the scanned page.",graduates_1905-06_p000__e004,linked,1906-07–1907-08,Matches this graduate's own Report-stated date (1906-06-01) against a BalletArtists person active 1906-07–1907-08 -- linked on that basis
Миронникова,Зинаида,,1905-06,St. Petersburg,1906-06-01,St. Petersburg,report_hand_verified,"Own row states no date, but the closing assignment paragraph on the same printed page states: ""съ 1-го іюня 1906 г. въ С.-Петербургскую балетную труппу."" Missed by the original extraction (same failure mode as the other report_hand_verified cohorts); read directly off the scanned page.",graduates_1905-06_p000__e005,linked,1907-08,Matches this graduate's own Report-stated date (1906-06-01) against a BalletArtists person active 1907-08 -- linked on that basis
Неслуховская,Инна,,1905-06,St. Petersburg,1906-06-01,St. Petersburg,report_hand_verified,"Own row states no date, but the closing assignment paragraph on the same printed page states: ""съ 1-го іюня 1906 г. въ С.-Петербургскую балетную труппу."" Missed by the original extraction (same failure mode as the other report_hand_verified cohorts); read directly off the scanned page.",graduates_1905-06_p000__e006,no_record,,"No BalletArtists record found under this name -- may not have entered Imperial service, or entered under a form this dataset does not capture."
Нестеровская,Антонина,,1905-06,St. Petersburg,1906-06-01,St. Petersburg,report_hand_verified,"Own row states no date, but the closing assignment paragraph on the same printed page states: ""съ 1-го іюня 1906 г. въ С.-Петербургскую балетную труппу."" Missed by the original extraction (same failure mode as the other report_hand_verified cohorts); read directly off the scanned page.",graduates_1905-06_p000__e007,linked,1906-07,Matches this graduate's own Report-stated date (1906-06-01) against a BalletArtists person active 1906-07 -- linked on that basis
Смирнова,Елена,,1905-06,St. Petersburg,1906-06-01,St. Petersburg,report_hand_verified,"Own row states no date, but the closing assignment paragraph on the same printed page states: ""съ 1-го іюня 1906 г. въ С.-Петербургскую балетную труппу."" Missed by the original extraction (same failure mode as the other report_hand_verified cohorts); read directly off the scanned page.",graduates_1905-06_p000__e008,linked,1906-07–1907-08,Matches this graduate's own Report-stated date (1906-06-01) against a BalletArtists person active 1906-07–1907-08 -- linked on that basis
Шолларъ,Людмила,,1905-06,St. Petersburg,1906-06-01,St. Petersburg,report_hand_verified,"Own row states no date, but the closing assignment paragraph on the same printed page states: ""съ 1-го іюня 1906 г. въ С.-Петербургскую балетную труппу."" Missed by the original extraction (same failure mode as the other report_hand_verified cohorts); read directly off the scanned page.",graduates_1905-06_p000__e009,linked,1906-07–1907-08,Matches this graduate's own Report-stated date (1906-06-01) against a BalletArtists person active 1906-07–1907-08 -- linked on that basis
Чупятова,Лидія,,1905-06,St. Petersburg,1906-06-01,St. Petersburg,report_hand_verified,"Own row states no date, but the closing assignment paragraph on the same printed page states: ""съ 1-го іюня 1906 г. въ С.-Петербургскую балетную труппу."" Missed by the original extraction (same failure mode as the other report_hand_verified cohorts); read directly off the scanned page.",graduates_1905-06_p000__e010,no_record,,"No BalletArtists record found under this name -- may not have entered Imperial service, or entered under a form this dataset does not capture."
Бабичъ,Георгій,,1905-06,St. Petersburg,1906-06-01,St. Petersburg,report_hand_verified,"Own row states no date, but the closing assignment paragraph on the same printed page states: ""съ 1-го іюня 1906 г. въ С.-Петербургскую балетную труппу."" Missed by the original extraction (same failure mode as the other report_hand_verified cohorts); read directly off the scanned page.",graduates_1905-06_p000__e011,linked,1906-07–1907-08,Matches this graduate's own Report-stated date (1906-06-01) against a BalletArtists person active 1906-07–1907-08 -- linked on that basis
Бурманъ,Анатолій,,1905-06,St. Petersburg,1906-06-01,St. Petersburg,report_hand_verified,"Own row states no date, but the closing assignment paragraph on the same printed page states: ""съ 1-го іюня 1906 г. въ С.-Петербургскую балетную труппу."" Missed by the original extraction (same failure mode as the other report_hand_verified cohorts); read directly off the scanned page.",graduates_1905-06_p000__e012,no_record,,"No BalletArtists record found under this name -- may not have entered Imperial service, or entered under a form this dataset does not capture."
Ивановъ,Александръ,,1905-06,St. Petersburg,1906-06-01,St. Petersburg,report_hand_verified,"Own row states no date, but the closing assignment paragraph on the same printed page states: ""съ 1-го іюня 1906 г. въ С.-Петербургскую балетную труппу."" Missed by the original extraction (same failure mode as the other report_hand_verified cohorts); read directly off the scanned page. Cross-checked against BalletArtists: disagrees, and likely a different person. A same-named Александр Иванов appears once in BalletArtists (1905-06 season only) with a service-start date of 1896-05-01 -- a 10-year gap from this graduate's 1906 graduation, and ""Ивановъ"" is common enough that a coincidental name match is far more likely than the same real person. Kept the Report's own date.",graduates_1905-06_p000__e013,unlikely_match,,"BalletArtists has 1 same-named person(s) on record, but none with a service-start date near this graduate's own Report-stated date (1906-06-01) -- closest is 1896-05-01. Likely a different, same-named person; not linked."
Исаевъ,Николай,,1905-06,St. Petersburg,1906-06-01,St. Petersburg,report_hand_verified,"Own row states no date, but the closing assignment paragraph on the same printed page states: ""съ 1-го іюня 1906 г. въ С.-Петербургскую балетную труппу."" Missed by the original extraction (same failure mode as the other report_hand_verified cohorts); read directly off the scanned page.",graduates_1905-06_p000__e014,linked,1906-07–1907-08,Matches this graduate's own Report-stated date (1906-06-01) against a BalletArtists person active 1906-07–1907-08 -- linked on that basis
Потанинъ,Александръ,,1905-06,St. Petersburg,1906-06-01,St. Petersburg,report_hand_verified,"Own row states no date, but the closing assignment paragraph on the same printed page states: ""съ 1-го іюня 1906 г. въ С.-Петербургскую балетную труппу."" Missed by the original extraction (same failure mode as the other report_hand_verified cohorts); read directly off the scanned page.",graduates_1905-06_p000__e015,linked,1906-07–1907-08,Matches this graduate's own Report-stated date (1906-06-01) against a BalletArtists person active 1906-07–1907-08 -- linked on that basis
Алексѣевцева,Валерія,,1905-06,Moscow,,,not_stated_in_report,Not stated in the Theater School Report. For reference only (not used): BalletArtists roster shows service starting 1906-08-01.,graduates_1905-06_p001__e001,linked,1906-07–1907-08,"No Report-stated date for this graduate, but exactly one same-named person is on record in BalletArtists (service-start 1906-08-01, active 1906-07–1907-08), plausibly close to this graduate's 1905-06 graduation -- linked at moderate confidence."
Андерсонъ,Елизавета,,1905-06,Moscow,,,not_stated_in_report,"Not stated in the Theater School Report. For reference only (not used): BalletArtists shows multiple plausible dates ['1906-03-01', '1906-08-01'], ambiguous.",graduates_1905-06_p001__e002,ambiguous,,"2 distinct people appear to share this exact name in BalletArtists, and this graduate has no Report-stated date to disambiguate against -- not linked."
Васильева,Маргарита,,1905-06,Moscow,,,not_stated_in_report,Not stated in the Theater School Report. For reference only (not used): BalletArtists roster shows service starting 1906-08-01.,graduates_1905-06_p001__e003,linked,1905-06–1907-08,"No Report-stated date for this graduate, but exactly one same-named person is on record in BalletArtists (service-start 1906-08-01, active 1905-06–1907-08), plausibly close to this graduate's 1905-06 graduation -- linked at moderate confidence."
Вишнякова,Марія,,1905-06,Moscow,,,not_stated_in_report,Not stated in the Theater School Report. For reference only (not used): BalletArtists roster shows service starting 1906-08-01.,graduates_1905-06_p001__e004,linked,1906-07–1907-08,"No Report-stated date for this graduate, but exactly one same-named person is on record in BalletArtists (service-start 1906-08-01, active 1906-07–1907-08), plausibly close to this graduate's 1905-06 graduation -- linked at moderate confidence."
Голейзовская,Надежда,,1905-06,Moscow,,,not_stated_in_report,"Not stated in the Theater School Report, and no BalletArtists record found -- may not have entered Imperial service.",graduates_1905-06_p001__e005,no_record,,"No BalletArtists record found under this name -- may not have entered Imperial service, or entered under a form this dataset does not capture."
Каралли,Вѣра,,1905-06,Moscow,,,not_stated_in_report,Not stated in the Theater School Report. For reference only (not used): BalletArtists roster shows service starting 1906-08-01.,graduates_1905-06_p001__e006,linked,1906-07,"No Report-stated date for this graduate, but exactly one same-named person is on record in BalletArtists (service-start 1906-08-01, active 1906-07), plausibly close to this graduate's 1905-06 graduation -- linked at moderate confidence."
Мосолова,Зинаида,,1905-06,Moscow,,,not_stated_in_report,Not stated in the Theater School Report. For reference only (not used): BalletArtists roster shows service starting 1906-08-01.,graduates_1905-06_p001__e007,linked,1905-06,"No Report-stated date for this graduate, but exactly one same-named person is on record in BalletArtists (service-start 1906-08-01, active 1905-06), plausibly close to this graduate's 1905-06 graduation -- linked at moderate confidence."
Мухина,Надежда,,1905-06,Moscow,,,not_stated_in_report,Not stated in the Theater School Report. For reference only (not used): BalletArtists roster shows service starting 1906-08-01.,graduates_1905-06_p001__e008,linked,1906-07–1907-08,"No Report-stated date for this graduate, but exactly one same-named person is on record in BalletArtists (service-start 1906-08-01, active 1906-07–1907-08), plausibly close to this graduate's 1905-06 graduation -- linked at moderate confidence."
Лащилинъ,Левъ,,1905-06,Moscow,,,not_stated_in_report,Not stated in the Theater School Report. For reference only (not used): BalletArtists roster shows service starting 1906-08-01.,graduates_1905-06_p001__e009,linked,1906-07–1907-08,"No Report-stated date for this graduate, but exactly one same-named person is on record in BalletArtists (service-start 1906-08-01, active 1906-07–1907-08), plausibly close to this graduate's 1905-06 graduation -- linked at moderate confidence."
Новиковъ,Лаврентій,,1905-06,Moscow,,,not_stated_in_report,Not stated in the Theater School Report. For reference only (not used): BalletArtists roster shows service starting 1906-08-01.,graduates_1905-06_p001__e010,linked,1906-07,"No Report-stated date for this graduate, but exactly one same-named person is on record in BalletArtists (service-start 1906-08-01, active 1906-07), plausibly close to this graduate's 1905-06 graduation -- linked at moderate confidence."
Савицкій,Михаилъ,,1905-06,Moscow,,,not_stated_in_report,Not stated in the Theater School Report. For reference only (not used): BalletArtists roster shows service starting 1906-08-01.,graduates_1905-06_p001__e011,linked,1907-08–1907-08,"Two records under this exact name (both patronymic ""Ивановичъ"") are on record in BalletArtists: one starting 1900-08-01 -- 6 years before this graduate's 1905-06 graduation, chronologically impossible for him regardless of whether it's the same real person or a different one -- and one starting 1906-08-01, matching this graduate's graduation year. Only the second can be this graduate; linked to it on that basis."
Щербининъ,Борисъ,,1905-06,Moscow,,,not_stated_in_report,Not stated in the Theater School Report. For reference only (not used): BalletArtists roster shows service starting 1906-08-01.,graduates_1905-06_p001__e012,linked,1906-07–1907-08,"No Report-stated date for this graduate, but exactly one same-named person is on record in BalletArtists (service-start 1906-08-01, active 1906-07–1907-08), plausibly close to this graduate's 1905-06 graduation -- linked at moderate confidence."
Власова,Ольга,,1906-07,St. Petersburg,1907-06-01,St. Petersburg,report_hand_verified,"Own row states no date, but the closing assignment paragraph on the same printed page states: ""съ 1-го іюня 1907 г. въ С.-Петербургскую балетную труппу."" Missed by the original extraction (same failure mode as the other report_hand_verified cohorts); read directly off the scanned page.",graduates_1906-07_p000__e001,linked,1907-08,Matches this graduate's own Report-stated date (1907-06-01) against a BalletArtists person active 1907-08 -- linked on that basis
Коржавина,Евгенія,,1906-07,St. Petersburg,1907-06-01,St. Petersburg,report_hand_verified,"Own row states no date, but the closing assignment paragraph on the same printed page states: ""съ 1-го іюня 1907 г. въ С.-Петербургскую балетную труппу."" Missed by the original extraction (same failure mode as the other report_hand_verified cohorts); read directly off the scanned page.",graduates_1906-07_p000__e002,no_record,,"No BalletArtists record found under this name -- may not have entered Imperial service, or entered under a form this dataset does not capture."
Леонтьева,Марія,,1906-07,St. Petersburg,1907-06-01,St. Petersburg,report_hand_verified,"Own row states no date, but the closing assignment paragraph on the same printed page states: ""съ 1-го іюня 1907 г. въ С.-Петербургскую балетную труппу."" Missed by the original extraction (same failure mode as the other report_hand_verified cohorts); read directly off the scanned page.",graduates_1906-07_p000__e003,linked,1907-08,Matches this graduate's own Report-stated date (1907-06-01) against a BalletArtists person active 1907-08 -- linked on that basis
Легать,Александра,,1906-07,St. Petersburg,1907-06-01,St. Petersburg,report_hand_verified,"Own row states no date, but the closing assignment paragraph on the same printed page states: ""съ 1-го іюня 1907 г. въ С.-Петербургскую балетную труппу."" Missed by the original extraction (same failure mode as the other report_hand_verified cohorts); read directly off the scanned page.",graduates_1906-07_p000__e004,linked,1907-08,Matches this graduate's own Report-stated date (1907-06-01) against a BalletArtists person active 1907-08 -- linked on that basis
Неслуховская,Нина,,1906-07,St. Petersburg,1907-06-01,St. Petersburg,report_hand_verified,"Own row states no date, but the closing assignment paragraph on the same printed page states: ""съ 1-го іюня 1907 г. въ С.-Петербургскую балетную труппу."" Missed by the original extraction (same failure mode as the other report_hand_verified cohorts); read directly off the scanned page.",graduates_1906-07_p000__e005,no_record,,"No BalletArtists record found under this name -- may not have entered Imperial service, or entered under a form this dataset does not capture."
Николаидисъ,Ольга,,1906-07,St. Petersburg,1907-06-01,St. Petersburg,report_hand_verified,"Own row states no date, but the closing assignment paragraph on the same printed page states: ""съ 1-го іюня 1907 г. въ С.-Петербургскую балетную труппу."" Missed by the original extraction (same failure mode as the other report_hand_verified cohorts); read directly off the scanned page.",graduates_1906-07_p000__e006,linked,1907-08,Matches this graduate's own Report-stated date (1907-06-01) against a BalletArtists person active 1907-08 -- linked on that basis
Пюманъ,Зинаида,,1906-07,St. Petersburg,1907-06-01,St. Petersburg,report_hand_verified,"Own row states no date, but the closing assignment paragraph on the same printed page states: ""съ 1-го іюня 1907 г. въ С.-Петербургскую балетную труппу."" Missed by the original extraction (same failure mode as the other report_hand_verified cohorts); read directly off the scanned page.",graduates_1906-07_p000__e007,no_record,,"No BalletArtists record found under this name -- may not have entered Imperial service, or entered under a form this dataset does not capture."
Соболева,Лидія,,1906-07,St. Petersburg,1907-06-01,St. Petersburg,report_hand_verified,"Own row states no date, but the closing assignment paragraph on the same printed page states: ""съ 1-го іюня 1907 г. въ С.-Петербургскую балетную труппу."" Missed by the original extraction (same failure mode as the other report_hand_verified cohorts); read directly off the scanned page.",graduates_1906-07_p000__e008,linked,1907-08,Matches this graduate's own Report-stated date (1907-06-01) against a BalletArtists person active 1907-08 -- linked on that basis
Ширяева,Лидія,,1906-07,St. Petersburg,1907-06-01,St. Petersburg,report_hand_verified,"Own row states no date, but the closing assignment paragraph on the same printed page states: ""съ 1-го іюня 1907 г. въ С.-Петербургскую балетную труппу."" Missed by the original extraction (same failure mode as the other report_hand_verified cohorts); read directly off the scanned page.",graduates_1906-07_p000__e009,linked,1907-08,Matches this graduate's own Report-stated date (1907-06-01) against a BalletArtists person active 1907-08 -- linked on that basis
Бочаровъ,Владиміръ,,1906-07,St. Petersburg,1907-06-01,St. Petersburg,report_hand_verified,"Own row states no date, but the closing assignment paragraph on the same printed page states: ""съ 1-го іюня 1907 г. въ С.-Петербургскую балетную труппу."" Missed by the original extraction (same failure mode as the other report_hand_verified cohorts); read directly off the scanned page.",graduates_1906-07_p000__e010,no_record,,"No BalletArtists record found under this name -- may not have entered Imperial service, or entered under a form this dataset does not capture."
Гончаровъ,Леонидъ,,1906-07,St. Petersburg,1907-06-01,St. Petersburg,report_hand_verified,"Own row states no date, but the closing assignment paragraph on the same printed page states: ""съ 1-го іюня 1907 г. въ С.-Петербургскую балетную труппу."" Missed by the original extraction (same failure mode as the other report_hand_verified cohorts); read directly off the scanned page.",graduates_1906-07_p000__e011,no_record,,"No BalletArtists record found under this name -- may not have entered Imperial service, or entered under a form this dataset does not capture."
Наусинскій,Вацлавъ,,1906-07,St. Petersburg,1907-06-01,St. Petersburg,report_hand_verified,"Own row states no date, but the closing assignment paragraph on the same printed page states: ""съ 1-го іюня 1907 г. въ С.-Петербургскую балетную труппу."" Missed by the original extraction (same failure mode as the other report_hand_verified cohorts); read directly off the scanned page.",graduates_1906-07_p000__e012,no_record,,"No BalletArtists record found under this name -- may not have entered Imperial service, or entered under a form this dataset does not capture."
Розай,Георгій,,1906-07,St. Petersburg,1907-06-01,St. Petersburg,report_hand_verified,"Own row states no date, but the closing assignment paragraph on the same printed page states: ""съ 1-го іюня 1907 г. въ С.-Петербургскую балетную труппу."" Missed by the original extraction (same failure mode as the other report_hand_verified cohorts); read directly off the scanned page.",graduates_1906-07_p000__e013,no_record,,"No BalletArtists record found under this name -- may not have entered Imperial service, or entered under a form this dataset does not capture."
Хрисхайсонъ,Андрей,,1906-07,St. Petersburg,1907-06-01,St. Petersburg,report_hand_verified,"Own row states no date, but the closing assignment paragraph on the same printed page states: ""съ 1-го іюня 1907 г. въ С.-Петербургскую балетную труппу."" Missed by the original extraction (same failure mode as the other report_hand_verified cohorts); read directly off the scanned page.",graduates_1906-07_p000__e014,no_record,,"No BalletArtists record found under this name -- may not have entered Imperial service, or entered under a form this dataset does not capture."
Эрлеръ,Алексѣй,,1906-07,St. Petersburg,1907-06-01,St. Petersburg,report_hand_verified,"Own row states no date, but the closing assignment paragraph on the same printed page states: ""съ 1-го іюня 1907 г. въ С.-Петербургскую балетную труппу."" Missed by the original extraction (same failure mode as the other report_hand_verified cohorts); read directly off the scanned page.",graduates_1906-07_p000__e015,no_record,,"No BalletArtists record found under this name -- may not have entered Imperial service, or entered under a form this dataset does not capture."
